scenario_id,model,mean_missing_s,seed,dropout_probability,run_directory,complete,collision,end_reason,duration_s,first_collision_s,collision_ego_speed_mps,collision_relative_speed_mps,minimum_distance_m,minimum_gap_m,minimum_ttc_s,first_deceleration_s,minimum_acceleration_mps2,ego_final_speed_mps,sensor_frames,raw_detections,dropped_detections,realized_dropout_rate,longest_missing_frames,longest_missing_s,model_missing_fraction,longest_model_missing_frames,close_gap_stop_requested
1549178,ideal,,,0,source_batch/1549178/ideal,True,False,duration,9.999999999999831,,,,5.7208571332710365,5.720857133271039,2.6107048029453224,0,-4.111297603751396,1.6931299821433736,200,200,0,0,0,0,,,False
1549178,iid,,0,0.1,source_batch/1549178/iid/seed0,True,False,duration,9.999999999999831,,,,5.3384390525557315,5.3384390525557315,2.1010498960883974,0,-7.042802253135072,1.4782202906130393,200,200,25,0.125,3,0.15000000000000002,,,False
1549178,iid,,1,0.1,source_batch/1549178/iid/seed1,True,False,duration,9.999999999999831,,,,5.071823463389109,5.07182346338911,2.267996730479883,0,-5.82130730935031,1.7705485947690027,200,200,21,0.105,2,0.1,,,False
1549178,iid,,2,0.1,source_batch/1549178/iid/seed2,True,False,duration,9.999999999999831,,,,5.563411233804171,5.563411233804171,2.513371327074258,0,-4.857186700055394,1.616653784039513,200,200,15,0.075,2,0.1,,,False
1549178,iid,,3,0.1,source_batch/1549178/iid/seed3,True,False,duration,9.999999999999831,,,,4.865980042572609,4.865980042572611,2.2456006347298283,0,-5.727348840239621,2.158937614225918,200,200,30,0.15,3,0.15000000000000002,,,False
1549178,iid,,4,0.1,source_batch/1549178/iid/seed4,True,False,duration,9.999999999999831,,,,5.078398953881002,5.078398953881004,2.3084166086097158,0,-5.809308528887058,1.2388433173895859,200,200,26,0.13,3,0.15000000000000002,,,False
1549178,iid,,5,0.1,source_batch/1549178/iid/seed5,True,False,duration,9.999999999999831,,,,5.082901000676088,5.082901000676088,2.0706665761633443,0,-6.319552263586292,1.5635384659978433,200,200,19,0.095,1,0.05,,,False
1549178,iid,,6,0.1,source_batch/1549178/iid/seed6,True,False,duration,9.999999999999831,,,,5.162207261957733,5.162207261957736,2.1009477229869065,0,-6.8264933932908,1.302350783220529,200,200,21,0.105,2,0.1,,,False
1549178,iid,,7,0.1,source_batch/1549178/iid/seed7,True,False,duration,9.999999999999831,,,,5.365706708993274,5.365706708993276,2.4100563925049463,0,-5.053779589599472,1.471425855762058,200,200,18,0.09,1,0.05,,,False
1549178,iid,,8,0.1,source_batch/1549178/iid/seed8,True,False,duration,9.999999999999831,,,,5.476649772310181,5.476649772310182,2.1575523359595796,0,-6.236596452925003,1.6506957710117145,200,200,22,0.11,2,0.1,,,False
1549178,iid,,9,0.1,source_batch/1549178/iid/seed9,True,False,duration,9.999999999999831,,,,5.214060937502887,5.214060937502888,2.3192492206760407,0,-4.938965841419929,1.6546925240951582,200,200,18,0.09,2,0.1,,,False
1549178,iid,,10,0.1,source_batch/1549178/iid/seed10,True,False,duration,9.999999999999831,,,,5.349785102182857,5.349785102182858,2.62457940922153,0,-4.470381361306464,1.780190507589166,200,200,15,0.075,2,0.1,,,False
1549178,iid,,11,0.1,source_batch/1549178/iid/seed11,True,False,duration,9.999999999999831,,,,5.179536634287646,5.179536634287649,2.1970533396482326,0,-5.949237914634775,1.4852372373737537,200,200,29,0.145,2,0.1,,,False
1549178,iid,,12,0.1,source_batch/1549178/iid/seed12,True,False,duration,9.999999999999831,,,,5.21490855868474,5.214908558684741,2.23284572929002,0,-5.292719766190412,1.3915394944677606,200,200,20,0.1,2,0.1,,,False
1549178,iid,,13,0.1,source_batch/1549178/iid/seed13,True,False,duration,9.999999999999831,,,,5.466647787492222,5.466647787492223,2.0382537044739566,0,-7.08048397119132,1.5070072792531028,200,200,22,0.11,2,0.1,,,False
1549178,iid,,14,0.1,source_batch/1549178/iid/seed14,True,False,duration,9.999999999999831,,,,5.302882422718246,5.302882422718248,2.122691998056375,0,-7.256595212941708,1.4779067636717904,200,200,27,0.135,3,0.15000000000000002,,,False
1549178,iid,,15,0.1,source_batch/1549178/iid/seed15,True,False,duration,9.999999999999831,,,,5.502261453822554,5.502261453822552,2.5476736951874317,0,-4.212249630034748,1.845123086190983,200,200,16,0.08,1,0.05,,,False
1549178,iid,,16,0.1,source_batch/1549178/iid/seed16,True,False,duration,9.999999999999831,,,,5.517412418602632,5.517412418602634,2.2996669375208794,0,-5.688762890314081,1.6319013574032393,200,200,17,0.085,2,0.1,,,False
1549178,iid,,17,0.1,source_batch/1549178/iid/seed17,True,False,duration,9.999999999999831,,,,5.285278242138247,5.285278242138247,2.2432796074422052,0,-5.271418227699343,1.5555078774721323,200,200,19,0.095,1,0.05,,,False
1549178,iid,,18,0.1,source_batch/1549178/iid/seed18,True,False,duration,9.999999999999831,,,,5.02524163861134,5.025241638611341,1.9840860680777883,0.05,-6.71354429152613,1.713972169641346,200,200,31,0.155,2,0.1,,,False
1549178,iid,,19,0.1,source_batch/1549178/iid/seed19,True,False,duration,9.999999999999831,,,,5.249984176897612,5.2499841768976125,2.46055263389417,0,-4.9415896300044615,1.8585923159719804,200,200,18,0.09,3,0.15000000000000002,,,False
1549178,iid,,20,0.1,source_batch/1549178/iid/seed20,True,False,duration,9.999999999999831,,,,5.416733233995603,5.416733233995604,2.1845010487486936,0,-5.588989588506088,1.5555884544192695,200,200,16,0.08,1,0.05,,,False
1549178,iid,,21,0.1,source_batch/1549178/iid/seed21,True,False,duration,9.999999999999831,,,,5.597399374632264,5.597399374632266,2.3506080159658422,0,-4.643185087791135,1.5769169946411055,200,200,11,0.055,2,0.1,,,False
1549178,iid,,22,0.1,source_batch/1549178/iid/seed22,True,False,duration,9.999999999999831,,,,5.121699158368391,5.1216991583683935,2.2371936585599235,0,-5.350300656790363,1.2724636743606916,200,200,22,0.11,2,0.1,,,False
1549178,iid,,23,0.1,source_batch/1549178/iid/seed23,True,False,duration,9.999999999999831,,,,5.4314815523283855,5.4314815523283855,2.194914163463247,0,-6.255437620952176,1.5582024169449606,200,200,18,0.09,2,0.1,,,False
1549178,iid,,24,0.1,source_batch/1549178/iid/seed24,True,False,duration,9.999999999999831,,,,4.935838367339678,4.935838367339677,2.174456376997697,0.05,-5.798286051584789,1.3042610734194944,200,200,23,0.115,1,0.05,,,False
1549178,iid,,25,0.1,source_batch/1549178/iid/seed25,True,False,duration,9.999999999999831,,,,5.210851253949258,5.210851253949258,2.5868401743445752,0,-4.484850477275515,1.5477869159457547,200,200,16,0.08,2,0.1,,,False
1549178,iid,,26,0.1,source_batch/1549178/iid/seed26,True,False,duration,9.999999999999831,,,,5.138967448271318,5.13896744827132,2.562011467240255,0,-4.967993071417709,1.316247469666798,200,200,21,0.105,2,0.1,,,False
1549178,iid,,27,0.1,source_batch/1549178/iid/seed27,True,False,duration,9.999999999999831,,,,5.207153941329911,5.2071539413299135,2.112807855854747,0,-6.925711984695404,1.7403059289341152,200,200,29,0.145,3,0.15000000000000002,,,False
1549178,iid,,28,0.1,source_batch/1549178/iid/seed28,True,False,duration,9.999999999999831,,,,5.559056054688313,5.5590560546883125,2.3711880674540167,0.05,-5.2100345034158835,1.5750174443561424,200,200,13,0.065,2,0.1,,,False
1549178,iid,,29,0.1,source_batch/1549178/iid/seed29,True,False,duration,9.999999999999831,,,,4.68673990640119,4.686739906401192,1.9628503038002083,0,-7.060265202960103,1.3269768072652284,200,200,25,0.125,2,0.1,,,False
1549178,iid,,30,0.1,source_batch/1549178/iid/seed30,True,False,duration,9.999999999999831,,,,5.477469476807517,5.477469476807517,2.360667539289243,0,-5.293116581631541,2.144533560310712,200,200,18,0.09,1,0.05,,,False
1549178,iid,,31,0.1,source_batch/1549178/iid/seed31,True,False,duration,9.999999999999831,,,,5.496249780016447,5.4962497800164485,2.1084956217700745,0,-6.569644917560424,1.571976854797516,200,200,19,0.095,3,0.15000000000000002,,,False
1549178,iid,,32,0.1,source_batch/1549178/iid/seed32,True,False,duration,9.999999999999831,,,,5.4602159617780766,5.460215961778077,2.4571362317899923,0,-5.236666402410872,1.7536692811740306,200,200,24,0.12,2,0.1,,,False
1549178,iid,,33,0.1,source_batch/1549178/iid/seed33,True,False,duration,9.999999999999831,,,,5.451257255068934,5.451257255068935,2.4950672379223087,0,-4.544086333345643,1.547756225681267,200,200,14,0.07,1,0.05,,,False
1549178,iid,,34,0.1,source_batch/1549178/iid/seed34,True,False,duration,9.999999999999831,,,,5.058810380860298,5.058810380860299,1.6797423065228092,0,-9.390999268985833,1.3510972984695488,200,200,24,0.12,3,0.15000000000000002,,,False
1549178,iid,,35,0.1,source_batch/1549178/iid/seed35,True,False,duration,9.999999999999831,,,,5.096390613091718,5.096390613091719,2.3378144725145464,0,-5.25423845375963,2.1799807782052336,200,200,24,0.12,3,0.15000000000000002,,,False
1549178,iid,,36,0.1,source_batch/1549178/iid/seed36,True,False,duration,9.999999999999831,,,,5.324575919890702,5.3245759198907,2.628154389599784,0,-4.5588305543583285,1.5299195795084735,200,200,17,0.085,1,0.05,,,False
1549178,iid,,37,0.1,source_batch/1549178/iid/seed37,True,False,duration,9.999999999999831,,,,5.344819005283635,5.344819005283638,2.3926992361421275,0.05,-5.191944212466293,1.475243205366258,200,200,19,0.095,2,0.1,,,False
1549178,iid,,38,0.1,source_batch/1549178/iid/seed38,True,False,duration,9.999999999999831,,,,5.448644368168005,5.448644368168006,2.184724691507707,0.05,-6.005349456964293,1.6818252267394804,200,200,21,0.105,1,0.05,,,False
1549178,iid,,39,0.1,source_batch/1549178/iid/seed39,True,False,duration,9.999999999999831,,,,5.683251202669593,5.683251202669595,2.4226041948727555,0,-4.902302189147267,1.6272335879817308,200,200,13,0.065,1,0.05,,,False
1549178,iid,,40,0.1,source_batch/1549178/iid/seed40,True,False,duration,9.999999999999831,,,,5.505315104965311,5.505315104965309,2.2948867037421428,0,-4.910711798402723,1.5773644285717963,200,200,17,0.085,2,0.1,,,False
1549178,iid,,41,0.1,source_batch/1549178/iid/seed41,True,False,duration,9.999999999999831,,,,5.037248602189828,5.037248602189829,2.0258378244828434,0,-7.273554830594797,1.8144163432918385,200,200,28,0.14,2,0.1,,,False
1549178,iid,,42,0.1,source_batch/1549178/iid/seed42,True,False,duration,9.999999999999831,,,,5.205868365665845,5.205868365665845,2.1238038116215865,0,-6.66797024589334,1.6543166402810425,200,200,26,0.13,2,0.1,,,False
1549178,iid,,43,0.1,source_batch/1549178/iid/seed43,True,False,duration,9.999999999999831,,,,5.618058703767946,5.618058703767948,2.415042081121543,0,-5.485842715711886,1.5821530864776714,200,200,14,0.07,2,0.1,,,False
1549178,iid,,44,0.1,source_batch/1549178/iid/seed44,True,False,duration,9.999999999999831,,,,4.879901726492053,4.879901726492054,2.6342580819953034,0,-4.301890896581906,1.4182450457723341,200,200,24,0.12,1,0.05,,,False
1549178,iid,,45,0.1,source_batch/1549178/iid/seed45,True,False,duration,9.999999999999831,,,,5.140125243512932,5.140125243512934,2.180471224235886,0,-5.862093763730236,1.2869669671946862,200,200,24,0.12,3,0.15000000000000002,,,False
1549178,iid,,46,0.1,source_batch/1549178/iid/seed46,True,False,duration,9.999999999999831,,,,5.549588756596338,5.549588756596339,2.0446739792096444,0,-7.167763472252808,1.7303094093055607,200,200,18,0.09,1,0.05,,,False
1549178,iid,,47,0.1,source_batch/1549178/iid/seed47,True,False,duration,9.999999999999831,,,,5.272193115742993,5.2721931157429935,2.4202921696773783,0,-5.531175980565717,1.6820004092134258,200,200,21,0.105,3,0.15000000000000002,,,False
1549178,iid,,48,0.1,source_batch/1549178/iid/seed48,True,False,duration,9.999999999999831,,,,5.366554717239527,5.366554717239529,2.3387184298773103,0,-4.7993652292671385,1.808202114792207,200,200,16,0.08,1,0.05,,,False
1549178,iid,,49,0.1,source_batch/1549178/iid/seed49,True,False,duration,9.999999999999831,,,,5.191188549455221,5.191188549455223,2.3646402242801403,0,-5.827459722372996,1.3255691394876528,200,200,26,0.13,2,0.1,,,False
1549178,iid,,50,0.1,source_batch/1549178/iid/seed50,True,False,duration,9.999999999999831,,,,5.008150366029397,5.008150366029398,2.2754312872144453,0,-5.39433655815067,1.7646452444320462,200,200,26,0.13,2,0.1,,,False
1549178,iid,,51,0.1,source_batch/1549178/iid/seed51,True,False,duration,9.999999999999831,,,,5.353304997218096,5.353304997218096,2.172152545564301,0,-6.606651964465282,1.5861658006901176,200,200,19,0.095,2,0.1,,,False
1549178,iid,,52,0.1,source_batch/1549178/iid/seed52,True,False,duration,9.999999999999831,,,,5.4033038463953496,5.403303846395351,2.144320774250851,0,-5.669761000546281,1.515477667228765,200,200,14,0.07,2,0.1,,,False
1549178,iid,,53,0.1,source_batch/1549178/iid/seed53,True,False,duration,9.999999999999831,,,,5.462738542874088,5.46273854287409,2.386573964381935,0,-4.4843459479444014,1.502757658661193,200,200,19,0.095,2,0.1,,,False
1549178,iid,,54,0.1,source_batch/1549178/iid/seed54,True,False,duration,9.999999999999831,,,,4.952736165851801,4.952736165851801,2.208866572116096,0,-5.910835483056953,1.5450427710725154,200,200,27,0.135,3,0.15000000000000002,,,False
1549178,iid,,55,0.1,source_batch/1549178/iid/seed55,True,False,duration,9.999999999999831,,,,5.58609611804378,5.5860961180437805,1.951086724567201,0,-7.4402509578870735,1.6935626618484494,200,200,16,0.08,2,0.1,,,False
1549178,iid,,56,0.1,source_batch/1549178/iid/seed56,True,False,duration,9.999999999999831,,,,5.0950932053128275,5.09509320531283,2.2176072328494456,0,-5.734855021070118,1.2708510845969074,200,200,27,0.135,2,0.1,,,False
1549178,iid,,57,0.1,source_batch/1549178/iid/seed57,True,False,duration,9.999999999999831,,,,5.167706022918899,5.1677060229189,2.2199546011873643,0,-5.442305243370793,1.3641244266775059,200,200,26,0.13,3,0.15000000000000002,,,False
1549178,iid,,58,0.1,source_batch/1549178/iid/seed58,True,False,duration,9.999999999999831,,,,5.319735453514722,5.319735453514724,2.6255923474772254,0,-4.234942668361796,1.6470917970375143,200,200,12,0.06,2,0.1,,,False
1549178,iid,,59,0.1,source_batch/1549178/iid/seed59,True,False,duration,9.999999999999831,,,,5.573845855558883,5.573845855558885,2.351005858389214,0,-5.100786989918316,1.6267804170240447,200,200,12,0.06,1,0.05,,,False
1549178,iid,,60,0.1,source_batch/1549178/iid/seed60,True,False,duration,9.999999999999831,,,,5.322116733873689,5.322116733873692,2.080632164985884,0,-7.285815427114262,1.877999929167307,200,200,22,0.11,3,0.15000000000000002,,,False
1549178,iid,,61,0.1,source_batch/1549178/iid/seed61,True,False,duration,9.999999999999831,,,,5.256660884054548,5.256660884054549,2.0078952032750634,0,-7.461277638490849,1.4844328395427764,200,200,20,0.1,2,0.1,,,False
1549178,iid,,62,0.1,source_batch/1549178/iid/seed62,True,False,duration,9.999999999999831,,,,5.416951632996556,5.4169516329965575,2.436451135943146,0,-5.356391057103371,2.2025989443443263,200,200,17,0.085,3,0.15000000000000002,,,False
1549178,iid,,63,0.1,source_batch/1549178/iid/seed63,True,False,duration,9.999999999999831,,,,5.166800019457516,5.166800019457517,1.7457290664272143,0,-8.925158537522826,1.764795760500814,200,200,27,0.135,3,0.15000000000000002,,,False
1549178,iid,,64,0.1,source_batch/1549178/iid/seed64,True,False,duration,9.999999999999831,,,,5.269828775680856,5.269828775680855,2.2363347363834074,0,-5.266706094114504,1.3901488726758842,200,200,21,0.105,2,0.1,,,False
1549178,iid,,65,0.1,source_batch/1549178/iid/seed65,True,False,duration,9.999999999999831,,,,5.489211195053536,5.489211195053539,2.38078965972708,0,-5.248662148664529,1.544192464823736,200,200,16,0.08,2,0.1,,,False
1549178,iid,,66,0.1,source_batch/1549178/iid/seed66,True,False,duration,9.999999999999831,,,,5.270651166028209,5.270651166028211,2.3862992584404963,0,-4.718858256661385,1.4950480044309153,200,200,21,0.105,1,0.05,,,False
1549178,iid,,67,0.1,source_batch/1549178/iid/seed67,True,False,duration,9.999999999999831,,,,5.441414005819315,5.441414005819317,2.410923691903763,0,-5.131643175990952,1.4894347846108626,200,200,17,0.085,2,0.1,,,False
1549178,iid,,68,0.1,source_batch/1549178/iid/seed68,True,False,duration,9.999999999999831,,,,5.193284325204971,5.1932843252049725,2.103874522230853,0,-6.465645612098037,1.8819740170473924,200,200,22,0.11,1,0.05,,,False
1549178,iid,,69,0.1,source_batch/1549178/iid/seed69,True,False,duration,9.999999999999831,,,,5.221584424186374,5.221584424186375,2.52164908331147,0,-4.176732694608543,1.9300767036067172,200,200,17,0.085,2,0.1,,,False
1549178,iid,,70,0.1,source_batch/1549178/iid/seed70,True,False,duration,9.999999999999831,,,,5.140748202199249,5.14074820219925,2.6220979217099947,0,-4.598075095479892,1.4289051694680623,200,200,18,0.09,2,0.1,,,False
1549178,iid,,71,0.1,source_batch/1549178/iid/seed71,True,False,duration,9.999999999999831,,,,5.129760385799652,5.129760385799651,2.2374743683833365,0,-6.804204221735732,1.5553569010803783,200,200,24,0.12,3,0.15000000000000002,,,False
1549178,iid,,72,0.1,source_batch/1549178/iid/seed72,True,False,duration,9.999999999999831,,,,5.1589438005127635,5.158943800512764,2.5061261348811983,0,-4.398173329820754,1.5328207588049707,200,200,13,0.065,2,0.1,,,False
1549178,iid,,73,0.1,source_batch/1549178/iid/seed73,True,False,duration,9.999999999999831,,,,5.347557344453826,5.347557344453827,2.148308380269915,0.05,-5.833063456091381,1.4374073388040893,200,200,18,0.09,3,0.15000000000000002,,,False
1549178,iid,,74,0.1,source_batch/1549178/iid/seed74,True,False,duration,9.999999999999831,,,,5.250187192013391,5.250187192013392,1.8093838394326724,0.05,-8.876589459797746,1.59890589865418,200,200,23,0.115,3,0.15000000000000002,,,False
1549178,iid,,75,0.1,source_batch/1549178/iid/seed75,True,False,duration,9.999999999999831,,,,4.631555284262368,4.631555284262369,2.4696043786561037,0.09999999999999999,-5.529441203019525,1.5242447601610585,200,200,20,0.1,2,0.1,,,False
1549178,iid,,76,0.1,source_batch/1549178/iid/seed76,True,False,duration,9.999999999999831,,,,5.349773071288055,5.349773071288055,2.3134398909829534,0,-5.265898319711049,1.5219996069936232,200,200,13,0.065,2,0.1,,,False
1549178,iid,,77,0.1,source_batch/1549178/iid/seed77,True,False,duration,9.999999999999831,,,,5.189850304952051,5.189850304952049,1.9321084960826942,0,-6.889682204626357,1.5148104123022448,200,200,29,0.145,2,0.1,,,False
1549178,iid,,78,0.1,source_batch/1549178/iid/seed78,True,False,duration,9.999999999999831,,,,5.523040375568637,5.5230403755686375,2.4809895858236697,0,-4.792059715650421,1.7532037863134886,200,200,14,0.07,2,0.1,,,False
1549178,iid,,79,0.1,source_batch/1549178/iid/seed79,True,False,duration,9.999999999999831,,,,5.18768092280467,5.1876809228046685,2.3921798547920154,0,-5.827426976733996,1.9480055903992402,200,200,18,0.09,3,0.15000000000000002,,,False
1549178,iid,,80,0.1,source_batch/1549178/iid/seed80,True,False,duration,9.999999999999831,,,,5.026359732790842,5.0263597327908425,2.3978681836651883,0.05,-5.090608228545346,1.3420811683460563,200,200,22,0.11,2,0.1,,,False
1549178,iid,,81,0.1,source_batch/1549178/iid/seed81,True,False,duration,9.999999999999831,,,,5.129907369406634,5.129907369406636,1.636427800672247,0.05,-9.518016746557834,1.481479444968652,200,200,19,0.095,3,0.15000000000000002,,,False
1549178,iid,,82,0.1,source_batch/1549178/iid/seed82,True,False,duration,9.999999999999831,,,,5.4889920480536825,5.488992048053683,2.3769709870411586,0,-5.056737507959319,1.554373306578786,200,200,13,0.065,2,0.1,,,False
1549178,iid,,83,0.1,source_batch/1549178/iid/seed83,True,False,duration,9.999999999999831,,,,5.453608277445722,5.453608277445724,2.5069155890976647,0,-4.418300593738422,1.7073076604440571,200,200,12,0.06,2,0.1,,,False
1549178,iid,,84,0.1,source_batch/1549178/iid/seed84,True,False,duration,9.999999999999831,,,,5.616662107405636,5.616662107405636,2.444302146522375,0,-5.20663856507122,1.781625164589146,200,200,17,0.085,1,0.05,,,False
1549178,iid,,85,0.1,source_batch/1549178/iid/seed85,True,False,duration,9.999999999999831,,,,5.173063101099109,5.173063101099109,2.2861642159592033,0.05,-4.975428003117077,1.3077868651148299,200,200,23,0.115,2,0.1,,,False
1549178,iid,,86,0.1,source_batch/1549178/iid/seed86,True,False,duration,9.999999999999831,,,,5.092839592186913,5.092839592186916,2.2671992506570047,0,-5.816187850208099,1.542705999706279,200,200,24,0.12,2,0.1,,,False
1549178,iid,,87,0.1,source_batch/1549178/iid/seed87,True,False,duration,9.999999999999831,,,,4.873882697920252,4.873882697920253,2.177524142332882,0,-6.124800695820287,1.6528546783473246,200,200,25,0.125,2,0.1,,,False
1549178,iid,,88,0.1,source_batch/1549178/iid/seed88,True,False,duration,9.999999999999831,,,,5.277454511801122,5.277454511801123,2.254450845740494,0,-6.915434372341522,1.5330126356375697,200,200,23,0.115,2,0.1,,,False
1549178,iid,,89,0.1,source_batch/1549178/iid/seed89,True,False,duration,9.999999999999831,,,,5.327390969213431,5.327390969213431,2.2052314297167053,0,-5.456009557837138,1.9863527239601424,200,200,21,0.105,2,0.1,,,False
1549178,iid,,90,0.1,source_batch/1549178/iid/seed90,True,False,duration,9.999999999999831,,,,5.4440652439932435,5.444065243993245,2.6174213645249096,0,-4.141104396050199,1.5151949765743393,200,200,12,0.06,2,0.1,,,False
1549178,iid,,91,0.1,source_batch/1549178/iid/seed91,True,False,duration,9.999999999999831,,,,5.191506983996262,5.191506983996263,2.2687395845429363,0,-6.005885363265495,1.644475918155967,200,200,23,0.115,3,0.15000000000000002,,,False
1549178,iid,,92,0.1,source_batch/1549178/iid/seed92,True,False,duration,9.999999999999831,,,,5.224559430577863,5.224559430577866,2.3156659767509424,0,-5.595085378712206,1.470617327148783,200,200,21,0.105,2,0.1,,,False
1549178,iid,,93,0.1,source_batch/1549178/iid/seed93,True,False,duration,9.999999999999831,,,,5.457848200173748,5.45784820017375,2.6107183996411227,0,-4.343776754761919,1.8426431757703683,200,200,15,0.075,2,0.1,,,False
1549178,iid,,94,0.1,source_batch/1549178/iid/seed94,True,False,duration,9.999999999999831,,,,5.232280788345933,5.232280788345934,2.315167702354663,0,-5.283635888350879,1.5208065848683532,200,200,18,0.09,2,0.1,,,False
1549178,iid,,95,0.1,source_batch/1549178/iid/seed95,True,False,duration,9.999999999999831,,,,5.326452463640055,5.326452463640058,2.1913607569721583,0,-6.343685308331626,1.5156339814942472,200,200,20,0.1,2,0.1,,,False
1549178,iid,,96,0.1,source_batch/1549178/iid/seed96,True,False,duration,9.999999999999831,,,,5.3646271895768765,5.364627189576877,2.411829376372862,0,-5.14221988024417,1.4461701841788008,200,200,18,0.09,3,0.15000000000000002,,,False
1549178,iid,,97,0.1,source_batch/1549178/iid/seed97,True,False,duration,9.999999999999831,,,,5.140897387379647,5.140897387379649,2.5139516064352527,0,-4.613704707331667,1.695927694542954,200,200,16,0.08,2,0.1,,,False
1549178,iid,,98,0.1,source_batch/1549178/iid/seed98,True,False,duration,9.999999999999831,,,,5.405147879786916,5.405147879786917,2.323806604306045,0,-5.434618651597312,2.238117615862927,200,200,20,0.1,2,0.1,,,False
1549178,iid,,99,0.1,source_batch/1549178/iid/seed99,True,False,duration,9.999999999999831,,,,5.562332673678865,5.562332673678867,2.2987628567418907,0,-6.331598417275508,1.7465629024243157,200,200,18,0.09,1,0.05,,,False
1549178,markov,0.2,0,0.1,source_batch/1549178/markov_0.2s/seed0,True,False,duration,9.999999999999831,,,,3.9405836860798478,3.940583686079849,0.9230693239663501,0,-9.999999999999964,1.4997504487716997,200,200,33,0.165,11,0.55,0.165,11,False
1549178,markov,0.2,1,0.1,source_batch/1549178/markov_0.2s/seed1,True,False,duration,9.999999999999831,,,,5.335493427872782,5.335493427872784,2.4018919696183847,0,-7.70724736477586,1.5399570519167805,200,200,24,0.12,13,0.65,0.12,13,False
1549178,markov,0.2,2,0.1,source_batch/1549178/markov_0.2s/seed2,True,False,duration,9.999999999999831,,,,5.695851403384348,5.6958514033843475,1.4608704569776771,0,-9.999999999999964,1.6333493380735062,200,200,16,0.08,7,0.35000000000000003,0.08,7,False
1549178,markov,0.2,3,0.1,source_batch/1549178/markov_0.2s/seed3,True,False,duration,9.999999999999831,,,,5.327580859580858,5.327580859580859,2.3363950739628674,0,-6.3203011934987785,1.4261886511131245,200,200,11,0.055,4,0.2,0.055,4,False
1549178,markov,0.2,4,0.1,source_batch/1549178/markov_0.2s/seed4,True,False,duration,9.999999999999831,,,,3.6271518631684407,3.627151863168441,1.1592663740606166,0,-10,1.6661292808530204,200,200,38,0.19,9,0.45,0.19,9,False
1549178,markov,0.2,5,0.1,source_batch/1549178/markov_0.2s/seed5,True,False,duration,9.999999999999831,,,,4.911093616497364,4.911093616497366,1.7146422208779295,0,-8.618218037223313,1.316433529510611,200,200,19,0.095,6,0.30000000000000004,0.095,6,False
1549178,markov,0.2,6,0.1,source_batch/1549178/markov_0.2s/seed6,True,False,duration,9.999999999999831,,,,3.6718381436059566,3.6718381436059584,0.8232082659781238,0,-10,2.830548147610799,200,200,32,0.16,12,0.6000000000000001,0.16,12,False
1549178,markov,0.2,7,0.1,source_batch/1549178/markov_0.2s/seed7,True,False,duration,9.999999999999831,,,,5.517892994167172,5.517892994167175,2.3195871829389487,0,-6.911025049697628,1.5895218318015338,200,200,15,0.075,6,0.30000000000000004,0.075,6,False
1549178,markov,0.2,8,0.1,source_batch/1549178/markov_0.2s/seed8,True,False,duration,9.999999999999831,,,,5.226854393684552,5.226854393684553,1.59511116809895,0,-9.951630536404288,1.4407160224427382,200,200,21,0.105,6,0.30000000000000004,0.105,6,False
1549178,markov,0.2,9,0.1,source_batch/1549178/markov_0.2s/seed9,True,False,duration,9.999999999999831,,,,2.7830492071650865,2.783049207165088,0.35598629744176835,0,-5.7334805306267,7.817854864541056,200,200,29,0.145,18,0.9,0.145,18,False
1549178,markov,0.2,10,0.1,source_batch/1549178/markov_0.2s/seed10,True,True,collision,5.289999999999932,5.289999999999932,9.450394989074761,7.450395019531093,0,-0.03976649335329263,0,0,-10,9.450394989074761,106,106,39,0.36792452830188677,13,0.65,0.36792452830188677,13,True
1549178,markov,0.2,11,0.1,source_batch/1549178/markov_0.2s/seed11,True,False,duration,9.999999999999831,,,,4.244567206303501,4.244567206303502,1.085758710604669,0,-9.999999999999964,1.6133931329454372,200,200,35,0.175,9,0.45,0.175,9,False
1549178,markov,0.2,12,0.1,source_batch/1549178/markov_0.2s/seed12,True,False,duration,9.999999999999831,,,,5.53479688200371,5.534796882003709,2.587302770952287,0,-4.856267337299691,1.5396101174430634,200,200,11,0.055,3,0.15000000000000002,0.055,3,False
1549178,markov,0.2,13,0.1,source_batch/1549178/markov_0.2s/seed13,True,False,duration,9.999999999999831,,,,5.6052970244971405,5.6052970244971405,1.825048778439487,0,-8.380541039264422,1.5869630384995526,200,200,10,0.05,4,0.2,0.05,4,False
1549178,markov,0.2,14,0.1,source_batch/1549178/markov_0.2s/seed14,True,False,duration,9.999999999999831,,,,3.7900436232277284,3.7900436232277297,1.4365506771352594,0,-9.999999999999964,1.5243271869761938,200,200,36,0.18,7,0.35000000000000003,0.18,7,False
1549178,markov,0.2,15,0.1,source_batch/1549178/markov_0.2s/seed15,True,False,duration,9.999999999999831,,,,5.453432727343098,5.453432727343099,1.8452676630324163,0,-7.442779276482092,1.8156037945166406,200,200,18,0.09,5,0.25,0.09,5,False
1549178,markov,0.2,16,0.1,source_batch/1549178/markov_0.2s/seed16,True,False,duration,9.999999999999831,,,,4.480782838242521,4.480782838242522,1.0804314919069316,0,-9.999999999999964,1.649633653778751,200,200,35,0.175,11,0.55,0.175,11,False
1549178,markov,0.2,17,0.1,source_batch/1549178/markov_0.2s/seed17,True,False,duration,9.999999999999831,,,,5.146214374940123,5.146214374940124,2.2818750240246497,0,-7.124067295755454,1.9119175841368405,200,200,9,0.045,5,0.25,0.045,5,False
1549178,markov,0.2,18,0.1,source_batch/1549178/markov_0.2s/seed18,True,False,duration,9.999999999999831,,,,5.69132486448007,5.69132486448007,2.4974715399146876,0,-7.18125945065573,1.6305011496096649,200,200,16,0.08,8,0.4,0.08,8,False
1549178,markov,0.2,19,0.1,source_batch/1549178/markov_0.2s/seed19,True,False,duration,9.999999999999831,,,,5.508209422845042,5.508209422845042,2.3886097393894503,0,-5.452410840083743,1.849186029621046,200,200,13,0.065,5,0.25,0.065,5,False
1549178,markov,0.2,20,0.1,source_batch/1549178/markov_0.2s/seed20,True,False,duration,9.999999999999831,,,,5.4892005477099834,5.489200547709984,1.7389958730598745,0.3000000000000001,-8.694582748645185,1.6039711523827935,200,200,26,0.13,7,0.35000000000000003,0.13,7,False
1549178,markov,0.2,21,0.1,source_batch/1549178/markov_0.2s/seed21,True,False,duration,9.999999999999831,,,,4.748129718588211,4.748129718588212,1.5824217447671902,0.25000000000000006,-9.832683222945704,1.2149959781720594,200,200,26,0.13,7,0.35000000000000003,0.13,7,False
1549178,markov,0.2,22,0.1,source_batch/1549178/markov_0.2s/seed22,True,False,duration,9.999999999999831,,,,4.975196377216421,4.975196377216422,1.2962253156750627,0,-9.999999999999964,1.516703971309397,200,200,18,0.09,7,0.35000000000000003,0.09,7,False
1549178,markov,0.2,23,0.1,source_batch/1549178/markov_0.2s/seed23,True,False,duration,9.999999999999831,,,,5.522254409376603,5.522254409376604,2.62088377249084,0,-4.213961616198825,1.5295050550580513,200,200,12,0.06,5,0.25,0.06,5,False
1549178,markov,0.2,24,0.1,source_batch/1549178/markov_0.2s/seed24,True,False,duration,9.999999999999831,,,,5.320958676925623,5.320958676925624,2.216340319932493,0,-6.243410878455791,1.950605802747869,200,200,14,0.07,7,0.35000000000000003,0.07,7,False
1549178,markov,0.2,25,0.1,source_batch/1549178/markov_0.2s/seed25,True,False,duration,9.999999999999831,,,,5.3700906912584205,5.370090691258424,1.2557238821364558,0.3000000000000001,-9.999999999999964,2.213263811684998,200,200,25,0.125,9,0.45,0.125,9,False
1549178,markov,0.2,26,0.1,source_batch/1549178/markov_0.2s/seed26,True,False,duration,9.999999999999831,,,,5.53838628121905,5.538386281219051,2.6141380378457884,0,-4.111297603751396,1.7665929820870858,200,200,4,0.02,2,0.1,0.02,2,False
1549178,markov,0.2,27,0.1,source_batch/1549178/markov_0.2s/seed27,True,False,duration,9.999999999999831,,,,5.691369008703456,5.691369008703456,1.7117037992384077,0,-9.01391894317376,1.632404607753253,200,200,14,0.07,6,0.30000000000000004,0.07,6,False
1549178,markov,0.2,28,0.1,source_batch/1549178/markov_0.2s/seed28,True,False,duration,9.999999999999831,,,,4.246888706900022,4.246888706900023,1.1059289351856607,0,-9.999999999999964,0.49552274727412565,200,200,39,0.195,17,0.8500000000000001,0.195,17,False
1549178,markov,0.2,29,0.1,source_batch/1549178/markov_0.2s/seed29,True,False,duration,9.999999999999831,,,,1.2182120008972492,1.2182120008972497,0.44135435484863217,0,-10,0,200,200,25,0.125,17,0.8500000000000001,0.125,17,False
1549178,markov,0.2,30,0.1,source_batch/1549178/markov_0.2s/seed30,True,False,duration,9.999999999999831,,,,4.876657374818044,4.876657374818047,1.1725881059345828,0,-9.999999999999964,1.097273322768023,200,200,26,0.13,6,0.30000000000000004,0.13,6,False
1549178,markov,0.2,31,0.1,source_batch/1549178/markov_0.2s/seed31,True,False,duration,9.999999999999831,,,,5.6903777186009155,5.690377718600917,1.8206691245829199,0,-8.253704083854707,1.6408670930912552,200,200,10,0.05,4,0.2,0.05,4,False
1549178,markov,0.2,32,0.1,source_batch/1549178/markov_0.2s/seed32,True,False,duration,9.999999999999831,,,,5.4447467515679895,5.44474675156799,2.3641042793690454,0,-5.509395732550182,2.1197200093430153,200,200,19,0.095,6,0.30000000000000004,0.095,6,False
1549178,markov,0.2,33,0.1,source_batch/1549178/markov_0.2s/seed33,True,False,duration,9.999999999999831,,,,1.078219207492776,1.0782192074927774,0.41192690207201327,0,-10,0,200,200,34,0.17,17,0.8500000000000001,0.17,17,False
1549178,markov,0.2,34,0.1,source_batch/1549178/markov_0.2s/seed34,True,False,duration,9.999999999999831,,,,4.12610514530133,4.126105145301331,0.8665707577904348,0,-9.999999999999964,0.9533565872907881,200,200,33,0.165,13,0.65,0.165,13,False
1549178,markov,0.2,35,0.1,source_batch/1549178/markov_0.2s/seed35,True,False,duration,9.999999999999831,,,,3.775641240075486,3.775641240075487,0.9718521768324264,0,-10,1.1289236394903084,200,200,26,0.13,11,0.55,0.13,11,False
1549178,markov,0.2,36,0.1,source_batch/1549178/markov_0.2s/seed36,True,False,duration,9.999999999999831,,,,5.226388392825409,5.22638839282541,2.245680286247681,0,-7.214109619412579,2.219681684689511,200,200,6,0.03,5,0.25,0.03,5,False
1549178,markov,0.2,37,0.1,source_batch/1549178/markov_0.2s/seed37,True,False,duration,9.999999999999831,,,,4.930096540361167,4.930096540361168,2.215853266067958,0,-6.743760577523439,1.2995173021062913,200,200,22,0.11,9,0.45,0.11,9,False
1549178,markov,0.2,38,0.1,source_batch/1549178/markov_0.2s/seed38,True,False,duration,9.999999999999831,,,,4.129177904406456,4.129177904406458,0.8672763231713269,0,-9.999999999999964,2.0030356765878414,200,200,23,0.115,14,0.7000000000000001,0.115,14,False
1549178,markov,0.2,39,0.1,source_batch/1549178/markov_0.2s/seed39,True,False,duration,9.999999999999831,,,,5.704274580585791,5.704274580585793,2.622084132157342,0,-5.1349757071854185,1.669152202714985,200,200,7,0.035,5,0.25,0.035,5,False
1549178,markov,0.2,40,0.1,source_batch/1549178/markov_0.2s/seed40,True,False,duration,9.999999999999831,,,,4.51777649500705,4.517776495007052,1.5363178213931183,0,-9.999999999999964,1.0910198202342276,200,200,29,0.145,6,0.30000000000000004,0.145,6,False
1549178,markov,0.2,41,0.1,source_batch/1549178/markov_0.2s/seed41,True,False,duration,9.999999999999831,,,,2.3875794687791867,2.3875794687791876,0.65456112225577,0.09999999999999999,-10,0,200,200,49,0.245,17,0.8500000000000001,0.245,17,False
1549178,markov,0.2,42,0.1,source_batch/1549178/markov_0.2s/seed42,True,False,duration,9.999999999999831,,,,4.807531995656522,4.8075319956565234,1.73166167730407,0.05,-8.024255141505865,1.4285706985072706,200,200,16,0.08,5,0.25,0.08,5,False
1549178,markov,0.2,43,0.1,source_batch/1549178/markov_0.2s/seed43,True,False,duration,9.999999999999831,,,,5.07924566632698,5.079245666326981,2.6107048029453224,0,-5.484122154042526,1.6144809655533252,200,200,10,0.05,3,0.15000000000000002,0.05,3,False
1549178,markov,0.2,44,0.1,source_batch/1549178/markov_0.2s/seed44,True,False,duration,9.999999999999831,,,,4.900133650292659,4.900133650292661,2.150152038646747,0,-7.348511797355961,1.1517438990342364,200,200,30,0.15,16,0.8,0.15,16,False
1549178,markov,0.2,45,0.1,source_batch/1549178/markov_0.2s/seed45,True,False,duration,9.999999999999831,,,,5.133452180256858,5.13345218025686,1.2505978864969503,0,-9.999999999999964,4.109328198238763,200,200,22,0.11,8,0.4,0.11,8,False
1549178,markov,0.2,46,0.1,source_batch/1549178/markov_0.2s/seed46,True,True,collision,6.989999999999895,6.989999999999895,6.20355197867214,5.203551978661681,0,-0.005218711042023649,0,0.05,-10,6.20355197867214,140,140,31,0.22142857142857142,13,0.65,0.22142857142857142,13,True
1549178,markov,0.2,47,0.1,source_batch/1549178/markov_0.2s/seed47,True,False,duration,9.999999999999831,,,,3.2393806550725,3.2393806550725017,0.7555008611680019,0,-10,2.5186024079323697,200,200,20,0.1,14,0.7000000000000001,0.1,14,False
1549178,markov,0.2,48,0.1,source_batch/1549178/markov_0.2s/seed48,True,False,duration,9.999999999999831,,,,5.691143663819465,5.6911436638194655,1.8996067340046607,0,-7.6607990621491595,1.6325317992206132,200,200,19,0.095,6,0.30000000000000004,0.095,6,False
1549178,markov,0.2,49,0.1,source_batch/1549178/markov_0.2s/seed49,True,False,duration,9.999999999999831,,,,4.567673679385439,4.567673679385438,1.44035312817973,0,-9.999999999999964,1.322995473344691,200,200,10,0.05,8,0.4,0.05,8,False
1549178,markov,0.2,50,0.1,source_batch/1549178/markov_0.2s/seed50,True,False,duration,9.999999999999831,,,,4.830075555230276,4.830075555230277,0.952784061833734,0,-7.031082875970629,5.069433619548887,200,200,23,0.115,10,0.5,0.115,10,False
1549178,markov,0.2,51,0.1,source_batch/1549178/markov_0.2s/seed51,True,False,duration,9.999999999999831,,,,5.382183207237036,5.382183207237038,2.3473598390590693,0,-6.063599888353988,2.2694877810026663,200,200,4,0.02,4,0.2,0.02,4,False
1549178,markov,0.2,52,0.1,source_batch/1549178/markov_0.2s/seed52,True,False,duration,9.999999999999831,,,,5.698373280616463,5.698373280616465,2.6528930513179474,0,-5.359009029309014,1.6588263176697298,200,200,9,0.045,9,0.45,0.045,9,False
1549178,markov,0.2,53,0.1,source_batch/1549178/markov_0.2s/seed53,True,False,duration,9.999999999999831,,,,2.0566027964215206,2.0566027964215214,0.7178949745739183,0,-10,1.6224779018510114,200,200,32,0.16,9,0.45,0.16,9,False
1549178,markov,0.2,54,0.1,source_batch/1549178/markov_0.2s/seed54,True,False,duration,9.999999999999831,,,,3.8751073326235983,3.8751073326235996,1.1529094994655853,0.25000000000000006,-9.999999999999964,3.164934943650168,200,200,31,0.155,10,0.5,0.155,10,False
1549178,markov,0.2,55,0.1,source_batch/1549178/markov_0.2s/seed55,True,False,duration,9.999999999999831,,,,5.621305147353426,5.621305147353425,1.8081850618989592,0,-8.851473255389752,1.6127289380188619,200,200,22,0.11,11,0.55,0.11,11,False
1549178,markov,0.2,56,0.1,source_batch/1549178/markov_0.2s/seed56,True,False,duration,9.999999999999831,,,,2.3152536592016975,2.315253659201699,0.6432416549375157,0,-10,1.8818683402482048,200,200,29,0.145,15,0.75,0.145,15,False
1549178,markov,0.2,57,0.1,source_batch/1549178/markov_0.2s/seed57,True,True,collision,6.229999999999912,6.229999999999912,5.655415790252015,3.6554157902616495,0,-0.03317699300680044,0,0.09999999999999999,-10,5.655415790252015,125,125,31,0.248,18,0.9,0.248,18,True
1549178,markov,0.2,58,0.1,source_batch/1549178/markov_0.2s/seed58,True,False,duration,9.999999999999831,,,,5.6730263240594345,5.673026324059437,2.5646627454933335,0,-4.650804851754842,1.6335983643416507,200,200,6,0.03,2,0.1,0.03,2,False
1549178,markov,0.2,59,0.1,source_batch/1549178/markov_0.2s/seed59,True,False,duration,9.999999999999831,,,,5.237754763755853,5.237754763755856,2.193059666292569,0,-6.667626031737939,1.3871645656222054,200,200,34,0.17,18,0.9,0.17,18,False
1549178,markov,0.2,60,0.1,source_batch/1549178/markov_0.2s/seed60,True,False,duration,9.999999999999831,,,,5.517878783179016,5.517878783179016,2.1351799104672406,0,-7.477955764012467,1.557611857486687,200,200,19,0.095,9,0.45,0.095,9,False
1549178,markov,0.2,61,0.1,source_batch/1549178/markov_0.2s/seed61,True,False,duration,9.999999999999831,,,,5.687843225202306,5.6878432252023075,1.5607452614910027,0,-9.556203870702262,1.625034501918133,200,200,7,0.035,7,0.35000000000000003,0.035,7,False
1549178,markov,0.2,62,0.1,source_batch/1549178/markov_0.2s/seed62,True,False,duration,9.999999999999831,,,,4.556422845612027,4.556422845612026,1.2912653557387643,0,-9.999999999999964,1.3778275072535542,200,200,40,0.2,11,0.55,0.2,11,False
1549178,markov,0.2,63,0.1,source_batch/1549178/markov_0.2s/seed63,True,False,duration,9.999999999999831,,,,5.537352362512607,5.537352362512609,2.5414343413700067,0,-4.111297603751396,1.5554778473109943,200,200,8,0.04,3,0.15000000000000002,0.04,3,False
1549178,markov,0.2,64,0.1,source_batch/1549178/markov_0.2s/seed64,True,False,duration,9.999999999999831,,,,5.261260639386068,5.2612606393860695,2.667173178254896,0,-6.260126241461528,1.4014475077199664,200,200,25,0.125,12,0.6000000000000001,0.125,12,False
1549178,markov,0.2,65,0.1,source_batch/1549178/markov_0.2s/seed65,True,False,duration,9.999999999999831,,,,4.836953525142546,4.8369535251425475,1.6759841958909614,0,-8.815464495506964,2.2665519774510923,200,200,7,0.035,7,0.35000000000000003,0.035,7,False
1549178,markov,0.2,66,0.1,source_batch/1549178/markov_0.2s/seed66,True,False,duration,9.999999999999831,,,,0.6900807972049225,0.6900807972049234,0.37934740604555844,0,-10,1.5629630903024627,200,200,34,0.17,15,0.75,0.17,15,True
1549178,markov,0.2,67,0.1,source_batch/1549178/markov_0.2s/seed67,True,False,duration,9.999999999999831,,,,5.689732467428156,5.6897324674281595,2.220496784107503,0,-7.524172680744279,1.6367897639288482,200,200,17,0.085,9,0.45,0.085,9,False
1549178,markov,0.2,68,0.1,source_batch/1549178/markov_0.2s/seed68,True,False,duration,9.999999999999831,,,,4.690835490344744,4.690835490344746,1.1271953626216724,0,-9.999999999999964,1.4353072967339584,200,200,22,0.11,10,0.5,0.11,10,False
1549178,markov,0.2,69,0.1,source_batch/1549178/markov_0.2s/seed69,True,False,duration,9.999999999999831,,,,5.140464070535485,5.140464070535485,1.9192964028157737,0,-7.522280806706405,1.4611225891093793,200,200,17,0.085,5,0.25,0.085,5,False
1549178,markov,0.2,70,0.1,source_batch/1549178/markov_0.2s/seed70,True,False,duration,9.999999999999831,,,,5.587648108374269,5.587648108374269,1.9287523441815047,0,-9.295263854204805,1.5690645264444956,200,200,12,0.06,4,0.2,0.06,4,False
1549178,markov,0.2,71,0.1,source_batch/1549178/markov_0.2s/seed71,True,False,duration,9.999999999999831,,,,5.682224368590966,5.682224368590967,2.300481142341049,0,-5.788805838344313,1.9600597947811897,200,200,22,0.11,6,0.30000000000000004,0.11,6,False
1549178,markov,0.2,72,0.1,source_batch/1549178/markov_0.2s/seed72,True,False,duration,9.999999999999831,,,,3.9165338812519765,3.9165338812519774,1.2356269405814204,0,-10,2.3812596096900567,200,200,24,0.12,8,0.4,0.12,8,False
1549178,markov,0.2,73,0.1,source_batch/1549178/markov_0.2s/seed73,True,False,duration,9.999999999999831,,,,5.64216798629615,5.642167986296151,2.6468406927775097,0,-5.938733486296144,1.5954443448004838,200,200,14,0.07,8,0.4,0.07,8,False
1549178,markov,0.2,74,0.1,source_batch/1549178/markov_0.2s/seed74,True,False,duration,9.999999999999831,,,,5.285683044353852,5.2856830443538545,2.4710091013179323,0,-5.336531607771011,1.3960741745720042,200,200,14,0.07,6,0.30000000000000004,0.07,6,False
1549178,markov,0.2,75,0.1,source_batch/1549178/markov_0.2s/seed75,True,False,duration,9.999999999999831,,,,5.257706582725968,5.2577065827259695,1.3304656886640363,0,-8.090581484826842,3.951779160878176,200,200,17,0.085,6,0.30000000000000004,0.085,6,False
1549178,markov,0.2,76,0.1,source_batch/1549178/markov_0.2s/seed76,True,False,duration,9.999999999999831,,,,4.263552442473296,4.263552442473298,1.6384034311237101,0,-9.585771723088499,0.7649782615892095,200,200,18,0.09,7,0.35000000000000003,0.09,7,False
1549178,markov,0.2,77,0.1,source_batch/1549178/markov_0.2s/seed77,True,False,duration,9.999999999999831,,,,5.115905333079607,5.11590533307961,1.8078728593119366,0,-7.703728119946263,2.4235134386143615,200,200,22,0.11,7,0.35000000000000003,0.11,7,False
1549178,markov,0.2,78,0.1,source_batch/1549178/markov_0.2s/seed78,True,False,duration,9.999999999999831,,,,5.155169183286561,5.155169183286562,2.1345313170070734,0,-8.421181079458862,1.367718339882027,200,200,17,0.085,10,0.5,0.085,10,False
1549178,markov,0.2,79,0.1,source_batch/1549178/markov_0.2s/seed79,True,False,duration,9.999999999999831,,,,4.370697325420371,4.370697325420373,1.5571654017872356,0,-9.999999999999964,1.5341768082292213,200,200,36,0.18,11,0.55,0.18,11,False
1549178,markov,0.2,80,0.1,source_batch/1549178/markov_0.2s/seed80,True,False,duration,9.999999999999831,,,,5.596331705772985,5.596331705772986,1.2243658966634365,0,-9.999999999999964,1.640579987176146,200,200,27,0.135,19,0.9500000000000001,0.135,19,False
1549178,markov,0.2,81,0.1,source_batch/1549178/markov_0.2s/seed81,True,False,duration,9.999999999999831,,,,5.4707751631952615,5.470775163195263,2.132608293137715,0,-6.40287945525273,1.848944572370133,200,200,14,0.07,4,0.2,0.07,4,False
1549178,markov,0.2,82,0.1,source_batch/1549178/markov_0.2s/seed82,True,False,duration,9.999999999999831,,,,5.280540664983971,5.280540664983974,2.133260902899885,0,-8.076514154761227,1.4955197074515485,200,200,36,0.18,13,0.65,0.18,13,False
1549178,markov,0.2,83,0.1,source_batch/1549178/markov_0.2s/seed83,True,False,duration,9.999999999999831,,,,4.475448087438556,4.475448087438556,1.2498655140355381,0,-9.999999999999964,1.1583036277934264,200,200,20,0.1,11,0.55,0.1,11,False
1549178,markov,0.2,84,0.1,source_batch/1549178/markov_0.2s/seed84,True,False,duration,9.999999999999831,,,,5.697669945262384,5.697669945262385,2.3024784899150212,0.05,-5.5169892602080495,1.657486380281502,200,200,6,0.03,3,0.15000000000000002,0.03,3,False
1549178,markov,0.2,85,0.1,source_batch/1549178/markov_0.2s/seed85,True,False,duration,9.999999999999831,,,,5.689719992334564,5.689719992334565,2.3992703562479556,0,-7.311675101710158,1.6363232322044716,200,200,13,0.065,7,0.35000000000000003,0.065,7,False
1549178,markov,0.2,86,0.1,source_batch/1549178/markov_0.2s/seed86,True,False,duration,9.999999999999831,,,,5.605436094676282,5.605436094676284,2.638421348727669,0,-4.380536065181495,1.587680405658979,200,200,11,0.055,4,0.2,0.055,4,False
1549178,markov,0.2,87,0.1,source_batch/1549178/markov_0.2s/seed87,True,False,duration,9.999999999999831,,,,5.690994783277917,5.690994783277919,1.8836847152910408,0,-8.519580164607277,1.960797659748073,200,200,22,0.11,9,0.45,0.11,9,False
1549178,markov,0.2,88,0.1,source_batch/1549178/markov_0.2s/seed88,True,False,duration,9.999999999999831,,,,5.682567418293487,5.682567418293489,2.07001355319529,0,-6.136622362285404,1.9715486499515642,200,200,9,0.045,4,0.2,0.045,4,False
1549178,markov,0.2,89,0.1,source_batch/1549178/markov_0.2s/seed89,True,False,duration,9.999999999999831,,,,0.17382998207694636,0.17382998207694733,0.13958853600901244,0,-10,0,200,200,40,0.2,13,0.65,0.2,13,True
1549178,markov,0.2,90,0.1,source_batch/1549178/markov_0.2s/seed90,True,False,duration,9.999999999999831,,,,5.522774099012882,5.522774099012883,2.4791507638259915,0,-4.805699384278661,1.8046697953104287,200,200,12,0.06,6,0.30000000000000004,0.06,6,False
1549178,markov,0.2,91,0.1,source_batch/1549178/markov_0.2s/seed91,True,False,duration,9.999999999999831,,,,4.663084034526271,4.663084034526273,1.353844387423089,0,-9.999999999999964,0.9775213788997341,200,200,28,0.14,9,0.45,0.14,9,False
1549178,markov,0.2,92,0.1,source_batch/1549178/markov_0.2s/seed92,True,False,duration,9.999999999999831,,,,5.3734998251165775,5.373499825116577,1.4634623964325644,0,-6.057329467976036,3.6717717094852493,200,200,22,0.11,9,0.45,0.11,9,False
1549178,markov,0.2,93,0.1,source_batch/1549178/markov_0.2s/seed93,True,False,duration,9.999999999999831,,,,5.7208571332710365,5.720857133271039,2.6107048029453224,0,-4.111297603751396,1.6931299821433736,200,200,0,0,0,0,0,0,False
1549178,markov,0.2,94,0.1,source_batch/1549178/markov_0.2s/seed94,True,False,duration,9.999999999999831,,,,4.592907456270884,4.592907456270886,1.7004630656908974,0,-7.9645496889922285,1.8306732721116508,200,200,31,0.155,8,0.4,0.155,8,False
1549178,markov,0.2,95,0.1,source_batch/1549178/markov_0.2s/seed95,True,False,duration,9.999999999999831,,,,4.9412316074666425,4.941231607466644,1.761625757180728,0,-7.2876428831397,2.7611708744601935,200,200,15,0.075,5,0.25,0.075,5,False
1549178,markov,0.2,96,0.1,source_batch/1549178/markov_0.2s/seed96,True,False,duration,9.999999999999831,,,,3.4457051151135034,3.4457051151135047,0.9440103367766696,0,-9.999999999999964,1.6171948202613637,200,200,35,0.175,10,0.5,0.175,10,False
1549178,markov,0.2,97,0.1,source_batch/1549178/markov_0.2s/seed97,True,False,duration,9.999999999999831,,,,5.630723386360965,5.630723386360966,2.287641187093229,0,-6.648072311763364,1.5947200927027074,200,200,11,0.055,4,0.2,0.055,4,False
1549178,markov,0.2,98,0.1,source_batch/1549178/markov_0.2s/seed98,True,False,duration,9.999999999999831,,,,2.143214807893743,2.1432148078937443,0.613288752620418,0,-10,1.4704173832431773,200,200,39,0.195,10,0.5,0.195,10,False
1549178,markov,0.2,99,0.1,source_batch/1549178/markov_0.2s/seed99,True,False,duration,9.999999999999831,,,,5.215010106953834,5.2150101069538355,1.9686772324520379,0,-7.309484466374538,2.2933070896360013,200,200,12,0.06,5,0.25,0.06,5,False
1549178,markov,0.5,0,0.1,source_batch/1549178/markov_0.5s/seed0,True,True,collision,7.369999999999887,7.369999999999887,12.492601667412508,10.492601667420011,0,-0.09219827821606508,0,0,-5.132502335061417,12.492601667412508,148,148,36,0.24324324324324326,27,1.35,0.24324324324324326,27,False
1549178,markov,0.5,1,0.1,source_batch/1549178/markov_0.5s/seed1,True,False,duration,9.999999999999831,,,,5.688858950592762,5.688858950592763,1.6973829069735158,0,-8.256961471343782,1.6345638864566243,200,200,6,0.03,6,0.30000000000000004,0.03,6,False
1549178,markov,0.5,2,0.1,source_batch/1549178/markov_0.5s/seed2,True,False,duration,9.999999999999831,,,,1.7210672755279068,1.7210672755279086,0.5335473951402833,0,-10,1.6647467650917211,200,200,28,0.14,15,0.75,0.14,15,False
1549178,markov,0.5,3,0.1,source_batch/1549178/markov_0.5s/seed3,True,True,collision,6.839999999999899,6.839999999999899,11.014909763966408,10.014909763956659,0,-0.09348265997862981,0,0,-9.663557678354184,11.014909763966408,137,137,61,0.44525547445255476,30,1.5,0.44525547445255476,30,False
1549178,markov,0.5,4,0.1,source_batch/1549178/markov_0.5s/seed4,True,False,duration,9.999999999999831,,,,5.699241183883817,5.699241183883819,2.645189297832022,0,-4.926629693139084,1.6606019650033852,200,200,9,0.045,5,0.25,0.045,5,False
1549178,markov,0.5,5,0.1,source_batch/1549178/markov_0.5s/seed5,True,False,duration,9.999999999999831,,,,5.404278406105207,5.404278406105208,2.02472992491877,0,-6.7177122868232075,1.5283489668169628,200,200,12,0.06,5,0.25,0.06,5,False
1549178,markov,0.5,6,0.1,source_batch/1549178/markov_0.5s/seed6,True,False,duration,9.999999999999831,,,,4.015686391751243,4.0156863917512435,0.8936734055254945,0,-9.999999999999964,1.7347574306087616,200,200,41,0.205,20,1,0.205,20,False
1549178,markov,0.5,7,0.1,source_batch/1549178/markov_0.5s/seed7,True,False,duration,9.999999999999831,,,,5.695462133803618,5.69546213380362,2.5001162894407756,0,-6.911025049697628,1.6529837511554062,200,200,7,0.035,6,0.30000000000000004,0.035,6,False
1549178,markov,0.5,8,0.1,source_batch/1549178/markov_0.5s/seed8,True,True,collision,6.689999999999902,6.689999999999902,13.066309768588734,11.652096206210171,0,-0.07218966537577032,0,0,-4.111297603751396,13.066309768588734,134,134,28,0.208955223880597,28,1.4000000000000001,0.208955223880597,28,False
1549178,markov,0.5,9,0.1,source_batch/1549178/markov_0.5s/seed9,True,True,collision,7.769999999999879,7.769999999999879,6.651870573310713,4.651870573318217,0,-0.04235610884243002,0,0,-10,6.651870573310713,156,156,36,0.23076923076923078,20,1,0.23076923076923078,20,True
1549178,markov,0.5,10,0.1,source_batch/1549178/markov_0.5s/seed10,True,True,collision,5.34999999999993,5.34999999999993,12.601087565245145,10.365019621798284,0,-0.0943530893110891,0,0,-10,12.601087565245145,107,107,47,0.4392523364485981,20,1,0.4392523364485981,20,True
1549178,markov,0.5,11,0.1,source_batch/1549178/markov_0.5s/seed11,True,True,collision,7.109999999999893,7.109999999999893,3.731673466071608,1.7316734660819537,0,-0.001505306705446685,0,0,-10,3.731673466071608,143,143,25,0.17482517482517482,17,0.8500000000000001,0.17482517482517482,17,True
1549178,markov,0.5,12,0.1,source_batch/1549178/markov_0.5s/seed12,True,True,collision,4.929999999999939,4.929999999999939,13.150971330184563,12.15097134540349,0,-0.06083537699251451,0,0,-6.99166622465448,13.150971330184563,99,99,62,0.6262626262626263,33,1.6500000000000001,0.6262626262626263,33,False
1549178,markov,0.5,13,0.1,source_batch/1549178/markov_0.5s/seed13,True,False,duration,9.999999999999831,,,,5.223745681864345,5.223745681864347,2.0907124615077093,0,-7.6277944782512375,1.3735410604879987,200,200,5,0.025,5,0.25,0.025,5,False
1549178,markov,0.5,14,0.1,source_batch/1549178/markov_0.5s/seed14,True,True,collision,8.469999999999864,8.469999999999864,9.98280290604805,8.568589343667355,0,-0.014747830121195626,0,0,-9.58310272409042,9.98280290604805,170,170,44,0.25882352941176473,23,1.1500000000000001,0.25882352941176473,23,False
1549178,markov,0.5,15,0.1,source_batch/1549178/markov_0.5s/seed15,True,False,duration,9.999999999999831,,,,5.428299156263122,5.428299156263122,2.382869031111196,0,-6.564515569338791,1.4833118341066336,200,200,8,0.04,4,0.2,0.04,4,False
1549178,markov,0.5,16,0.1,source_batch/1549178/markov_0.5s/seed16,True,True,collision,9.529999999999841,9.529999999999841,6.696327135781859,4.696327135797889,0,-0.04292703464148495,0,0,-10,6.696327135781859,191,191,31,0.16230366492146597,21,1.05,0.16230366492146597,21,True
1549178,markov,0.5,17,0.1,source_batch/1549178/markov_0.5s/seed17,True,False,duration,9.999999999999831,,,,5.7208571332710365,5.720857133271039,2.6107048029453224,0,-4.111297603751396,1.6931299821433736,200,200,0,0,0,0,0,0,False
1549178,markov,0.5,18,0.1,source_batch/1549178/markov_0.5s/seed18,True,False,duration,9.999999999999831,,,,5.653031524175296,5.653031524175299,1.868453354679975,0,-9.999999999999964,1.632090564867335,200,200,22,0.11,10,0.5,0.11,10,False
1549178,markov,0.5,19,0.1,source_batch/1549178/markov_0.5s/seed19,True,True,collision,7.479999999999885,7.479999999999885,6.200000000000011,5.199999999988841,0,-0.0177588323639446,0,0,-10,6.200000000000011,150,150,79,0.5266666666666666,59,2.95,0.5266666666666666,59,True
1549178,markov,0.5,20,0.1,source_batch/1549178/markov_0.5s/seed20,True,False,duration,9.999999999999831,,,,5.489363632553653,5.489363632553655,2.6700373767607903,0.3000000000000001,-5.6087505114524205,1.6291875108923861,200,200,17,0.085,9,0.45,0.085,9,False
1549178,markov,0.5,21,0.1,source_batch/1549178/markov_0.5s/seed21,True,False,duration,9.999999999999831,,,,2.5238701300581576,2.5238701300581594,0.6588289671251525,0.35000000000000014,-10,1.4977796648962243,200,200,34,0.17,15,0.75,0.17,15,False
1549178,markov,0.5,22,0.1,source_batch/1549178/markov_0.5s/seed22,True,False,duration,9.999999999999831,,,,5.685911303757605,5.685911303757605,2.1363154948373397,0,-6.513220519014418,1.630524442226172,200,200,10,0.05,4,0.2,0.05,4,False
1549178,markov,0.5,23,0.1,source_batch/1549178/markov_0.5s/seed23,True,True,collision,6.839999999999899,6.839999999999899,9.087318105300945,8.087318105291196,0,-0.0558017406914324,0,0,-10,9.087318105300945,137,137,37,0.27007299270072993,22,1.1,0.27007299270072993,22,True
1549178,markov,0.5,24,0.1,source_batch/1549178/markov_0.5s/seed24,True,False,duration,9.999999999999831,,,,5.144729361399186,5.144729361399188,1.0669374441974184,0,-9.999999999999964,1.6323339070114613,200,200,11,0.055,11,0.55,0.055,11,False
1549178,markov,0.5,25,0.1,source_batch/1549178/markov_0.5s/seed25,True,False,duration,9.999999999999831,,,,4.431659720239098,4.4316597202391,0.9931729919978304,1.5500000000000012,-9.999999999999964,2.3046390950132505,200,200,50,0.25,31,1.55,0.25,31,False
1549178,markov,0.5,26,0.1,source_batch/1549178/markov_0.5s/seed26,True,True,collision,7.889999999999876,7.889999999999876,11.816640609737048,10.402427047357063,0,-0.020734534010477645,0,0,-5.336707660351969,11.816640609737048,158,158,37,0.23417721518987342,26,1.3,0.23417721518987342,26,False
1549178,markov,0.5,27,0.1,source_batch/1549178/markov_0.5s/seed27,True,False,duration,9.999999999999831,,,,5.1208798638284865,5.12087986382849,1.2597087880819242,0,-9.999999999999964,1.6433322895292837,200,200,31,0.155,18,0.9,0.155,18,False
1549178,markov,0.5,28,0.1,source_batch/1549178/markov_0.5s/seed28,True,True,collision,9.529999999999841,9.529999999999841,5.415386253183263,3.4153862531992925,0,-0.02356302009973632,0,0,-10,5.415386253183263,191,191,25,0.13089005235602094,20,1,0.13089005235602094,20,True
1549178,markov,0.5,29,0.1,source_batch/1549178/markov_0.5s/seed29,True,False,duration,9.999999999999831,,,,5.7208571332710365,5.720857133271039,2.6107048029453224,0,-4.111297603751396,1.6931299821433736,200,200,0,0,0,0,0,0,False
1549178,markov,0.5,30,0.1,source_batch/1549178/markov_0.5s/seed30,True,False,duration,9.999999999999831,,,,5.349493957340729,5.34949395734073,2.5434199100962966,0,-5.130632443526029,1.4711162490527527,200,200,4,0.02,4,0.2,0.02,4,False
1549178,markov,0.5,31,0.1,source_batch/1549178/markov_0.5s/seed31,True,False,duration,9.999999999999831,,,,5.692389270256655,5.6923892702566565,2.186357823453096,0,-9.308367626625724,1.6463347606076453,200,200,7,0.035,7,0.35000000000000003,0.035,7,False
1549178,markov,0.5,32,0.1,source_batch/1549178/markov_0.5s/seed32,True,False,duration,9.999999999999831,,,,5.4966160731411735,5.496616073141174,2.4514509821260737,0,-5.302909652587395,2.202548230072448,200,200,14,0.07,6,0.30000000000000004,0.07,6,False
1549178,markov,0.5,33,0.1,source_batch/1549178/markov_0.5s/seed33,True,False,duration,9.999999999999831,,,,1.144090948103658,1.144090948103659,0.4259316385570869,0,-10,0,200,200,23,0.115,17,0.8500000000000001,0.115,17,False
1549178,markov,0.5,34,0.1,source_batch/1549178/markov_0.5s/seed34,True,False,duration,9.999999999999831,,,,5.701210096544948,5.7012100965449495,2.619829213052462,0,-4.111297603751396,1.664318134331782,200,200,5,0.025,4,0.2,0.025,4,False
1549178,markov,0.5,35,0.1,source_batch/1549178/markov_0.5s/seed35,True,False,duration,9.999999999999831,,,,3.9734906988757364,3.9734906988757395,0.994895231708166,0,-10,1.064322530008268,200,200,20,0.1,11,0.55,0.1,11,False
1549178,markov,0.5,36,0.1,source_batch/1549178/markov_0.5s/seed36,True,False,duration,9.999999999999831,,,,5.717666309388032,5.717666309388035,2.609611121777489,0,-4.111297603751396,1.6885624488810356,200,200,1,0.005,1,0.05,0.005,1,False
1549178,markov,0.5,37,0.1,source_batch/1549178/markov_0.5s/seed37,True,True,collision,8.059999999999873,8.059999999999873,12.105631116796877,11.105631116784286,0,-0.05053528808845975,0,0,-4.111297603751396,12.105631116796877,162,162,27,0.16666666666666666,26,1.3,0.16666666666666666,26,False
1549178,markov,0.5,38,0.1,source_batch/1549178/markov_0.5s/seed38,True,False,duration,9.999999999999831,,,,3.3386970728788103,3.3386970728788103,0.76745513318304,0,-10,2.3483260410318794,200,200,19,0.095,15,0.75,0.095,15,False
1549178,markov,0.5,39,0.1,source_batch/1549178/markov_0.5s/seed39,True,False,duration,9.999999999999831,,,,5.689834732771773,5.689834732771775,2.2958912424639903,0,-9.541757821170904,1.6352333957159628,200,200,13,0.065,13,0.65,0.065,13,False
1549178,markov,0.5,40,0.1,source_batch/1549178/markov_0.5s/seed40,True,False,duration,9.999999999999831,,,,3.9463672425982277,3.946367242598228,1.0448409113041142,0,-10,0.8231811579410232,200,200,15,0.075,6,0.30000000000000004,0.075,6,False
1549178,markov,0.5,41,0.1,source_batch/1549178/markov_0.5s/seed41,True,False,duration,9.999999999999831,,,,5.702959039474654,5.702959039474656,1.5615226122475787,0.9000000000000006,-9.999999999999964,1.6381585793080944,200,200,36,0.18,18,0.9,0.18,18,False
1549178,markov,0.5,42,0.1,source_batch/1549178/markov_0.5s/seed42,True,True,collision,8.909999999999854,8.909999999999854,10.812608017889113,8.812608017903722,0,-0.011293498507325417,0,0.05,-10,10.812608017889113,179,179,34,0.18994413407821228,25,1.25,0.18994413407821228,25,True
1549178,markov,0.5,43,0.1,source_batch/1549178/markov_0.5s/seed43,True,False,duration,9.999999999999831,,,,4.65077592109954,4.650775921099543,1.3925306927057695,0,-9.999999999999964,0.9349154078848694,200,200,18,0.09,8,0.4,0.09,8,False
1549178,markov,0.5,44,0.1,source_batch/1549178/markov_0.5s/seed44,True,False,duration,9.999999999999831,,,,5.7208571332710365,5.720857133271039,2.6107048029453224,0,-4.111297603751396,1.6931299821433736,200,200,0,0,0,0,0,0,False
1549178,markov,0.5,45,0.1,source_batch/1549178/markov_0.5s/seed45,True,False,duration,9.999999999999831,,,,5.702537566115839,5.702537566115842,2.6222755070880868,0,-4.755557802458732,1.66634031435046,200,200,6,0.03,5,0.25,0.03,5,False
1549178,markov,0.5,46,0.1,source_batch/1549178/markov_0.5s/seed46,True,False,duration,9.999999999999831,,,,4.1574886231244115,4.157488623124413,0.9096362629792444,0.4000000000000002,-9.999999999999964,4.520738437535082,200,200,23,0.115,10,0.5,0.115,10,False
1549178,markov,0.5,47,0.1,source_batch/1549178/markov_0.5s/seed47,True,False,duration,9.999999999999831,,,,5.668989723569002,5.668989723569002,2.3128178603129945,0,-6.416744024179977,2.3281744921407563,200,200,6,0.03,4,0.2,0.03,4,False
1549178,markov,0.5,48,0.1,source_batch/1549178/markov_0.5s/seed48,True,False,duration,9.999999999999831,,,,5.697307947521192,5.6973079475211925,2.2446748628579254,0,-7.149667544177873,1.6566698685377528,200,200,8,0.04,4,0.2,0.04,4,False
1549178,markov,0.5,49,0.1,source_batch/1549178/markov_0.5s/seed49,True,False,duration,9.999999999999831,,,,5.709798527356735,5.709798527356737,2.6107048029453224,0,-4.111297603751396,1.6777174156871832,200,200,1,0.005,1,0.05,0.005,1,False
1549178,markov,0.5,50,0.1,source_batch/1549178/markov_0.5s/seed50,True,False,duration,9.999999999999831,,,,2.878638605178926,2.878638605178927,0.7207700485928455,0,-10,0.7159329916683014,200,200,33,0.165,16,0.8,0.165,16,False
1549178,markov,0.5,51,0.1,source_batch/1549178/markov_0.5s/seed51,True,False,duration,9.999999999999831,,,,5.7208571332710365,5.720857133271039,2.6107048029453224,0,-4.111297603751396,1.6931299821433736,200,200,0,0,0,0,0,0,False
1549178,markov,0.5,52,0.1,source_batch/1549178/markov_0.5s/seed52,True,False,duration,9.999999999999831,,,,5.7208571332710365,5.720857133271039,2.6107048029453224,0,-4.111297603751396,1.6931299821433736,200,200,0,0,0,0,0,0,False
1549178,markov,0.5,53,0.1,source_batch/1549178/markov_0.5s/seed53,True,False,duration,9.999999999999831,,,,4.349311277300802,4.349311277300805,0.7601114149285128,0,-6.006069262791014,5.721939168233449,200,200,16,0.08,12,0.6000000000000001,0.08,12,False
1549178,markov,0.5,54,0.1,source_batch/1549178/markov_0.5s/seed54,True,False,duration,9.999999999999831,,,,5.5552435453556335,5.555243545355632,1.846603259704672,0.25000000000000006,-5.9807676127555,3.0083579221256675,200,200,26,0.13,17,0.8500000000000001,0.13,17,False
1549178,markov,0.5,55,0.1,source_batch/1549178/markov_0.5s/seed55,True,False,duration,9.999999999999831,,,,2.4726595575178734,2.4726595575178747,0.6929882880642387,0,-10,1.6090409110918222,200,200,23,0.115,15,0.75,0.115,15,False
1549178,markov,0.5,56,0.1,source_batch/1549178/markov_0.5s/seed56,True,False,duration,9.999999999999831,,,,5.693041863213269,5.693041863213271,1.976509321616565,0,-8.586918422314582,1.6324849528293535,200,200,17,0.085,9,0.45,0.085,9,False
1549178,markov,0.5,57,0.1,source_batch/1549178/markov_0.5s/seed57,True,False,duration,9.999999999999831,,,,5.5161193915107996,5.5161193915108,2.5719453654904387,2.6999999999999864,-7.433996876918769,1.5257351534476657,200,200,56,0.28,54,2.7,0.28,54,False
1549178,markov,0.5,58,0.1,source_batch/1549178/markov_0.5s/seed58,True,False,duration,9.999999999999831,,,,5.670897135865988,5.6708971358659905,2.638288144311886,0,-4.372777529786198,1.6301464917362802,200,200,8,0.04,7,0.35000000000000003,0.04,7,False
1549178,markov,0.5,59,0.1,source_batch/1549178/markov_0.5s/seed59,True,True,collision,7.72999999999988,7.72999999999988,11.441152903126007,9.441152903137773,0,-0.06535536717777735,0,0,-9.999999999999964,11.441152903126007,155,155,40,0.25806451612903225,26,1.3,0.25806451612903225,26,False
1549178,markov,0.5,60,0.1,source_batch/1549178/markov_0.5s/seed60,True,False,duration,9.999999999999831,,,,2.5941907196671345,2.594190719667135,0.6841833962360313,0,-10,0,200,200,25,0.125,14,0.7000000000000001,0.125,14,False
1549178,markov,0.5,61,0.1,source_batch/1549178/markov_0.5s/seed61,True,False,duration,9.999999999999831,,,,5.7208571332710365,5.720857133271039,2.6107048029453224,0,-4.111297603751396,1.6931299821433736,200,200,0,0,0,0,0,0,False
1549178,markov,0.5,62,0.1,source_batch/1549178/markov_0.5s/seed62,True,False,duration,9.999999999999831,,,,4.794959645302611,4.794959645302612,1.9488569579591892,0,-8.686490028423854,1.4236046541976197,200,200,39,0.195,11,0.55,0.195,11,False
1549178,markov,0.5,63,0.1,source_batch/1549178/markov_0.5s/seed63,True,False,duration,9.999999999999831,,,,5.7208571332710365,5.720857133271039,2.6107048029453224,0,-4.111297603751396,1.6931299821433736,200,200,0,0,0,0,0,0,False
1549178,markov,0.5,64,0.1,source_batch/1549178/markov_0.5s/seed64,True,False,duration,9.999999999999831,,,,1.7387324296347537,1.738732429634755,0.5364727230386819,0,-10,0,200,200,36,0.18,16,0.8,0.18,16,False
1549178,markov,0.5,65,0.1,source_batch/1549178/markov_0.5s/seed65,True,False,duration,9.999999999999831,,,,5.7208571332710365,5.720857133271039,2.6107048029453224,0,-4.111297603751396,1.6931299821433736,200,200,0,0,0,0,0,0,False
1549178,markov,0.5,66,0.1,source_batch/1549178/markov_0.5s/seed66,True,False,duration,9.999999999999831,,,,5.704128138609923,5.704128138609926,2.0193494863935686,0,-7.13352731460315,1.66891293475837,200,200,3,0.015,3,0.15000000000000002,0.015,3,False
1549178,markov,0.5,67,0.1,source_batch/1549178/markov_0.5s/seed67,True,False,duration,9.999999999999831,,,,5.709402755587562,5.709402755587563,2.626770854915367,0,-5.127739762211547,1.6768575809411457,200,200,5,0.025,5,0.25,0.025,5,False
1549178,markov,0.5,68,0.1,source_batch/1549178/markov_0.5s/seed68,True,False,duration,9.999999999999831,,,,4.442755620389854,4.442755620389855,1.1153798977163119,0,-9.999999999999964,1.3872142925352895,200,200,36,0.18,22,1.1,0.18,22,False
1549178,markov,0.5,69,0.1,source_batch/1549178/markov_0.5s/seed69,True,False,duration,9.999999999999831,,,,4.921573741218748,4.921573741218751,1.4036623371326555,0,-9.680780377546583,1.3975433751068276,200,200,12,0.06,8,0.4,0.06,8,False
1549178,markov,0.5,70,0.1,source_batch/1549178/markov_0.5s/seed70,True,False,duration,9.999999999999831,,,,5.693958555741687,5.693958555741689,2.2259718888753928,0,-7.358173500460907,1.6498384448737562,200,200,8,0.04,5,0.25,0.04,5,False
1549178,markov,0.5,71,0.1,source_batch/1549178/markov_0.5s/seed71,True,False,duration,9.999999999999831,,,,5.562827075512671,5.562827075512674,1.1506061545353148,0,-9.999999999999964,1.9629629855007167,200,200,17,0.085,9,0.45,0.085,9,False
1549178,markov,0.5,72,0.1,source_batch/1549178/markov_0.5s/seed72,True,False,duration,9.999999999999831,,,,5.1359213918366615,5.135921391836664,2.084629604343228,0,-7.130395580438265,1.2966751107210577,200,200,6,0.03,5,0.25,0.03,5,False
1549178,markov,0.5,73,0.1,source_batch/1549178/markov_0.5s/seed73,True,False,duration,9.999999999999831,,,,5.646754360789268,5.64675436078927,2.6697849885233267,0,-5.905088658376556,1.6029667767091145,200,200,14,0.07,13,0.65,0.07,13,False
1549178,markov,0.5,74,0.1,source_batch/1549178/markov_0.5s/seed74,True,False,duration,9.999999999999831,,,,5.600339852342957,5.600339852342957,2.651277705472455,0,-5.580174043867636,1.6333820403301291,200,200,17,0.085,16,0.8,0.085,16,False
1549178,markov,0.5,75,0.1,source_batch/1549178/markov_0.5s/seed75,True,False,duration,9.999999999999831,,,,5.155566799968898,5.1555667999688986,1.1823250398828635,0,-4.111297603751396,4.360532532136574,200,200,10,0.05,6,0.30000000000000004,0.05,6,False
1549178,markov,0.5,76,0.1,source_batch/1549178/markov_0.5s/seed76,True,False,duration,9.999999999999831,,,,2.777064899788902,2.7770648997889023,0.3463876036998283,0,-4.288019773829932,8.017217908858667,200,200,21,0.105,18,0.9,0.105,18,False
1549178,markov,0.5,77,0.1,source_batch/1549178/markov_0.5s/seed77,True,False,duration,9.999999999999831,,,,5.7208571332710365,5.720857133271039,2.6107048029453224,0,-4.111297603751396,1.6931299821433736,200,200,0,0,0,0,0,0,False
1549178,markov,0.5,78,0.1,source_batch/1549178/markov_0.5s/seed78,True,False,duration,9.999999999999831,,,,5.705356314741781,5.705356314741783,2.6107048029453224,0,-4.378802515413982,1.671017224447982,200,200,2,0.01,2,0.1,0.01,2,False
1549178,markov,0.5,79,0.1,source_batch/1549178/markov_0.5s/seed79,True,False,duration,9.999999999999831,,,,2.416908824826229,2.41690882482623,0.5601681964164179,0,-10,4.292117814548434,200,200,30,0.15,12,0.6000000000000001,0.15,12,False
1549178,markov,0.5,80,0.1,source_batch/1549178/markov_0.5s/seed80,True,False,duration,9.999999999999831,,,,5.704058796183446,5.704058796183448,1.628752618597404,0,-9.999999999999964,1.6393271138206167,200,200,31,0.155,31,1.55,0.155,31,False
1549178,markov,0.5,81,0.1,source_batch/1549178/markov_0.5s/seed81,True,False,duration,9.999999999999831,,,,4.564893935709325,4.5648939357093266,1.1261975654738727,0,-9.999999999999964,1.648668425333348,200,200,16,0.08,10,0.5,0.08,10,False
1549178,markov,0.5,82,0.1,source_batch/1549178/markov_0.5s/seed82,True,False,duration,9.999999999999831,,,,5.389897687363414,5.3898976873634155,2.444587889953223,0,-5.581550839116645,1.5058998818150826,200,200,21,0.105,10,0.5,0.105,10,False
1549178,markov,0.5,83,0.1,source_batch/1549178/markov_0.5s/seed83,True,False,duration,9.999999999999831,,,,5.691495046336661,5.691495046336662,2.621837293910145,0,-6.6144985738834094,1.6443440606239568,200,200,11,0.055,11,0.55,0.055,11,False
1549178,markov,0.5,84,0.1,source_batch/1549178/markov_0.5s/seed84,True,False,duration,9.999999999999831,,,,5.719836390548762,5.719836390548762,2.6119985246898962,0.05,-4.343606754687812,1.6916658248053136,200,200,1,0.005,1,0.05,0.005,1,False
1549178,markov,0.5,85,0.1,source_batch/1549178/markov_0.5s/seed85,True,False,duration,9.999999999999831,,,,1.6606480639050405,1.6606480639050405,0.5239291834021877,0,-10,1.711801113445775,200,200,28,0.14,15,0.75,0.14,15,False
1549178,markov,0.5,86,0.1,source_batch/1549178/markov_0.5s/seed86,True,False,duration,9.999999999999831,,,,5.2814958978014515,5.281495897801454,2.566819451466192,0,-5.917532912644319,1.3914977511814424,200,200,22,0.11,18,0.9,0.11,18,False
1549178,markov,0.5,87,0.1,source_batch/1549178/markov_0.5s/seed87,True,False,duration,9.999999999999831,,,,5.698187629047955,5.698187629047958,1.3022831053861739,0,-9.999999999999964,1.6345084176327938,200,200,11,0.055,11,0.55,0.055,11,False
1549178,markov,0.5,88,0.1,source_batch/1549178/markov_0.5s/seed88,True,True,collision,5.339999999999931,5.339999999999931,8.422883165705676,7.422883180923894,0,-0.04842009282335713,0,0,-10,8.422883165705676,107,107,35,0.32710280373831774,35,1.75,0.32710280373831774,35,True
1549178,markov,0.5,89,0.1,source_batch/1549178/markov_0.5s/seed89,True,False,duration,9.999999999999831,,,,5.7208571332710365,5.720857133271039,2.6107048029453224,0,-4.111297603751396,1.6931299821433736,200,200,0,0,0,0,0,0,False
1549178,markov,0.5,90,0.1,source_batch/1549178/markov_0.5s/seed90,True,True,collision,8.62999999999986,8.62999999999986,7.569847724348687,5.569847724363296,0,-0.032961551982364945,0,0,-10,7.569847724348687,173,173,39,0.2254335260115607,16,0.8,0.2254335260115607,16,True
1549178,markov,0.5,91,0.1,source_batch/1549178/markov_0.5s/seed91,True,False,duration,9.999999999999831,,,,5.7208571332710365,5.720857133271039,2.6107048029453224,0,-4.111297603751396,1.6931299821433736,200,200,0,0,0,0,0,0,False
1549178,markov,0.5,92,0.1,source_batch/1549178/markov_0.5s/seed92,True,True,collision,8.66999999999986,8.66999999999986,11.308259125629855,9.308259125643753,0,-0.026350930347723178,0,0,-5.982061823180285,11.308259125629855,174,174,29,0.16666666666666666,26,1.3,0.16666666666666666,26,False
1549178,markov,0.5,93,0.1,source_batch/1549178/markov_0.5s/seed93,True,False,duration,9.999999999999831,,,,5.7208571332710365,5.720857133271039,2.6107048029453224,0,-4.111297603751396,1.6931299821433736,200,200,0,0,0,0,0,0,False
1549178,markov,0.5,94,0.1,source_batch/1549178/markov_0.5s/seed94,True,True,collision,8.719999999999859,8.719999999999859,4.845696625310201,2.8456966253240994,0,-0.005730854396322371,0,0,-10,4.845696625310201,175,175,31,0.17714285714285713,17,0.8500000000000001,0.17714285714285713,17,True
1549178,markov,0.5,95,0.1,source_batch/1549178/markov_0.5s/seed95,True,False,duration,9.999999999999831,,,,4.938353664267967,4.938353664267966,1.753065137129142,0,-7.333064523973931,2.772964896474653,200,200,12,0.06,5,0.25,0.06,5,False
1549178,markov,0.5,96,0.1,source_batch/1549178/markov_0.5s/seed96,True,True,collision,6.659999999999902,6.659999999999902,10.663823365574391,8.663823365584026,0,-0.020127947793069367,0,0,-10,10.663823365574391,134,134,56,0.417910447761194,14,0.7000000000000001,0.417910447761194,14,True
1549178,markov,0.5,97,0.1,source_batch/1549178/markov_0.5s/seed97,True,False,duration,9.999999999999831,,,,5.695253251999032,5.695253251999034,2.6739455592787706,0,-5.789960329873622,1.652570327867197,200,200,21,0.105,21,1.05,0.105,21,False
1549178,markov,0.5,98,0.1,source_batch/1549178/markov_0.5s/seed98,True,False,duration,9.999999999999831,,,,1.1918250620113502,1.1918250620113513,0.4363813204408537,0,-10,0,200,200,27,0.135,17,0.8500000000000001,0.135,17,False
1549178,markov,0.5,99,0.1,source_batch/1549178/markov_0.5s/seed99,True,True,collision,5.429999999999929,5.429999999999929,13.152902702147108,12.152902717365325,0,-0.09040821905993468,0,0,-4.111297603751396,13.152902702147108,109,109,38,0.3486238532110092,38,1.9000000000000001,0.3486238532110092,38,False
1549178,markov,1.0,0,0.1,source_batch/1549178/markov_1s/seed0,True,False,duration,9.999999999999831,,,,5.6985545417737535,5.698554541773756,2.652477741603936,0,-5.132502335061417,1.6591958259556936,200,200,9,0.045,9,0.45,0.045,9,False
1549178,markov,1.0,1,0.1,source_batch/1549178/markov_1s/seed1,True,True,collision,7.199999999999891,7.199999999999891,12.87110750620811,10.871107506219166,0,-0.06901867247155469,0,0,-4.111297603751396,12.87110750620811,144,144,27,0.1875,27,1.35,0.1875,27,False
1549178,markov,1.0,2,0.1,source_batch/1549178/markov_1s/seed2,True,True,collision,6.159999999999913,6.159999999999913,13.035672324860323,12.035672324849864,0,-0.11760502774690984,0,0,-7.062968413444892,13.035672324860323,124,124,39,0.31451612903225806,27,1.35,0.31451612903225806,27,False
1549178,markov,1.0,3,0.1,source_batch/1549178/markov_1s/seed3,True,True,collision,5.739999999999922,5.739999999999922,11.920837105407612,9.920837135866076,0,-0.0597449858060477,0,0,-10,11.920837105407612,115,115,30,0.2608695652173913,30,1.5,0.2608695652173913,30,True
1549178,markov,1.0,4,0.1,source_batch/1549178/markov_1s/seed4,True,False,duration,9.999999999999831,,,,5.707337239087067,5.707337239087069,2.623095238105203,0,-4.111297603751396,1.6739515119086124,200,200,4,0.02,4,0.2,0.02,4,False
1549178,markov,1.0,5,0.1,source_batch/1549178/markov_1s/seed5,True,False,duration,9.999999999999831,,,,5.441030950419092,5.441030950419092,2.0155461088332163,0,-6.734134601419983,1.533885470304277,200,200,10,0.05,5,0.25,0.05,5,False
1549178,markov,1.0,6,0.1,source_batch/1549178/markov_1s/seed6,True,True,collision,8.16999999999987,8.16999999999987,3.6281132683066577,2.628113268290514,0,-0.010080900764020129,0,0,-10,3.6281132683066577,164,164,65,0.39634146341463417,44,2.2,0.39634146341463417,44,True
1549178,markov,1.0,7,0.1,source_batch/1549178/markov_1s/seed7,True,False,duration,9.999999999999831,,,,5.696902978299565,5.696902978299567,2.4966212356006157,0,-6.870067003765357,1.6558545648695777,200,200,6,0.03,6,0.30000000000000004,0.03,6,False
1549178,markov,1.0,8,0.1,source_batch/1549178/markov_1s/seed8,True,False,duration,9.999999999999831,,,,5.7208571332710365,5.720857133271039,2.6107048029453224,0,-4.111297603751396,1.6931299821433736,200,200,0,0,0,0,0,0,False
1549178,markov,1.0,9,0.1,source_batch/1549178/markov_1s/seed9,True,True,collision,7.759999999999879,7.759999999999879,6.485456503782496,5.071242941402511,0,-0.0309544108187767,0,0,-10,6.485456503782496,156,156,38,0.24358974358974358,20,1,0.24358974358974358,20,True
1549178,markov,1.0,10,0.1,source_batch/1549178/markov_1s/seed10,True,True,collision,5.499999999999927,5.499999999999927,11.043475799047364,9.043475829505118,0,-0.011743329631315191,0,0,-10,11.043475799047364,110,110,39,0.35454545454545455,20,1,0.35454545454545455,20,True
1549178,markov,1.0,11,0.1,source_batch/1549178/markov_1s/seed11,True,False,duration,9.999999999999831,,,,4.588655066460349,4.588655066460351,0.9246775526457274,0,-9.999999999999964,1.666833152463401,200,200,13,0.065,13,0.65,0.065,13,False
1549178,markov,1.0,12,0.1,source_batch/1549178/markov_1s/seed12,True,True,collision,4.509999999999948,4.509999999999948,13.151865280969432,10.151865326639008,0,-0.09885346513931115,0,0,-9.999999999999964,13.151865280969432,91,91,73,0.8021978021978022,52,2.6,0.8021978021978022,52,False
1549178,markov,1.0,13,0.1,source_batch/1549178/markov_1s/seed13,True,False,duration,9.999999999999831,,,,5.223745681864345,5.223745681864347,2.0907124615077093,0,-7.6277944782512375,1.3735410604879987,200,200,5,0.025,5,0.25,0.025,5,False
1549178,markov,1.0,14,0.1,source_batch/1549178/markov_1s/seed14,True,True,collision,7.979999999999874,7.979999999999874,3.2885885076550365,1.874374945275052,0,-0.006522076324853465,0,0,-10,3.2885885076550365,160,160,23,0.14375,16,0.8,0.14375,16,True
1549178,markov,1.0,15,0.1,source_batch/1549178/markov_1s/seed15,True,False,duration,9.999999999999831,,,,5.70866756342789,5.708667563427889,2.6273916149096683,0,-4.526861920887271,1.6758248320880746,200,200,4,0.02,4,0.2,0.02,4,False
1549178,markov,1.0,16,0.1,source_batch/1549178/markov_1s/seed16,True,False,duration,9.999999999999831,,,,5.7208571332710365,5.720857133271039,2.6107048029453224,0,-4.111297603751396,1.6931299821433736,200,200,0,0,0,0,0,0,False
1549178,markov,1.0,17,0.1,source_batch/1549178/markov_1s/seed17,True,False,duration,9.999999999999831,,,,5.7208571332710365,5.720857133271039,2.6107048029453224,0,-4.111297603751396,1.6931299821433736,200,200,0,0,0,0,0,0,False
1549178,markov,1.0,18,0.1,source_batch/1549178/markov_1s/seed18,True,False,duration,9.999999999999831,,,,5.686937676510092,5.6869376765100945,1.689463419174381,0,-9.26695153419903,1.6292125017408219,200,200,6,0.03,6,0.30000000000000004,0.03,6,False
1549178,markov,1.0,19,0.1,source_batch/1549178/markov_1s/seed19,True,True,collision,4.549999999999947,4.549999999999947,13.15294643793129,10.15294648360584,0,-0.08739096650437794,0,0,-4.111297603751396,13.15294643793129,91,91,71,0.7802197802197802,71,3.5500000000000003,0.7802197802197802,71,False
1549178,markov,1.0,20,0.1,source_batch/1549178/markov_1s/seed20,True,False,duration,9.999999999999831,,,,5.695286208635427,5.695286208635428,2.6700373767607903,0.3000000000000001,-5.6087505114524205,1.6526354234729121,200,200,15,0.075,9,0.45,0.075,9,False
1549178,markov,1.0,21,0.1,source_batch/1549178/markov_1s/seed21,True,False,duration,9.999999999999831,,,,4.7386549230568775,4.738654923056879,1.4019594886758855,0.35000000000000014,-9.999999999999964,1.0164874115733398,200,200,15,0.075,8,0.4,0.075,8,False
1549178,markov,1.0,22,0.1,source_batch/1549178/markov_1s/seed22,True,False,duration,9.999999999999831,,,,5.69588073728147,5.695880737281472,2.0722606440035842,0,-6.614376460116667,1.6539312994521698,200,200,4,0.02,4,0.2,0.02,4,False
1549178,markov,1.0,23,0.1,source_batch/1549178/markov_1s/seed23,True,False,duration,9.999999999999831,,,,5.7208571332710365,5.720857133271039,2.6107048029453224,0,-4.111297603751396,1.6931299821433736,200,200,0,0,0,0,0,0,False
1549178,markov,1.0,24,0.1,source_batch/1549178/markov_1s/seed24,True,False,duration,9.999999999999831,,,,5.144729361399186,5.144729361399188,1.0669374441974184,0,-9.999999999999964,1.6323339070114613,200,200,11,0.055,11,0.55,0.055,11,False
1549178,markov,1.0,25,0.1,source_batch/1549178/markov_1s/seed25,True,True,collision,6.459999999999907,6.459999999999907,11.647652630707592,10.647652630698554,0,-0.071175261356891,0,2.199999999999997,-7.004187023941455,11.647652630707592,130,130,74,0.5692307692307692,44,2.2,0.5692307692307692,44,False
1549178,markov,1.0,26,0.1,source_batch/1549178/markov_1s/seed26,True,True,collision,7.909999999999876,7.909999999999876,12.291628930603977,11.291628930591386,0,-0.05280441213093923,0,0,-4.111297603751396,12.291628930603977,159,159,27,0.16981132075471697,27,1.35,0.16981132075471697,27,False
1549178,markov,1.0,27,0.1,source_batch/1549178/markov_1s/seed27,True,False,duration,9.999999999999831,,,,5.695831313733927,5.69583131373393,2.6702458199812615,0,-5.743449663561151,1.6537151115520505,200,200,18,0.09,18,0.9,0.09,18,False
1549178,markov,1.0,28,0.1,source_batch/1549178/markov_1s/seed28,True,True,collision,9.539999999999841,9.539999999999841,5.440530145308749,4.026316582925922,0,-0.027235018512326015,0,0,-10,5.440530145308749,191,191,22,0.11518324607329843,20,1,0.11518324607329843,20,True
1549178,markov,1.0,29,0.1,source_batch/1549178/markov_1s/seed29,True,False,duration,9.999999999999831,,,,5.7208571332710365,5.720857133271039,2.6107048029453224,0,-4.111297603751396,1.6931299821433736,200,200,0,0,0,0,0,0,False
1549178,markov,1.0,30,0.1,source_batch/1549178/markov_1s/seed30,True,False,duration,9.999999999999831,,,,5.349493957340729,5.34949395734073,2.5434199100962966,0,-5.130632443526029,1.4711162490527527,200,200,4,0.02,4,0.2,0.02,4,False
1549178,markov,1.0,31,0.1,source_batch/1549178/markov_1s/seed31,True,False,duration,9.999999999999831,,,,5.7208571332710365,5.720857133271039,2.6107048029453224,0,-4.111297603751396,1.6931299821433736,200,200,0,0,0,0,0,0,False
1549178,markov,1.0,32,0.1,source_batch/1549178/markov_1s/seed32,True,True,collision,6.1399999999999135,6.1399999999999135,13.13748456881605,12.137484568807723,0,-0.04248844706748933,0,0,-4.631587359523515,13.13748456881605,123,123,32,0.2601626016260163,29,1.4500000000000002,0.2601626016260163,29,False
1549178,markov,1.0,33,0.1,source_batch/1549178/markov_1s/seed33,True,False,duration,9.999999999999831,,,,1.2769019120744813,1.2769019120744813,0.4529023291775112,0,-10,0,200,200,17,0.085,17,0.8500000000000001,0.085,17,False
1549178,markov,1.0,34,0.1,source_batch/1549178/markov_1s/seed34,True,False,duration,9.999999999999831,,,,3.020725031197999,3.0207250311979994,0.7338724658035717,0,-10,0.7027649249505717,200,200,14,0.07,14,0.7000000000000001,0.07,14,False
1549178,markov,1.0,35,0.1,source_batch/1549178/markov_1s/seed35,True,False,duration,9.999999999999831,,,,3.9734906988757364,3.9734906988757395,0.994895231708166,0,-10,1.064322530008268,200,200,20,0.1,11,0.55,0.1,11,False
1549178,markov,1.0,36,0.1,source_batch/1549178/markov_1s/seed36,True,False,duration,9.999999999999831,,,,5.7208571332710365,5.720857133271039,2.6107048029453224,0,-4.111297603751396,1.6931299821433736,200,200,0,0,0,0,0,0,False
1549178,markov,1.0,37,0.1,source_batch/1549178/markov_1s/seed37,True,False,duration,9.999999999999831,,,,5.712937862648483,5.712937862648484,2.6107048029453224,0,-4.111297603751396,1.6819103679363419,200,200,1,0.005,1,0.05,0.005,1,False
1549178,markov,1.0,38,0.1,source_batch/1549178/markov_1s/seed38,True,True,collision,5.82999999999992,5.82999999999992,13.15131325626461,11.151313286714547,0,-0.08423693632152851,0,0,-4.111297603751396,13.15131325626461,117,117,32,0.27350427350427353,32,1.6,0.27350427350427353,32,False
1549178,markov,1.0,39,0.1,source_batch/1549178/markov_1s/seed39,True,False,duration,9.999999999999831,,,,5.689834732771773,5.689834732771775,2.2958912424639903,0,-9.541757821170904,1.6352333957159628,200,200,13,0.065,13,0.65,0.065,13,False
1549178,markov,1.0,40,0.1,source_batch/1549178/markov_1s/seed40,True,False,duration,9.999999999999831,,,,5.317292651479417,5.317292651479418,1.747988520124561,0,-8.955474657861373,1.4718724842615059,200,200,6,0.03,6,0.30000000000000004,0.03,6,False
1549178,markov,1.0,41,0.1,source_batch/1549178/markov_1s/seed41,True,False,duration,9.999999999999831,,,,5.689736825648088,5.6897368256480885,2.754649964466117,1.7000000000000013,-6.639722483568811,1.6368362500010722,200,200,34,0.17,34,1.7000000000000002,0.17,34,False
1549178,markov,1.0,42,0.1,source_batch/1549178/markov_1s/seed42,True,True,collision,4.3599999999999515,4.3599999999999515,13.152739241520045,9.99046162949391,0,-0.09688382935664919,0,3.099999999999978,-9.7704684499071,13.152739241520045,88,88,86,0.9772727272727273,62,3.1,0.9772727272727273,62,False
1549178,markov,1.0,43,0.1,source_batch/1549178/markov_1s/seed43,True,True,collision,9.289999999999846,9.289999999999846,8.404846887243233,6.404846887252868,0,-0.04618765583682993,0,0,-10,8.404846887243233,186,186,31,0.16666666666666666,19,0.9500000000000001,0.16666666666666666,19,True
1549178,markov,1.0,44,0.1,source_batch/1549178/markov_1s/seed44,True,False,duration,9.999999999999831,,,,5.7208571332710365,5.720857133271039,2.6107048029453224,0,-4.111297603751396,1.6931299821433736,200,200,0,0,0,0,0,0,False
1549178,markov,1.0,45,0.1,source_batch/1549178/markov_1s/seed45,True,False,duration,9.999999999999831,,,,5.7208571332710365,5.720857133271039,2.6107048029453224,0,-4.111297603751396,1.6931299821433736,200,200,0,0,0,0,0,0,False
1549178,markov,1.0,46,0.1,source_batch/1549178/markov_1s/seed46,True,False,duration,9.999999999999831,,,,5.650182739907773,5.650182739907775,1.1452827010965179,0.4000000000000002,-9.999999999999964,1.6368766716943142,200,200,18,0.09,10,0.5,0.09,10,False
1549178,markov,1.0,47,0.1,source_batch/1549178/markov_1s/seed47,True,False,duration,9.999999999999831,,,,5.668989723569002,5.668989723569002,2.3128178603129945,0,-6.416744024179977,2.3281744921407563,200,200,6,0.03,4,0.2,0.03,4,False
1549178,markov,1.0,48,0.1,source_batch/1549178/markov_1s/seed48,True,False,duration,9.999999999999831,,,,5.7208571332710365,5.720857133271039,2.6107048029453224,0,-4.111297603751396,1.6931299821433736,200,200,0,0,0,0,0,0,False
1549178,markov,1.0,49,0.1,source_batch/1549178/markov_1s/seed49,True,True,collision,8.389999999999866,8.389999999999866,11.798026227692693,9.798026227700197,0,-0.05963559256052431,0,0,-4.111297603751396,11.798026227692693,168,168,26,0.15476190476190477,26,1.3,0.15476190476190477,26,False
1549178,markov,1.0,50,0.1,source_batch/1549178/markov_1s/seed50,True,False,duration,9.999999999999831,,,,5.710920042881977,5.710920042881979,2.6246770519783245,0,-5.283180788167741,1.6789932916696195,200,200,7,0.035,7,0.35000000000000003,0.035,7,False
1549178,markov,1.0,51,0.1,source_batch/1549178/markov_1s/seed51,True,False,duration,9.999999999999831,,,,5.7208571332710365,5.720857133271039,2.6107048029453224,0,-4.111297603751396,1.6931299821433736,200,200,0,0,0,0,0,0,False
1549178,markov,1.0,52,0.1,source_batch/1549178/markov_1s/seed52,True,False,duration,9.999999999999831,,,,5.7208571332710365,5.720857133271039,2.6107048029453224,0,-4.111297603751396,1.6931299821433736,200,200,0,0,0,0,0,0,False
1549178,markov,1.0,53,0.1,source_batch/1549178/markov_1s/seed53,True,False,duration,9.999999999999831,,,,4.349311277300802,4.349311277300805,0.7601114149285128,0,-6.006069262791014,5.721939168233449,200,200,16,0.08,12,0.6000000000000001,0.08,12,False
1549178,markov,1.0,54,0.1,source_batch/1549178/markov_1s/seed54,True,False,duration,9.999999999999831,,,,5.568746592518353,5.568746592518352,1.8202775978516434,0.5000000000000002,-5.393500004331564,3.0592842537263465,200,200,14,0.07,10,0.5,0.07,10,False
1549178,markov,1.0,55,0.1,source_batch/1549178/markov_1s/seed55,True,False,duration,9.999999999999831,,,,5.6731992126170665,5.673199212617069,1.9627618935859106,0,-6.708216762422969,1.6154072940240047,200,200,5,0.025,5,0.25,0.025,5,False
1549178,markov,1.0,56,0.1,source_batch/1549178/markov_1s/seed56,True,False,duration,9.999999999999831,,,,2.2223691753528545,2.2223691753528554,0.6811116563494214,0,-10,1.7045801586975002,200,200,40,0.2,20,1,0.2,20,False
1549178,markov,1.0,57,0.1,source_batch/1549178/markov_1s/seed57,True,False,duration,9.999999999999831,,,,5.701858773051728,5.701858773051729,2.5719453654904387,2.6999999999999864,-7.433996876918769,1.6373506054365268,200,200,54,0.27,54,2.7,0.27,54,False
1549178,markov,1.0,58,0.1,source_batch/1549178/markov_1s/seed58,True,False,duration,9.999999999999831,,,,3.496089554329321,3.4960895543293224,0.9291471853234236,0,-9.999999999999964,1.5821955139912682,200,200,45,0.225,43,2.15,0.225,43,False
1549178,markov,1.0,59,0.1,source_batch/1549178/markov_1s/seed59,True,True,collision,7.769999999999879,7.769999999999879,12.452870044352505,10.452870044360008,0,-0.08157532511868482,0,0,-4.111297603751396,12.452870044352505,156,156,27,0.17307692307692307,27,1.35,0.17307692307692307,27,False
1549178,markov,1.0,60,0.1,source_batch/1549178/markov_1s/seed60,True,True,collision,9.209999999999848,9.209999999999848,10.93473814985202,8.93473814986734,0,-0.03855834617796017,0,0,-5.375962025097891,10.93473814985202,185,185,36,0.1945945945945946,26,1.3,0.1945945945945946,26,False
1549178,markov,1.0,61,0.1,source_batch/1549178/markov_1s/seed61,True,False,duration,9.999999999999831,,,,5.7208571332710365,5.720857133271039,2.6107048029453224,0,-4.111297603751396,1.6931299821433736,200,200,0,0,0,0,0,0,False
1549178,markov,1.0,62,0.1,source_batch/1549178/markov_1s/seed62,True,False,duration,9.999999999999831,,,,4.775383530141395,4.775383530141397,2.0808856043612973,0,-8.686490028423854,1.4197692368353438,200,200,34,0.17,11,0.55,0.17,11,False
1549178,markov,1.0,63,0.1,source_batch/1549178/markov_1s/seed63,True,False,duration,9.999999999999831,,,,5.7208571332710365,5.720857133271039,2.6107048029453224,0,-4.111297603751396,1.6931299821433736,200,200,0,0,0,0,0,0,False
1549178,markov,1.0,64,0.1,source_batch/1549178/markov_1s/seed64,True,True,collision,9.509999999999842,9.509999999999842,10.76871160539098,8.768711605400615,0,-0.06798125581187175,0,0,-5.60392639912024,10.76871160539098,191,191,38,0.19895287958115182,26,1.3,0.19895287958115182,26,False
1549178,markov,1.0,65,0.1,source_batch/1549178/markov_1s/seed65,True,False,duration,9.999999999999831,,,,5.7208571332710365,5.720857133271039,2.6107048029453224,0,-4.111297603751396,1.6931299821433736,200,200,0,0,0,0,0,0,False
1549178,markov,1.0,66,0.1,source_batch/1549178/markov_1s/seed66,True,True,collision,6.31999999999991,6.31999999999991,8.921900745202157,6.921900745211081,0,-0.06792548773040252,0,0,-10,8.921900745202157,127,127,22,0.1732283464566929,22,1.1,0.1732283464566929,22,True
1549178,markov,1.0,67,0.1,source_batch/1549178/markov_1s/seed67,True,False,duration,9.999999999999831,,,,5.709402755587562,5.709402755587563,2.626770854915367,0,-5.127739762211547,1.6768575809411457,200,200,5,0.025,5,0.25,0.025,5,False
1549178,markov,1.0,68,0.1,source_batch/1549178/markov_1s/seed68,True,False,duration,9.999999999999831,,,,4.931043531136104,4.9310435311361065,1.141331733439208,0,-9.999999999999964,1.5708257587389807,200,200,10,0.05,10,0.5,0.05,10,False
1549178,markov,1.0,69,0.1,source_batch/1549178/markov_1s/seed69,True,False,duration,9.999999999999831,,,,4.921573741218748,4.921573741218751,1.4036623371326555,0,-9.680780377546583,1.3975433751068276,200,200,12,0.06,8,0.4,0.06,8,False
1549178,markov,1.0,70,0.1,source_batch/1549178/markov_1s/seed70,True,False,duration,9.999999999999831,,,,5.703628541213734,5.703628541213737,2.0248637338345565,0,-9.238892703303847,1.6389641884580248,200,200,47,0.235,47,2.35,0.235,47,False
1549178,markov,1.0,71,0.1,source_batch/1549178/markov_1s/seed71,True,True,collision,6.28999999999991,6.28999999999991,13.092133719470826,11.677920157092974,0,-0.06441960122700774,0,0,-5.216480002978852,13.092133719470826,126,126,34,0.2698412698412698,27,1.35,0.2698412698412698,27,False
1549178,markov,1.0,72,0.1,source_batch/1549178/markov_1s/seed72,True,False,duration,9.999999999999831,,,,5.7208571332710365,5.720857133271039,2.6107048029453224,0,-4.111297603751396,1.6931299821433736,200,200,0,0,0,0,0,0,False
1549178,markov,1.0,73,0.1,source_batch/1549178/markov_1s/seed73,True,False,duration,9.999999999999831,,,,5.689923039183026,5.689923039183029,2.6107048029453224,0,-4.111297603751396,1.6628576830386914,200,200,1,0.005,1,0.05,0.005,1,False
1549178,markov,1.0,74,0.1,source_batch/1549178/markov_1s/seed74,True,False,duration,9.999999999999831,,,,5.7208571332710365,5.720857133271039,2.6107048029453224,0,-4.111297603751396,1.6931299821433736,200,200,0,0,0,0,0,0,False
1549178,markov,1.0,75,0.1,source_batch/1549178/markov_1s/seed75,True,False,duration,9.999999999999831,,,,5.455957622434221,5.455957622434221,2.6107048029453224,0,-4.327123296398172,1.9409398570517389,200,200,3,0.015,3,0.15000000000000002,0.015,3,False
1549178,markov,1.0,76,0.1,source_batch/1549178/markov_1s/seed76,True,False,duration,9.999999999999831,,,,2.7714416779321724,2.7714416779321738,0.3387483025079351,0,-4.111297603751396,8.181418644503033,200,200,18,0.09,18,0.9,0.09,18,False
1549178,markov,1.0,77,0.1,source_batch/1549178/markov_1s/seed77,True,False,duration,9.999999999999831,,,,5.7208571332710365,5.720857133271039,2.6107048029453224,0,-4.111297603751396,1.6931299821433736,200,200,0,0,0,0,0,0,False
1549178,markov,1.0,78,0.1,source_batch/1549178/markov_1s/seed78,True,False,duration,9.999999999999831,,,,5.7208571332710365,5.720857133271039,2.6107048029453224,0,-4.111297603751396,1.6931299821433736,200,200,0,0,0,0,0,0,False
1549178,markov,1.0,79,0.1,source_batch/1549178/markov_1s/seed79,True,False,duration,9.999999999999831,,,,3.984229592979584,3.9842295929795846,1.1656471698738609,0,-10,0.8995299452861246,200,200,13,0.065,9,0.45,0.065,9,False
1549178,markov,1.0,80,0.1,source_batch/1549178/markov_1s/seed80,True,False,duration,9.999999999999831,,,,5.7208571332710365,5.720857133271039,2.6107048029453224,0,-4.111297603751396,1.6931299821433736,200,200,0,0,0,0,0,0,False
1549178,markov,1.0,81,0.1,source_batch/1549178/markov_1s/seed81,True,True,collision,5.889999999999919,5.889999999999919,13.150261923059679,11.15026192306434,0,-0.015588398037872153,0,0,-4.111297603751396,13.150261923059679,118,118,31,0.2627118644067797,31,1.55,0.2627118644067797,31,False
1549178,markov,1.0,82,0.1,source_batch/1549178/markov_1s/seed82,True,True,collision,5.229999999999933,5.229999999999933,9.345575476553789,7.345575507004436,0,-0.010909432879772751,0,0,-10,9.345575476553789,105,105,53,0.5047619047619047,27,1.35,0.5047619047619047,27,True
1549178,markov,1.0,83,0.1,source_batch/1549178/markov_1s/seed83,True,False,duration,9.999999999999831,,,,5.694859675433926,5.6948596754339285,2.012844037307548,0,-9.999999999999964,1.6331638954489296,200,200,22,0.11,22,1.1,0.11,22,False
1549178,markov,1.0,84,0.1,source_batch/1549178/markov_1s/seed84,True,False,duration,9.999999999999831,,,,5.71274554674436,5.712745546744362,2.62191224324359,0.35000000000000014,-4.800412780142338,1.6815710315589094,200,200,7,0.035,7,0.35000000000000003,0.035,7,False
1549178,markov,1.0,85,0.1,source_batch/1549178/markov_1s/seed85,True,True,collision,5.889999999999919,5.889999999999919,13.129089491452905,11.129089491457567,0,-0.1079805488710166,0,0,-5.457116212891577,13.129089491452905,118,118,38,0.3220338983050847,28,1.4000000000000001,0.3220338983050847,28,False
1549178,markov,1.0,86,0.1,source_batch/1549178/markov_1s/seed86,True,False,duration,9.999999999999831,,,,5.1289793139399915,5.128979313939993,2.1886869845015906,0,-6.845566150413562,1.2819168642619214,200,200,23,0.115,18,0.9,0.115,18,False
1549178,markov,1.0,87,0.1,source_batch/1549178/markov_1s/seed87,True,False,duration,9.999999999999831,,,,0.8310024567307557,0.831002456730757,0.35648752205038414,0,-10,1.5314379893793395,200,200,20,0.1,20,1,0.1,20,True
1549178,markov,1.0,88,0.1,source_batch/1549178/markov_1s/seed88,True,True,collision,5.239999999999933,5.239999999999933,13.152942705048403,12.152942720266621,0,-0.08429799680508143,0,0,-4.111297603751396,13.152942705048403,105,105,43,0.4095238095238095,43,2.15,0.4095238095238095,43,False
1549178,markov,1.0,89,0.1,source_batch/1549178/markov_1s/seed89,True,False,duration,9.999999999999831,,,,5.7208571332710365,5.720857133271039,2.6107048029453224,0,-4.111297603751396,1.6931299821433736,200,200,0,0,0,0,0,0,False
1549178,markov,1.0,90,0.1,source_batch/1549178/markov_1s/seed90,True,True,collision,4.43999999999995,4.43999999999995,11.42294643796079,7.422946498865639,0,-0.07190339439679416,0,0,-10,11.42294643796079,89,89,74,0.8314606741573034,74,3.7,0.8314606741573034,74,True
1549178,markov,1.0,91,0.1,source_batch/1549178/markov_1s/seed91,True,False,duration,9.999999999999831,,,,5.7208571332710365,5.720857133271039,2.6107048029453224,0,-4.111297603751396,1.6931299821433736,200,200,0,0,0,0,0,0,False
1549178,markov,1.0,92,0.1,source_batch/1549178/markov_1s/seed92,True,True,collision,7.23999999999989,7.23999999999989,12.832588539359461,10.832588539371228,0,-0.006005192753902655,0,0,-4.111297603751396,12.832588539359461,145,145,27,0.18620689655172415,27,1.35,0.18620689655172415,27,False
1549178,markov,1.0,93,0.1,source_batch/1549178/markov_1s/seed93,True,False,duration,9.999999999999831,,,,5.7208571332710365,5.720857133271039,2.6107048029453224,0,-4.111297603751396,1.6931299821433736,200,200,0,0,0,0,0,0,False
1549178,markov,1.0,94,0.1,source_batch/1549178/markov_1s/seed94,True,True,collision,8.239999999999869,8.239999999999869,11.728270761939529,9.728270761952716,0,-0.0676299305159338,0,0,-4.111297603751396,11.728270761939529,165,165,31,0.18787878787878787,26,1.3,0.18787878787878787,26,False
1549178,markov,1.0,95,0.1,source_batch/1549178/markov_1s/seed95,True,False,duration,9.999999999999831,,,,3.130895793852338,3.1308957938523374,0.7816339841113372,0,-10,2.949434199093154,200,200,13,0.065,13,0.65,0.065,13,False
1549178,markov,1.0,96,0.1,source_batch/1549178/markov_1s/seed96,True,False,duration,9.999999999999831,,,,4.647889644086882,4.647889644086883,1.0063941351162464,0,-9.999999999999964,1.6632664446869263,200,200,22,0.11,11,0.55,0.11,11,False
1549178,markov,1.0,97,0.1,source_batch/1549178/markov_1s/seed97,True,False,duration,9.999999999999831,,,,5.691499908162372,5.691499908162374,2.702910618239531,0,-6.088912564968751,1.6443545170831022,200,200,26,0.13,26,1.3,0.13,26,False
1549178,markov,1.0,98,0.1,source_batch/1549178/markov_1s/seed98,True,True,collision,8.439999999999864,8.439999999999864,11.727448662442143,9.727448662450357,0,-0.024610222351434174,0,0,-4.111297603751396,11.727448662442143,169,169,26,0.15384615384615385,26,1.3,0.15384615384615385,26,False
1549178,markov,1.0,99,0.1,source_batch/1549178/markov_1s/seed99,True,True,collision,5.429999999999929,5.429999999999929,13.152902702147108,12.152902717365325,0,-0.09040821905993468,0,0,-4.111297603751396,13.152902702147108,109,109,38,0.3486238532110092,38,1.9000000000000001,0.3486238532110092,38,False
1554254,ideal,,,0,source_batch/1554254/ideal,True,False,duration,9.999999999999831,,,,8.316741566385394,8.316723325718492,2.372211302254024,0,-4.009112120515468,3.505894823878514,200,200,0,0,0,0,,,False
1554254,iid,,0,0.1,source_batch/1554254/iid/seed0,True,False,duration,9.999999999999831,,,,7.739876069226407,7.739856913548468,2.487361936051284,0,-8.222835218306912,3.1116729742337297,200,200,25,0.125,3,0.15000000000000002,,,False
1554254,iid,,1,0.1,source_batch/1554254/iid/seed1,True,False,duration,9.999999999999831,,,,7.510410399624996,7.510400238249857,2.119915840052295,0,-7.6874115037119495,3.537330948404834,200,200,21,0.105,2,0.1,,,False
1554254,iid,,2,0.1,source_batch/1554254/iid/seed2,True,False,duration,9.999999999999831,,,,7.990269289348731,7.99025040711408,2.374338855294686,0,-6.11159635382279,3.3652527689112794,200,200,15,0.075,2,0.1,,,False
1554254,iid,,3,0.1,source_batch/1554254/iid/seed3,True,False,duration,9.999999999999831,,,,7.287373884956165,7.287360975909292,1.878926147469358,0,-6.584617239977852,3.878471213849631,200,200,30,0.15,3,0.15000000000000002,,,False
1554254,iid,,4,0.1,source_batch/1554254/iid/seed4,True,False,duration,9.999999999999831,,,,7.596020659200271,7.596010054405949,2.6049586754397684,0,-7.420522572244437,2.9329309176358858,200,200,26,0.13,3,0.15000000000000002,,,False
1554254,iid,,5,0.1,source_batch/1554254/iid/seed5,True,False,duration,9.999999999999831,,,,7.574540573558635,7.5745300800206286,2.252528656901949,0,-6.384160704523367,3.3626786752797093,200,200,19,0.095,1,0.05,,,False
1554254,iid,,6,0.1,source_batch/1554254/iid/seed6,True,False,duration,9.999999999999831,,,,7.715054361289994,7.715043139959442,2.550047809153932,0,-6.98396719997767,3.029980990036085,200,200,21,0.105,2,0.1,,,False
1554254,iid,,7,0.1,source_batch/1554254/iid/seed7,True,False,duration,9.999999999999831,,,,7.8225678865380575,7.8225483025570375,2.40369753887315,0,-6.178620179816363,3.254381292175486,200,200,18,0.09,1,0.05,,,False
1554254,iid,,8,0.1,source_batch/1554254/iid/seed8,True,False,duration,9.999999999999831,,,,7.934210706416551,7.934190544180447,2.37822696035508,0,-7.45630168195941,3.336178874616675,200,200,22,0.11,2,0.1,,,False
1554254,iid,,9,0.1,source_batch/1554254/iid/seed9,True,False,duration,9.999999999999831,,,,7.69764225582953,7.69762469105457,2.2184018841135487,0,-5.7889393518948395,3.4698963908112908,200,200,18,0.09,2,0.1,,,False
1554254,iid,,10,0.1,source_batch/1554254/iid/seed10,True,False,duration,9.999999999999831,,,,7.796272306292586,7.796252858509781,2.1844091542797734,0,-4.359972874224649,3.5681369501835585,200,200,15,0.075,2,0.1,,,False
1554254,iid,,11,0.1,source_batch/1554254/iid/seed11,True,False,duration,9.999999999999831,,,,7.680573188890707,7.680556858904134,2.430568658728932,0,-6.968393267223227,3.1599835007008967,200,200,29,0.145,2,0.1,,,False
1554254,iid,,12,0.1,source_batch/1554254/iid/seed12,True,False,duration,9.999999999999831,,,,7.715028518397472,7.715009695887967,2.416902315881808,0,-6.685883380924018,3.192106542822001,200,200,20,0.1,2,0.1,,,False
1554254,iid,,13,0.1,source_batch/1554254/iid/seed13,True,False,duration,9.999999999999831,,,,7.903983925909245,7.903963920233049,2.273344221411452,0,-7.379931295933773,3.1985778872670982,200,200,22,0.11,2,0.1,,,False
1554254,iid,,14,0.1,source_batch/1554254/iid/seed14,True,False,duration,9.999999999999831,,,,7.849245288513737,7.849237275031512,2.302935655301944,0,-9.161915874417659,3.116447459093564,200,200,27,0.135,3,0.15000000000000002,,,False
1554254,iid,,15,0.1,source_batch/1554254/iid/seed15,True,False,duration,9.999999999999831,,,,7.965986059904766,7.96596651869359,2.190850401332675,0,-4.876441974099954,3.636015728800088,200,200,16,0.08,1,0.05,,,False
1554254,iid,,16,0.1,source_batch/1554254/iid/seed16,True,False,duration,9.999999999999831,,,,7.942383887233018,7.942363705527224,2.355724616279279,0,-5.410274981549623,3.3715161995767122,200,200,17,0.085,2,0.1,,,False
1554254,iid,,17,0.1,source_batch/1554254/iid/seed17,True,False,duration,9.999999999999831,,,,7.854960281579778,7.85494052982203,2.365462418097114,0,-5.76477421659547,3.3206786418280543,200,200,19,0.095,1,0.05,,,False
1554254,iid,,18,0.1,source_batch/1554254/iid/seed18,True,False,duration,9.999999999999831,,,,7.4314012011842685,7.431389553814605,2.1279286877684305,0.05,-7.688597155186727,3.48682173168714,200,200,31,0.155,2,0.1,,,False
1554254,iid,,19,0.1,source_batch/1554254/iid/seed19,True,False,duration,9.999999999999831,,,,7.693032124141009,7.6930148928662385,2.118573208399289,0,-5.7324867677801095,3.6265804624225004,200,200,18,0.09,3,0.15000000000000002,,,False
1554254,iid,,20,0.1,source_batch/1554254/iid/seed20,True,False,duration,9.999999999999831,,,,7.932080671599454,7.932060520395885,2.3746343147325257,0,-6.373050124955881,3.34032927562126,200,200,16,0.08,1,0.05,,,False
1554254,iid,,21,0.1,source_batch/1554254/iid/seed21,True,False,duration,9.999999999999831,,,,8.10724551474244,8.107228359162399,2.414727370893706,0,-5.202058377636831,3.3574093940724503,200,200,11,0.055,2,0.1,,,False
1554254,iid,,22,0.1,source_batch/1554254/iid/seed22,True,False,duration,9.999999999999831,,,,7.692341050908225,7.69232386962618,2.5320628345915797,0,-6.249945839530646,3.037967211768245,200,200,22,0.11,2,0.1,,,False
1554254,iid,,23,0.1,source_batch/1554254/iid/seed23,True,False,duration,9.999999999999831,,,,7.8659722361062405,7.865952427311963,2.370391512250403,0,-5.743028920325344,3.318419082527081,200,200,18,0.09,2,0.1,,,False
1554254,iid,,24,0.1,source_batch/1554254/iid/seed24,True,False,duration,9.999999999999831,,,,7.408015371836044,7.408003089842697,2.3679802970499346,0.05,-6.327865979527836,3.1284057131183474,200,200,23,0.115,1,0.05,,,False
1554254,iid,,25,0.1,source_batch/1554254/iid/seed25,True,False,duration,9.999999999999831,,,,7.718360098018945,7.718341053783189,2.299071228175322,0,-5.552195736610344,3.3571561242619343,200,200,16,0.08,2,0.1,,,False
1554254,iid,,26,0.1,source_batch/1554254/iid/seed26,True,False,duration,9.999999999999831,,,,7.695752636631091,7.695735208552521,2.4370037354301863,0,-6.1837426280543895,3.1578676292812697,200,200,21,0.105,2,0.1,,,False
1554254,iid,,27,0.1,source_batch/1554254/iid/seed27,True,False,duration,9.999999999999831,,,,7.750630494630426,7.750611283249834,2.2611683390386768,0,-7.313794147152031,3.4277020199853694,200,200,29,0.145,3,0.15000000000000002,,,False
1554254,iid,,28,0.1,source_batch/1554254/iid/seed28,True,False,duration,9.999999999999831,,,,8.044232123894222,8.044214706054632,2.4124662872715876,0.05,-5.642036476674939,3.3344361114999654,200,200,13,0.065,2,0.1,,,False
1554254,iid,,29,0.1,source_batch/1554254/iid/seed29,True,False,duration,9.999999999999831,,,,7.151898680945592,7.15188647359387,2.26418769417871,0,-7.381887068559578,3.1578342886923103,200,200,25,0.125,2,0.1,,,False
1554254,iid,,30,0.1,source_batch/1554254/iid/seed30,True,False,duration,9.999999999999831,,,,7.873043490843724,7.8730236454238165,2.02000231785976,0,-6.844269106151657,3.888891959373607,200,200,18,0.09,1,0.05,,,False
1554254,iid,,31,0.1,source_batch/1554254/iid/seed31,True,False,duration,9.999999999999831,,,,8.022864439003452,8.022846441306772,2.349144437621877,0,-6.987784819642329,3.274740712638074,200,200,19,0.095,3,0.15000000000000002,,,False
1554254,iid,,32,0.1,source_batch/1554254/iid/seed32,True,False,duration,9.999999999999831,,,,7.847954044271965,7.847934328803091,2.275882976577895,0,-6.61610519710738,3.448303102386901,200,200,24,0.12,2,0.1,,,False
1554254,iid,,33,0.1,source_batch/1554254/iid/seed33,True,False,duration,9.999999999999831,,,,7.949607717135525,7.949587731463553,2.384219583530579,0,-5.511520828914662,3.3342515036688503,200,200,14,0.07,1,0.05,,,False
1554254,iid,,34,0.1,source_batch/1554254/iid/seed34,True,False,duration,9.999999999999831,,,,7.49263587021915,7.492625800907363,2.063625036006576,0,-9.527160352063113,3.13769114419611,200,200,24,0.12,3,0.15000000000000002,,,False
1554254,iid,,35,0.1,source_batch/1554254/iid/seed35,True,False,duration,9.999999999999831,,,,7.587532529166227,7.587521968336259,1.8862936958336982,0,-7.394925219856674,4.022449942495699,200,200,24,0.12,3,0.15000000000000002,,,False
1554254,iid,,36,0.1,source_batch/1554254/iid/seed36,True,False,duration,9.999999999999831,,,,7.819573969675563,7.819554401201565,2.34359636807635,0,-4.837068691725932,3.336561921547925,200,200,17,0.085,1,0.05,,,False
1554254,iid,,37,0.1,source_batch/1554254/iid/seed37,True,False,duration,9.999999999999831,,,,7.88297053320846,7.882950636371336,2.4761241131950453,0.05,-5.315423158261279,3.183584616927638,200,200,19,0.095,2,0.1,,,False
1554254,iid,,38,0.1,source_batch/1554254/iid/seed38,True,False,duration,9.999999999999831,,,,7.889460837010773,7.8894409065570565,2.2955611015157524,0.05,-6.2903291878742,3.436824618324331,200,200,21,0.105,1,0.05,,,False
1554254,iid,,39,0.1,source_batch/1554254/iid/seed39,True,False,duration,9.999999999999831,,,,8.124875710341868,8.124858463446056,2.4196264284785323,0,-5.957619298373729,3.357897883664211,200,200,13,0.065,1,0.05,,,False
1554254,iid,,40,0.1,source_batch/1554254/iid/seed40,True,False,duration,9.999999999999831,,,,7.897375460807501,7.897355489359911,2.376505292486025,0,-6.565633715115737,3.3230961085294326,200,200,17,0.085,2,0.1,,,False
1554254,iid,,41,0.1,source_batch/1554254/iid/seed41,True,False,duration,9.999999999999831,,,,7.42137658180327,7.421364662394468,2.0441710758638987,0,-7.479445302302334,3.6305007687568827,200,200,28,0.14,2,0.1,,,False
1554254,iid,,42,0.1,source_batch/1554254/iid/seed42,True,False,duration,9.999999999999831,,,,7.594511364839688,7.594500767862772,2.2399133628909995,0,-7.512593647595089,3.390533265117335,200,200,26,0.13,2,0.1,,,False
1554254,iid,,43,0.1,source_batch/1554254/iid/seed43,True,False,duration,9.999999999999831,,,,8.088108976056263,8.088091919594113,2.4281412877107225,0,-6.599306612470279,3.3309807631580006,200,200,14,0.07,2,0.1,,,False
1554254,iid,,44,0.1,source_batch/1554254/iid/seed44,True,False,duration,9.999999999999831,,,,7.343596783671774,7.343583583417845,2.2912731864985028,0,-4.924243623411417,3.2050231402743488,200,200,24,0.12,1,0.05,,,False
1554254,iid,,45,0.1,source_batch/1554254/iid/seed45,True,False,duration,9.999999999999831,,,,7.644968018730397,7.644957160412747,2.3817618288845797,0,-7.2740430722554095,2.9692275164152475,200,200,24,0.12,3,0.15000000000000002,,,False
1554254,iid,,46,0.1,source_batch/1554254/iid/seed46,True,False,duration,9.999999999999831,,,,7.982741442096697,7.98272235557807,2.3095318779741705,0,-7.448581734234061,3.4564244086469147,200,200,18,0.09,1,0.05,,,False
1554254,iid,,47,0.1,source_batch/1554254/iid/seed47,True,False,duration,9.999999999999831,,,,7.699963392463633,7.699945659776003,2.2516073452311383,0,-6.52650182268939,3.4197550812242388,200,200,21,0.105,3,0.15000000000000002,,,False
1554254,iid,,48,0.1,source_batch/1554254/iid/seed48,True,False,duration,9.999999999999831,,,,7.863350827731498,7.863331032514833,2.1756132048461074,0,-5.840477244779763,3.613307121659772,200,200,16,0.08,1,0.05,,,False
1554254,iid,,49,0.1,source_batch/1554254/iid/seed49,True,False,duration,9.999999999999831,,,,7.710016738750878,7.709998278797063,2.4968767999357953,0,-7.0354116553382084,3.087856909478,200,200,26,0.13,2,0.1,,,False
1554254,iid,,50,0.1,source_batch/1554254/iid/seed50,True,False,duration,9.999999999999831,,,,7.475749467179763,7.475739023293612,2.0894148438250886,0,-6.124917216215664,3.577910363462235,200,200,26,0.13,2,0.1,,,False
1554254,iid,,51,0.1,source_batch/1554254/iid/seed51,True,False,duration,9.999999999999831,,,,7.804728657117549,7.804709165534992,2.334066934979101,0,-6.1435491679917575,3.3438240560161465,200,200,19,0.095,2,0.1,,,False
1554254,iid,,52,0.1,source_batch/1554254/iid/seed52,True,False,duration,9.999999999999831,,,,7.895186047137734,7.895166087030236,2.3313537794918884,0,-7.5829448620064355,3.302041076724308,200,200,14,0.07,2,0.1,,,False
1554254,iid,,53,0.1,source_batch/1554254/iid/seed53,True,False,duration,9.999999999999831,,,,7.917381603945223,7.917361528875621,2.454271671815404,0,-5.444501482001485,3.2259515602114313,200,200,19,0.095,2,0.1,,,False
1554254,iid,,54,0.1,source_batch/1554254/iid/seed54,True,False,duration,9.999999999999831,,,,7.421322610757777,7.421310689884355,2.2276688785718015,0,-7.390328898622478,3.330527326933478,200,200,27,0.135,3,0.15000000000000002,,,False
1554254,iid,,55,0.1,source_batch/1554254/iid/seed55,True,False,duration,9.999999999999831,,,,8.005690134664318,8.00567167090675,2.337822791361343,0,-7.203470090259323,3.424413390308745,200,200,16,0.08,2,0.1,,,False
1554254,iid,,56,0.1,source_batch/1554254/iid/seed56,True,False,duration,9.999999999999831,,,,7.563849812176032,7.5638393740109295,2.5097065545633592,0,-6.179446129930177,3.0138341712730203,200,200,27,0.135,2,0.1,,,False
1554254,iid,,57,0.1,source_batch/1554254/iid/seed57,True,False,duration,9.999999999999831,,,,7.590732384192444,7.590721806788797,2.4262648844254944,0,-5.924853993165957,3.128562695489109,200,200,26,0.13,3,0.15000000000000002,,,False
1554254,iid,,58,0.1,source_batch/1554254/iid/seed58,True,False,duration,9.999999999999831,,,,7.8414473614968685,7.841427679729423,2.2765351401596736,0,-4.07101760546098,3.444457123196189,200,200,12,0.06,2,0.1,,,False
1554254,iid,,59,0.1,source_batch/1554254/iid/seed59,True,False,duration,9.999999999999831,,,,8.058715992529663,8.058698967740323,2.3740246159052854,0,-5.657481880789561,3.3945305005471917,200,200,12,0.06,1,0.05,,,False
1554254,iid,,60,0.1,source_batch/1554254/iid/seed60,True,False,duration,9.999999999999831,,,,7.826636116057826,7.826616511005372,2.1688673507837732,0,-6.624306501176225,3.607111593551111,200,200,22,0.11,3,0.15000000000000002,,,False
1554254,iid,,61,0.1,source_batch/1554254/iid/seed61,True,False,duration,9.999999999999831,,,,7.693517911273799,7.693500644856845,2.3727688908000477,0,-6.645913854683094,3.242414663596992,200,200,20,0.1,2,0.1,,,False
1554254,iid,,62,0.1,source_batch/1554254/iid/seed62,True,False,duration,9.999999999999831,,,,7.873764798053372,7.873744948897444,1.9642943730333309,0,-4.9312054841642805,3.996995903176016,200,200,17,0.085,3,0.15000000000000002,,,False
1554254,iid,,63,0.1,source_batch/1554254/iid/seed63,True,False,duration,9.999999999999831,,,,7.505863362223008,7.505853224399293,2.1237952615601356,0,-9.091606871849756,3.478850252403442,200,200,27,0.135,3,0.15000000000000002,,,False
1554254,iid,,64,0.1,source_batch/1554254/iid/seed64,True,False,duration,9.999999999999831,,,,7.748874950082773,7.748855747795042,2.447545599967417,0,-5.261419963427372,3.1659699201919667,200,200,21,0.105,2,0.1,,,False
1554254,iid,,65,0.1,source_batch/1554254/iid/seed65,True,False,duration,9.999999999999831,,,,8.025368952510153,8.025351022778715,2.446093222790532,0,-6.048323476731632,3.2808851878602154,200,200,16,0.08,2,0.1,,,False
1554254,iid,,66,0.1,source_batch/1554254/iid/seed66,True,False,duration,9.999999999999831,,,,7.676265518693726,7.676249500327059,2.3543900477381854,0,-5.046730828210144,3.260398381186446,200,200,21,0.105,1,0.05,,,False
1554254,iid,,67,0.1,source_batch/1554254/iid/seed67,True,False,duration,9.999999999999831,,,,7.902196730468991,7.902176734049591,2.44728764838585,0,-4.603494703744371,3.2289529754549307,200,200,17,0.085,2,0.1,,,False
1554254,iid,,68,0.1,source_batch/1554254/iid/seed68,True,False,duration,9.999999999999831,,,,7.643865717504574,7.643852042962462,2.084913019146135,0,-6.152903749855554,3.666269035095268,200,200,22,0.11,1,0.05,,,False
1554254,iid,,69,0.1,source_batch/1554254/iid/seed69,True,False,duration,9.999999999999831,,,,7.668486718901858,7.668471263259078,2.0756137390187948,0,-4.4846660680336825,3.6876872983831794,200,200,17,0.085,2,0.1,,,False
1554254,iid,,70,0.1,source_batch/1554254/iid/seed70,True,False,duration,9.999999999999831,,,,7.666846327865862,7.666830990890129,2.358638494079522,0,-4.311523733020373,3.2505324618990294,200,200,18,0.09,2,0.1,,,False
1554254,iid,,71,0.1,source_batch/1554254/iid/seed71,True,False,duration,9.999999999999831,,,,7.462546999375405,7.46253619721251,2.2438483146267223,0,-6.635192576385229,3.325775699082381,200,200,24,0.12,3,0.15000000000000002,,,False
1554254,iid,,72,0.1,source_batch/1554254/iid/seed72,True,False,duration,9.999999999999831,,,,7.712719517419887,7.712700861945149,2.305419306879819,0,-5.252596295254719,3.345465546735447,200,200,13,0.065,2,0.1,,,False
1554254,iid,,73,0.1,source_batch/1554254/iid/seed73,True,False,duration,9.999999999999831,,,,7.8966718731777785,7.896651905374429,2.458890083749175,0.05,-5.843831462558491,3.211470068370875,200,200,18,0.09,3,0.15000000000000002,,,False
1554254,iid,,74,0.1,source_batch/1554254/iid/seed74,True,False,duration,9.999999999999831,,,,7.6067343618372005,7.60672337340364,2.2883075913660846,0.05,-8.16595153846098,3.324169968278846,200,200,23,0.115,3,0.15000000000000002,,,False
1554254,iid,,75,0.1,source_batch/1554254/iid/seed75,True,False,duration,9.999999999999831,,,,7.183504441501574,7.183492070447504,2.1245133665096345,0.09999999999999999,-6.14990881930515,3.3742555984699427,200,200,20,0.1,2,0.1,,,False
1554254,iid,,76,0.1,source_batch/1554254/iid/seed76,True,False,duration,9.999999999999831,,,,7.871660314789652,7.871640476533915,2.3712291877780625,0,-5.658282679153093,3.319645573319701,200,200,13,0.065,2,0.1,,,False
1554254,iid,,77,0.1,source_batch/1554254/iid/seed77,True,False,duration,9.999999999999831,,,,7.502043709209151,7.502033591169369,2.3402287332189937,0,-7.313303350177058,3.2056839080213724,200,200,29,0.145,2,0.1,,,False
1554254,iid,,78,0.1,source_batch/1554254/iid/seed78,True,False,duration,9.999999999999831,,,,8.043798461253237,8.043781031645295,2.281811195416931,0,-5.674003579146714,3.525173795185776,200,200,14,0.07,2,0.1,,,False
1554254,iid,,79,0.1,source_batch/1554254/iid/seed79,True,False,duration,9.999999999999831,,,,7.694877798832093,7.694860434039907,2.026338882788957,0,-7.385228392309884,3.7882814833863674,200,200,18,0.09,3,0.15000000000000002,,,False
1554254,iid,,80,0.1,source_batch/1554254/iid/seed80,True,False,duration,9.999999999999831,,,,7.666059692858095,7.666048725295911,2.6273889167754074,0.05,-5.325762881476237,2.978164478668381,200,200,22,0.11,2,0.1,,,False
1554254,iid,,81,0.1,source_batch/1554254/iid/seed81,True,False,duration,9.999999999999831,,,,7.727608283007652,7.727589190870829,2.1378445323271604,0.05,-8.830353519571332,3.1540026766126545,200,200,19,0.095,3,0.15000000000000002,,,False
1554254,iid,,82,0.1,source_batch/1554254/iid/seed82,True,False,duration,9.999999999999831,,,,8.007610295944732,8.007591884294783,2.400298041253844,0,-5.388352598897672,3.336082330889149,200,200,13,0.065,2,0.1,,,False
1554254,iid,,83,0.1,source_batch/1554254/iid/seed83,True,False,duration,9.999999999999831,,,,7.9245765832058055,7.924556470869738,2.27185864421009,0,-5.4643616718102805,3.488138001484266,200,200,12,0.06,2,0.1,,,False
1554254,iid,,84,0.1,source_batch/1554254/iid/seed84,True,False,duration,9.999999999999831,,,,8.021187559383604,8.021169516181264,2.3039990540269404,0,-6.393789003013062,3.481411809680141,200,200,17,0.085,1,0.05,,,False
1554254,iid,,85,0.1,source_batch/1554254/iid/seed85,True,False,duration,9.999999999999831,,,,7.755621105366383,7.755601868136872,2.520219539762428,0.05,-6.949962418639544,3.0773516932846112,200,200,23,0.115,2,0.1,,,False
1554254,iid,,86,0.1,source_batch/1554254/iid/seed86,True,False,duration,9.999999999999831,,,,7.547592671590283,7.5475823176292005,2.3072147289335447,0,-6.372189561828812,3.2712960016157195,200,200,24,0.12,2,0.1,,,False
1554254,iid,,87,0.1,source_batch/1554254/iid/seed87,True,False,duration,9.999999999999831,,,,7.325415440104437,7.325402334020954,2.1138042067196725,0,-6.455344726417778,3.4587996360526927,200,200,25,0.125,2,0.1,,,False
1554254,iid,,88,0.1,source_batch/1554254/iid/seed88,True,False,duration,9.999999999999831,,,,7.825984354753118,7.825964753076465,2.402104966401808,0,-7.8011004537705375,3.2579611892644453,200,200,23,0.115,2,0.1,,,False
1554254,iid,,89,0.1,source_batch/1554254/iid/seed89,True,False,duration,9.999999999999831,,,,7.742840376007425,7.7428212049758285,2.055896986093264,0,-5.91852556904211,3.758724063365625,200,200,21,0.105,2,0.1,,,False
1554254,iid,,90,0.1,source_batch/1554254/iid/seed90,True,False,duration,9.999999999999831,,,,8.009191108986125,8.009172740234863,2.4475296933577857,0,-4.526324190366182,3.272349570250572,200,200,12,0.06,2,0.1,,,False
1554254,iid,,91,0.1,source_batch/1554254/iid/seed91,True,False,duration,9.999999999999831,,,,7.657209390869021,7.6571947510361325,2.257129832907798,0,-5.895909329195614,3.3924476294620507,200,200,23,0.115,3,0.15000000000000002,,,False
1554254,iid,,92,0.1,source_batch/1554254/iid/seed92,True,False,duration,9.999999999999831,,,,7.919584408249893,7.919564321770843,2.487793104647976,0,-6.179521755415962,3.1833693513237167,200,200,21,0.105,2,0.1,,,False
1554254,iid,,93,0.1,source_batch/1554254/iid/seed93,True,False,duration,9.999999999999831,,,,7.949477039893768,7.949457050675595,2.1888429620146086,0,-5.344858168195721,3.631807849458019,200,200,15,0.075,2,0.1,,,False
1554254,iid,,94,0.1,source_batch/1554254/iid/seed94,True,False,duration,9.999999999999831,,,,7.69112640194778,7.6911093085343,2.3126540522875993,0,-5.626443301979478,3.3256635599805833,200,200,18,0.09,2,0.1,,,False
1554254,iid,,95,0.1,source_batch/1554254/iid/seed95,True,False,duration,9.999999999999831,,,,7.879232659768933,7.87921278229216,2.4741620807288602,0,-5.877209996926602,3.1845984722112597,200,200,20,0.1,2,0.1,,,False
1554254,iid,,96,0.1,source_batch/1554254/iid/seed96,True,False,duration,9.999999999999831,,,,7.860596866659095,7.8605770857065975,2.4575648781004937,0,-6.487501112152927,3.1985227148030417,200,200,18,0.09,3,0.15000000000000002,,,False
1554254,iid,,97,0.1,source_batch/1554254/iid/seed97,True,False,duration,9.999999999999831,,,,7.693267885873946,7.693250637544007,2.1968298944564766,0,-5.376763836754783,3.5010970765331226,200,200,16,0.08,2,0.1,,,False
1554254,iid,,98,0.1,source_batch/1554254/iid/seed98,True,False,duration,9.999999999999831,,,,7.831452299044503,7.8314326690465785,1.9680451121734124,0,-7.220655598415249,3.979295302025841,200,200,20,0.1,2,0.1,,,False
1554254,iid,,99,0.1,source_batch/1554254/iid/seed99,True,False,duration,9.999999999999831,,,,8.006242976259054,8.006224527504006,2.305890141125846,0,-7.659850145879865,3.4720754405042835,200,200,18,0.09,1,0.05,,,False
1554254,markov,0.2,0,0.1,source_batch/1554254/markov_0.2s/seed0,True,False,duration,9.999999999999831,,,,6.958240175763565,6.958236889021666,1.333876782229169,0,-9.999999999999964,3.0869395136494577,200,200,33,0.165,11,0.55,0.165,11,False
1554254,markov,0.2,1,0.1,source_batch/1554254/markov_0.2s/seed1,True,False,duration,9.999999999999831,,,,7.985714354551828,7.985695348709437,2.460962563950821,0,-8.563090037025134,3.2449479182199457,200,200,24,0.12,13,0.65,0.12,13,False
1554254,markov,0.2,2,0.1,source_batch/1554254/markov_0.2s/seed2,True,False,duration,9.999999999999831,,,,8.079048279985415,8.079031270453228,1.827949420632512,0,-9.999999999999964,3.3189929695444023,200,200,16,0.08,7,0.35000000000000003,0.08,7,False
1554254,markov,0.2,3,0.1,source_batch/1554254/markov_0.2s/seed3,True,False,duration,9.999999999999831,,,,7.933103579996272,7.93308342349454,2.4521429499793514,0,-7.713979490795175,3.2351635224044917,200,200,11,0.055,4,0.2,0.055,4,False
1554254,markov,0.2,4,0.1,source_batch/1554254/markov_0.2s/seed4,True,False,duration,9.999999999999831,,,,5.502397645875359,5.502391725298564,1.3324259054617875,0,-10,3.3847754703480653,200,200,38,0.19,9,0.45,0.19,9,False
1554254,markov,0.2,5,0.1,source_batch/1554254/markov_0.2s/seed5,True,False,duration,9.999999999999831,,,,7.647308029695315,7.647300103982213,2.1770348216223687,0,-8.381896866290628,2.9695126717120823,200,200,19,0.095,6,0.30000000000000004,0.095,6,False
1554254,markov,0.2,6,0.1,source_batch/1554254/markov_0.2s/seed6,True,False,duration,9.999999999999831,,,,6.315018780618135,6.3150132876317,1.0999910062209906,0,-9.999999999999964,4.470782317409719,200,200,32,0.16,12,0.6000000000000001,0.16,12,False
1554254,markov,0.2,7,0.1,source_batch/1554254/markov_0.2s/seed7,True,False,duration,9.999999999999831,,,,8.035585984356924,8.035568331886143,2.4470887709218863,0,-8.32799458344855,3.283725718237398,200,200,15,0.075,6,0.30000000000000004,0.075,6,False
1554254,markov,0.2,8,0.1,source_batch/1554254/markov_0.2s/seed8,True,False,duration,9.999999999999831,,,,7.848480970722073,7.848469058307086,1.9013470559885715,0,-9.999999999999964,3.121001250110298,200,200,21,0.105,6,0.30000000000000004,0.105,6,False
1554254,markov,0.2,9,0.1,source_batch/1554254/markov_0.2s/seed9,True,False,duration,9.999999999999831,,,,5.171482370271171,5.171464808938988,0.5316195074463885,0,-6.1475990735416985,9.727755916595116,200,200,29,0.145,18,0.9,0.145,18,False
1554254,markov,0.2,10,0.1,source_batch/1554254/markov_0.2s/seed10,True,True,collision,5.649999999999924,5.649999999999924,9.889501554359057,6.283950773141751,0,-0.016490128810042748,0,0,-10,9.889501554359057,113,113,39,0.34513274336283184,13,0.65,0.34513274336283184,13,True
1554254,markov,0.2,11,0.1,source_batch/1554254/markov_0.2s/seed11,True,False,duration,9.999999999999831,,,,7.192268719315053,7.192266750828834,1.5459315869042602,0,-9.999999999999964,3.1765175748848344,200,200,35,0.175,9,0.45,0.175,9,False
1554254,markov,0.2,12,0.1,source_batch/1554254/markov_0.2s/seed12,True,False,duration,9.999999999999831,,,,8.051074665168377,8.05105743301554,2.432131749391938,0,-5.972736389086819,3.310288365352083,200,200,11,0.055,3,0.15000000000000002,0.055,3,False
1554254,markov,0.2,13,0.1,source_batch/1554254/markov_0.2s/seed13,True,False,duration,9.999999999999831,,,,8.126367744156404,8.126350489532587,2.3622963325111184,0,-8.23631899129218,3.3715202124635506,200,200,10,0.05,4,0.2,0.05,4,False
1554254,markov,0.2,14,0.1,source_batch/1554254/markov_0.2s/seed14,True,False,duration,9.999999999999831,,,,6.406452498928517,6.406446517046314,1.7409420996695204,0,-9.999999999999964,2.8570102359886516,200,200,36,0.18,7,0.35000000000000003,0.18,7,False
1554254,markov,0.2,15,0.1,source_batch/1554254/markov_0.2s/seed15,True,False,duration,9.999999999999831,,,,7.894097797209306,7.894077842738411,2.1959507988334384,0,-7.462026289791801,3.564935283852538,200,200,18,0.09,5,0.25,0.09,5,False
1554254,markov,0.2,16,0.1,source_batch/1554254/markov_0.2s/seed16,True,False,duration,9.999999999999831,,,,7.234073281021871,7.234068518935834,1.472296640125153,0,-9.999999999999964,3.218340775787466,200,200,35,0.175,11,0.55,0.175,11,False
1554254,markov,0.2,17,0.1,source_batch/1554254/markov_0.2s/seed17,True,False,duration,9.999999999999831,,,,7.662061880293354,7.662046889427946,2.033090071692358,0,-7.005147299474324,3.759691544171244,200,200,9,0.045,5,0.25,0.045,5,False
1554254,markov,0.2,18,0.1,source_batch/1554254/markov_0.2s/seed18,True,False,duration,9.999999999999831,,,,8.094147711017797,8.094130623277959,2.4293468196245764,0,-8.963279668364521,3.331813538475663,200,200,16,0.08,8,0.4,0.08,8,False
1554254,markov,0.2,19,0.1,source_batch/1554254/markov_0.2s/seed19,True,False,duration,9.999999999999831,,,,8.011961812155175,8.011943518592773,2.190768264304913,0,-5.381727364181099,3.657138753164659,200,200,13,0.065,5,0.25,0.065,5,False
1554254,markov,0.2,20,0.1,source_batch/1554254/markov_0.2s/seed20,True,False,duration,9.999999999999831,,,,7.88621101122338,7.886191097602169,2.164456708708956,0.3000000000000001,-8.197898095092793,3.31334338845445,200,200,26,0.13,7,0.35000000000000003,0.13,7,False
1554254,markov,0.2,21,0.1,source_batch/1554254/markov_0.2s/seed21,True,False,duration,9.999999999999831,,,,7.481145053156057,7.481131140469514,1.8425529497627229,0.25000000000000006,-9.999999999999964,2.836901905057108,200,200,26,0.13,7,0.35000000000000003,0.13,7,False
1554254,markov,0.2,22,0.1,source_batch/1554254/markov_0.2s/seed22,True,False,duration,9.999999999999831,,,,7.7762643872600705,7.7762621800120595,1.7320233827734468,0,-9.999999999999964,3.1366446163305595,200,200,18,0.09,7,0.35000000000000003,0.09,7,False
1554254,markov,0.2,23,0.1,source_batch/1554254/markov_0.2s/seed23,True,False,duration,9.999999999999831,,,,8.008696227030654,8.008677844849728,2.430098451870814,0,-4.480759212999885,3.2956186769652227,200,200,12,0.06,5,0.25,0.06,5,False
1554254,markov,0.2,24,0.1,source_batch/1554254/markov_0.2s/seed24,True,False,duration,9.999999999999831,,,,7.801877323666823,7.801857846852777,2.0666929578549675,0,-6.0398387827969024,3.7684156330470127,200,200,14,0.07,7,0.35000000000000003,0.07,7,False
1554254,markov,0.2,25,0.1,source_batch/1554254/markov_0.2s/seed25,True,False,duration,9.999999999999831,,,,7.92600959010329,7.925989470344947,1.5424086270158512,0.3000000000000001,-9.999999999999964,3.8800315809429087,200,200,25,0.125,9,0.45,0.125,9,False
1554254,markov,0.2,26,0.1,source_batch/1554254/markov_0.2s/seed26,True,False,duration,9.999999999999831,,,,8.117241565048175,8.117224357693495,2.27415517554206,0,-4.02551998234415,3.5693361847037113,200,200,4,0.02,2,0.1,0.02,2,False
1554254,markov,0.2,27,0.1,source_batch/1554254/markov_0.2s/seed27,True,False,duration,9.999999999999831,,,,8.115027752743353,8.115010556855136,2.071499995295848,0,-9.999999999999964,3.3495354537660793,200,200,14,0.07,6,0.30000000000000004,0.07,6,False
1554254,markov,0.2,28,0.1,source_batch/1554254/markov_0.2s/seed28,True,False,duration,9.999999999999831,,,,5.915172020198065,5.915168649504318,1.0963405253271097,0,-10,2.267453104698767,200,200,39,0.195,17,0.8500000000000001,0.195,17,False
1554254,markov,0.2,29,0.1,source_batch/1554254/markov_0.2s/seed29,True,False,duration,9.999999999999831,,,,3.925860844200566,3.9258536374688804,0.7973491475740807,0,-10,0.8842807192063081,200,200,25,0.125,17,0.8500000000000001,0.125,17,False
1554254,markov,0.2,30,0.1,source_batch/1554254/markov_0.2s/seed30,True,False,duration,9.999999999999831,,,,7.220108806072966,7.220100148317786,1.4705781385168664,0,-9.999999999999964,2.6280910473078607,200,200,26,0.13,6,0.30000000000000004,0.13,6,False
1554254,markov,0.2,31,0.1,source_batch/1554254/markov_0.2s/seed31,True,False,duration,9.999999999999831,,,,8.176671777096384,8.176654261922334,2.218924836501532,0,-8.399540117174986,3.400187219590206,200,200,10,0.05,4,0.2,0.05,4,False
1554254,markov,0.2,32,0.1,source_batch/1554254/markov_0.2s/seed32,True,False,duration,9.999999999999831,,,,7.912969518076234,7.912949465859072,2.0251946908437612,0,-6.479699049129195,3.899040013555052,200,200,19,0.095,6,0.30000000000000004,0.095,6,False
1554254,markov,0.2,33,0.1,source_batch/1554254/markov_0.2s/seed33,True,False,duration,9.999999999999831,,,,3.6457472415138725,3.645740531427786,0.7670289941526612,0,-10,0.7088192125696852,200,200,34,0.17,17,0.8500000000000001,0.17,17,False
1554254,markov,0.2,34,0.1,source_batch/1554254/markov_0.2s/seed34,True,False,duration,9.999999999999831,,,,6.725655046073562,6.725649773202683,1.1475791892578924,0,-9.999999999999964,2.7112360510341404,200,200,33,0.165,13,0.65,0.165,13,False
1554254,markov,0.2,35,0.1,source_batch/1554254/markov_0.2s/seed35,True,False,duration,9.999999999999831,,,,6.528641825465906,6.528634996727433,1.3816056986915088,0,-9.999999999999964,2.6021787732818225,200,200,26,0.13,11,0.55,0.13,11,False
1554254,markov,0.2,36,0.1,source_batch/1554254/markov_0.2s/seed36,True,False,duration,9.999999999999831,,,,7.810060132770702,7.810040613573714,1.9057642557722392,0,-6.460352690158455,4.083471439365807,200,200,6,0.03,5,0.25,0.03,5,False
1554254,markov,0.2,37,0.1,source_batch/1554254/markov_0.2s/seed37,True,False,duration,9.999999999999831,,,,7.38209652315234,7.382083537796496,2.3499256148218897,0,-5.689591325916332,3.1414115796835613,200,200,22,0.11,9,0.45,0.11,9,False
1554254,markov,0.2,38,0.1,source_batch/1554254/markov_0.2s/seed38,True,False,duration,9.999999999999831,,,,6.7540744181235075,6.75407174718495,1.0884903337305925,0,-9.999999999999964,3.6141615742207653,200,200,23,0.115,14,0.7000000000000001,0.115,14,False
1554254,markov,0.2,39,0.1,source_batch/1554254/markov_0.2s/seed39,True,False,duration,9.999999999999831,,,,8.265017726358435,8.264999753595674,2.3836740003311805,0,-4.159851154564365,3.46733645307511,200,200,7,0.035,5,0.25,0.035,5,False
1554254,markov,0.2,40,0.1,source_batch/1554254/markov_0.2s/seed40,True,False,duration,9.999999999999831,,,,7.100583037404729,7.100567192951336,2.100706375236872,0,-8.603804556574612,2.769015692256581,200,200,29,0.145,6,0.30000000000000004,0.145,6,False
1554254,markov,0.2,41,0.1,source_batch/1554254/markov_0.2s/seed41,True,False,duration,9.999999999999831,,,,5.442466433358846,5.4424591771367075,1.1672704387678068,0.09999999999999999,-10,1.2532674161780568,200,200,49,0.245,17,0.8500000000000001,0.245,17,False
1554254,markov,0.2,42,0.1,source_batch/1554254/markov_0.2s/seed42,True,False,duration,9.999999999999831,,,,7.5777281065750275,7.57772358744398,2.1934748679352793,0.05,-8.392180583202702,3.0018875744701567,200,200,16,0.08,5,0.25,0.08,5,False
1554254,markov,0.2,43,0.1,source_batch/1554254/markov_0.2s/seed43,True,False,duration,9.999999999999831,,,,7.629437769605973,7.629425138791826,2.2176197558887183,0,-4.572657112158218,3.440116088128488,200,200,10,0.05,3,0.15000000000000002,0.05,3,False
1554254,markov,0.2,44,0.1,source_batch/1554254/markov_0.2s/seed44,True,False,duration,9.999999999999831,,,,7.452348068380553,7.452342110631384,2.747275840614532,0,-8.265311812712639,2.7794593457642383,200,200,30,0.15,16,0.8,0.15,16,False
1554254,markov,0.2,45,0.1,source_batch/1554254/markov_0.2s/seed45,True,False,duration,9.999999999999831,,,,7.402152935211139,7.402140494128239,1.2494869073376813,0,-9.999999999999964,5.924144103198487,200,200,22,0.11,8,0.4,0.11,8,False
1554254,markov,0.2,46,0.1,source_batch/1554254/markov_0.2s/seed46,True,False,duration,9.999999999999831,,,,0.978259103677343,0.9782476496200871,0.3569035766518688,0.05,-10,1.666588828023849,200,200,36,0.18,13,0.65,0.18,13,True
1554254,markov,0.2,47,0.1,source_batch/1554254/markov_0.2s/seed47,True,False,duration,9.999999999999831,,,,6.3199897412906,6.31998476324368,1.0500089708574567,0,-9.999999999999964,4.191110724379869,200,200,20,0.1,14,0.7000000000000001,0.1,14,False
1554254,markov,0.2,48,0.1,source_batch/1554254/markov_0.2s/seed48,True,False,duration,9.999999999999831,,,,8.115913375074276,8.11589617459897,2.4224527183529907,0,-8.42134076146177,3.350280528949565,200,200,19,0.095,6,0.30000000000000004,0.095,6,False
1554254,markov,0.2,49,0.1,source_batch/1554254/markov_0.2s/seed49,True,False,duration,9.999999999999831,,,,7.139005856502163,7.138993715928952,1.9862847741133323,0,-9.999999999999964,3.2191224354510095,200,200,10,0.05,8,0.4,0.05,8,False
1554254,markov,0.2,50,0.1,source_batch/1554254/markov_0.2s/seed50,True,False,duration,9.999999999999831,,,,7.284681423559726,7.284668528458485,1.0480320800407075,0,-7.829421087173571,6.950806818981663,200,200,23,0.115,10,0.5,0.115,10,False
1554254,markov,0.2,51,0.1,source_batch/1554254/markov_0.2s/seed51,True,False,duration,9.999999999999831,,,,7.975392755269354,7.975373469328651,1.9283564573944478,0,-5.416966220596198,4.12295700710007,200,200,4,0.02,4,0.2,0.02,4,False
1554254,markov,0.2,52,0.1,source_batch/1554254/markov_0.2s/seed52,True,False,duration,9.999999999999831,,,,8.246036929544436,8.246019055092898,2.3879362750897815,0,-4.149351862163719,3.4531989572388673,200,200,9,0.045,9,0.45,0.045,9,False
1554254,markov,0.2,53,0.1,source_batch/1554254/markov_0.2s/seed53,True,False,duration,9.999999999999831,,,,4.467520611556868,4.467508742820077,1.2202750431665712,0,-9.999999999999964,3.6025043146299662,200,200,32,0.16,9,0.45,0.16,9,False
1554254,markov,0.2,54,0.1,source_batch/1554254/markov_0.2s/seed54,True,False,duration,9.999999999999831,,,,6.3276719407864475,6.327656196742123,1.2461640174355928,0.25000000000000006,-9.999999999999964,5.0777073548981395,200,200,31,0.155,10,0.5,0.155,10,False
1554254,markov,0.2,55,0.1,source_batch/1554254/markov_0.2s/seed55,True,False,duration,9.999999999999831,,,,8.064902018264823,8.064885082003336,2.3155633989611717,0,-7.999306933390571,3.3074914885452364,200,200,22,0.11,11,0.55,0.11,11,False
1554254,markov,0.2,56,0.1,source_batch/1554254/markov_0.2s/seed56,True,False,duration,9.999999999999831,,,,4.626557783531161,4.626546947532787,0.9666876283099985,0,-9.999999999999964,3.8521087119191972,200,200,29,0.145,15,0.75,0.145,15,False
1554254,markov,0.2,57,0.1,source_batch/1554254/markov_0.2s/seed57,True,False,duration,9.999999999999831,,,,0.478231169686694,0.4782223055290409,0.2379357884725979,0.09999999999999999,-10,1.7071151096912285,200,200,38,0.19,18,0.9,0.19,18,True
1554254,markov,0.2,58,0.1,source_batch/1554254/markov_0.2s/seed58,True,False,duration,9.999999999999831,,,,8.202573258510427,8.202555609179399,2.3972816606269913,0,-4.7485389871106065,3.421606957537931,200,200,6,0.03,2,0.1,0.03,2,False
1554254,markov,0.2,59,0.1,source_batch/1554254/markov_0.2s/seed59,True,False,duration,9.999999999999831,,,,7.768274634856412,7.768269238814066,2.5616705331180016,0,-7.774614269842495,3.0496831674972276,200,200,34,0.17,18,0.9,0.17,18,False
1554254,markov,0.2,60,0.1,source_batch/1554254/markov_0.2s/seed60,True,False,duration,9.999999999999831,,,,8.038282208136783,8.038264628833705,2.4429661643746434,0,-8.649678688491669,3.290370839373193,200,200,19,0.095,9,0.45,0.095,9,False
1554254,markov,0.2,61,0.1,source_batch/1554254/markov_0.2s/seed61,True,False,duration,9.999999999999831,,,,8.105662920552241,8.105645773169261,2.007413405509381,0,-9.635338149834283,3.3417424176480175,200,200,7,0.035,7,0.35000000000000003,0.035,7,False
1554254,markov,0.2,62,0.1,source_batch/1554254/markov_0.2s/seed62,True,False,duration,9.999999999999831,,,,6.82636662149461,6.826358022511559,1.4958251800466942,0,-10,3.0430504901131195,200,200,40,0.2,11,0.55,0.2,11,False
1554254,markov,0.2,63,0.1,source_batch/1554254/markov_0.2s/seed63,True,False,duration,9.999999999999831,,,,8.100948176394146,8.100931053431232,2.4053794313561703,0,-4.189483642638514,3.3678391640955656,200,200,8,0.04,3,0.15000000000000002,0.04,3,False
1554254,markov,0.2,64,0.1,source_batch/1554254/markov_0.2s/seed64,True,False,duration,9.999999999999831,,,,7.866277303745447,7.8662574933710685,2.497254132563765,0,-7.528856993544153,3.149962749404004,200,200,25,0.125,12,0.6000000000000001,0.125,12,False
1554254,markov,0.2,65,0.1,source_batch/1554254/markov_0.2s/seed65,True,False,duration,9.999999999999831,,,,7.419417032654607,7.419405060069315,1.7749226649324,0,-8.20847958999007,4.157477489224015,200,200,7,0.035,7,0.35000000000000003,0.035,7,False
1554254,markov,0.2,66,0.1,source_batch/1554254/markov_0.2s/seed66,True,False,duration,9.999999999999831,,,,1.766842361103047,1.7668379723390562,0.5381681683374978,0,-10,3.742073146145813,200,200,34,0.17,15,0.75,0.17,15,False
1554254,markov,0.2,67,0.1,source_batch/1554254/markov_0.2s/seed67,True,False,duration,9.999999999999831,,,,8.15180842520232,8.151791038808245,2.4119420285730437,0,-8.745659876795209,3.379762424734154,200,200,17,0.085,9,0.45,0.085,9,False
1554254,markov,0.2,68,0.1,source_batch/1554254/markov_0.2s/seed68,True,False,duration,9.999999999999831,,,,7.461189406915722,7.461185363603738,1.7123409061163641,0,-9.999999999999964,2.917939893127463,200,200,22,0.11,10,0.5,0.11,10,False
1554254,markov,0.2,69,0.1,source_batch/1554254/markov_0.2s/seed69,True,False,duration,9.999999999999831,,,,7.859226516137579,7.85921650406588,2.3836636549092134,0,-7.373089168115765,3.1349490457217772,200,200,17,0.085,5,0.25,0.085,5,False
1554254,markov,0.2,70,0.1,source_batch/1554254/markov_0.2s/seed70,True,False,duration,9.999999999999831,,,,8.073592775230203,8.073575793954856,2.1371935850204604,0,-9.999999999999964,3.3205128298495956,200,200,12,0.06,4,0.2,0.06,4,False
1554254,markov,0.2,71,0.1,source_batch/1554254/markov_0.2s/seed71,True,False,duration,9.999999999999831,,,,8.124493702319512,8.124476457402313,2.1873379707785774,0,-6.94966755094395,3.714321502182137,200,200,22,0.11,6,0.30000000000000004,0.11,6,False
1554254,markov,0.2,72,0.1,source_batch/1554254/markov_0.2s/seed72,True,False,duration,9.999999999999831,,,,6.486799591629037,6.486786926273036,1.5097122387087112,0,-9.999999999999964,4.258192613500264,200,200,24,0.12,8,0.4,0.12,8,False
1554254,markov,0.2,73,0.1,source_batch/1554254/markov_0.2s/seed73,True,False,duration,9.999999999999831,,,,8.122566209411495,8.122548974477766,2.4181362499208383,0,-7.370191658655756,3.3590121213160224,200,200,14,0.07,8,0.4,0.07,8,False
1554254,markov,0.2,74,0.1,source_batch/1554254/markov_0.2s/seed74,True,False,duration,9.999999999999831,,,,7.855190772926057,7.855171019974475,2.4382168814543017,0,-6.8180474832988835,3.2216867497403143,200,200,14,0.07,6,0.30000000000000004,0.07,6,False
1554254,markov,0.2,75,0.1,source_batch/1554254/markov_0.2s/seed75,True,False,duration,9.999999999999831,,,,7.731607901013066,7.7315887881601855,1.3437404899684449,0,-8.62303740156456,5.753781214363606,200,200,17,0.085,6,0.30000000000000004,0.085,6,False
1554254,markov,0.2,76,0.1,source_batch/1554254/markov_0.2s/seed76,True,False,duration,9.999999999999831,,,,6.840297604754874,6.840287997994635,2.137234400068761,0,-8.981087768722329,2.6712876679415096,200,200,18,0.09,7,0.35000000000000003,0.09,7,False
1554254,markov,0.2,77,0.1,source_batch/1554254/markov_0.2s/seed77,True,False,duration,9.999999999999831,,,,7.835582996513915,7.835563345121005,1.9056393603657729,0,-9.042707632748126,4.11177660793962,200,200,22,0.11,7,0.35000000000000003,0.11,7,False
1554254,markov,0.2,78,0.1,source_batch/1554254/markov_0.2s/seed78,True,False,duration,9.999999999999831,,,,7.788637464751911,7.788632621297801,2.553466016520579,0,-10,3.068994536274646,200,200,17,0.085,10,0.5,0.085,10,False
1554254,markov,0.2,79,0.1,source_batch/1554254/markov_0.2s/seed79,True,False,duration,9.999999999999831,,,,6.86030191399493,6.8602912169715315,1.8120151492455758,0,-9.999999999999964,3.0388897546313993,200,200,36,0.18,11,0.55,0.18,11,False
1554254,markov,0.2,80,0.1,source_batch/1554254/markov_0.2s/seed80,True,False,duration,9.999999999999831,,,,8.024766745849355,8.024748799775775,1.7092618546016882,0,-9.999999999999964,3.27287341895324,200,200,27,0.135,19,0.9500000000000001,0.135,19,False
1554254,markov,0.2,81,0.1,source_batch/1554254/markov_0.2s/seed81,True,False,duration,9.999999999999831,,,,7.903871541744588,7.903851536650488,2.191620651813614,0,-6.003469166839537,3.6063958103834612,200,200,14,0.07,4,0.2,0.07,4,False
1554254,markov,0.2,82,0.1,source_batch/1554254/markov_0.2s/seed82,True,False,duration,9.999999999999831,,,,7.844801993588253,7.844791236934258,2.5289357074650756,0,-9.43938568625633,3.12452437167828,200,200,36,0.18,13,0.65,0.18,13,False
1554254,markov,0.2,83,0.1,source_batch/1554254/markov_0.2s/seed83,True,False,duration,9.999999999999831,,,,7.234573034775683,7.234564809937227,1.8537281146386475,0,-9.999999999999964,2.6926886945271917,200,200,20,0.1,11,0.55,0.1,11,False
1554254,markov,0.2,84,0.1,source_batch/1554254/markov_0.2s/seed84,True,False,duration,9.999999999999831,,,,8.232248849500214,8.232231046464172,2.3910477913184733,0.05,-5.366698132780279,3.4429387301893906,200,200,6,0.03,3,0.15000000000000002,0.03,3,False
1554254,markov,0.2,85,0.1,source_batch/1554254/markov_0.2s/seed85,True,False,duration,9.999999999999831,,,,8.139854726647524,8.13983740216775,2.4154073733148493,0,-8.976352159957024,3.369964624640863,200,200,13,0.065,7,0.35000000000000003,0.065,7,False
1554254,markov,0.2,86,0.1,source_batch/1554254/markov_0.2s/seed86,True,False,duration,9.999999999999831,,,,8.14654844990805,8.146531090758067,2.406111240888232,0,-5.024177548441422,3.3857666064311807,200,200,11,0.055,4,0.2,0.055,4,False
1554254,markov,0.2,87,0.1,source_batch/1554254/markov_0.2s/seed87,True,False,duration,9.999999999999831,,,,8.057375543725799,8.05735848256056,2.19503468366046,0,-9.999999999999964,3.652371624611399,200,200,22,0.11,9,0.45,0.11,9,False
1554254,markov,0.2,88,0.1,source_batch/1554254/markov_0.2s/seed88,True,False,duration,9.999999999999831,,,,8.172329844924697,8.172312352239729,2.1751085663927308,0,-6.6384317942992155,3.757197446835011,200,200,9,0.045,4,0.2,0.045,4,False
1554254,markov,0.2,89,0.1,source_batch/1554254/markov_0.2s/seed89,True,False,duration,9.999999999999831,,,,2.8069391069528087,2.8069356480221836,0.6581761792510328,0,-10,1.2406777500235904,200,200,40,0.2,13,0.65,0.2,13,False
1554254,markov,0.2,90,0.1,source_batch/1554254/markov_0.2s/seed90,True,False,duration,9.999999999999831,,,,8.015394014959865,8.015375814537506,2.237258972106739,0,-5.970833412512988,3.582676799811755,200,200,12,0.06,6,0.30000000000000004,0.06,6,False
1554254,markov,0.2,91,0.1,source_batch/1554254/markov_0.2s/seed91,True,False,duration,9.999999999999831,,,,7.061709646114797,7.061697905898069,1.7801232072159052,0,-10,2.6196239484173227,200,200,28,0.14,9,0.45,0.14,9,False
1554254,markov,0.2,92,0.1,source_batch/1554254/markov_0.2s/seed92,True,False,duration,9.999999999999831,,,,7.829752466218566,7.829732845024943,1.4291363433554014,0,-5.7004487745430765,5.478646513629263,200,200,22,0.11,9,0.45,0.11,9,False
1554254,markov,0.2,93,0.1,source_batch/1554254/markov_0.2s/seed93,True,False,duration,9.999999999999831,,,,8.316741566385394,8.316723325718492,2.372211302254024,0,-4.009112120515468,3.505894823878514,200,200,0,0,0,0,0,0,False
1554254,markov,0.2,94,0.1,source_batch/1554254/markov_0.2s/seed94,True,False,duration,9.999999999999831,,,,6.927970072513471,6.927955602638831,1.9517201033005926,0,-9.019913194324403,3.5333360359260904,200,200,31,0.155,8,0.4,0.155,8,False
1554254,markov,0.2,95,0.1,source_batch/1554254/markov_0.2s/seed95,True,False,duration,9.999999999999831,,,,7.476706699421076,7.476696281511438,1.6088022137284035,0,-7.147733033152104,4.616730960058209,200,200,15,0.075,5,0.25,0.075,5,False
1554254,markov,0.2,96,0.1,source_batch/1554254/markov_0.2s/seed96,True,False,duration,9.999999999999831,,,,6.144541201302438,6.144530043800529,1.3572534121447366,0,-9.999999999999964,3.2463368612593118,200,200,35,0.175,10,0.5,0.175,10,False
1554254,markov,0.2,97,0.1,source_batch/1554254/markov_0.2s/seed97,True,False,duration,9.999999999999831,,,,8.099148409021677,8.099131295380676,2.4263121570269615,0,-7.367013416696366,3.338041756879627,200,200,11,0.055,4,0.2,0.055,4,False
1554254,markov,0.2,98,0.1,source_batch/1554254/markov_0.2s/seed98,True,False,duration,9.999999999999831,,,,4.821249557083262,4.8212403401960655,1.0267363310135824,0,-9.999999999999964,2.959078285172585,200,200,39,0.195,10,0.5,0.195,10,False
1554254,markov,0.2,99,0.1,source_batch/1554254/markov_0.2s/seed99,True,False,duration,9.999999999999831,,,,7.634693566451126,7.634680555428916,1.8572820317987073,0,-7.158428714516063,4.0928508799628185,200,200,12,0.06,5,0.25,0.06,5,False
1554254,markov,0.5,0,0.1,source_batch/1554254/markov_0.5s/seed0,True,True,collision,7.609999999999882,7.609999999999882,16.470465524756122,12.864915622300845,0,-0.0013158109363731185,0,0,-4.143535207433757,16.470465524756122,153,153,41,0.2679738562091503,32,1.6,0.2679738562091503,32,False
1554254,markov,0.5,1,0.1,source_batch/1554254/markov_0.5s/seed1,True,False,duration,9.999999999999831,,,,8.152443548335341,8.15242615865164,2.0393484846077223,0,-8.294276770758557,3.380313967865543,200,200,6,0.03,6,0.30000000000000004,0.03,6,False
1554254,markov,0.5,2,0.1,source_batch/1554254/markov_0.5s/seed2,True,False,duration,9.999999999999831,,,,4.62921578080968,4.629208667226889,0.8704981007323838,0,-9.999999999999964,3.551696509488683,200,200,28,0.14,15,0.75,0.14,15,False
1554254,markov,0.5,3,0.1,source_batch/1554254/markov_0.5s/seed3,True,True,collision,7.139999999999892,7.139999999999892,11.830154365770047,9.594087239757293,0,-0.08098735731693552,0,0,-10,11.830154365770047,143,143,62,0.43356643356643354,30,1.5,0.43356643356643354,30,True
1554254,markov,0.5,4,0.1,source_batch/1554254/markov_0.5s/seed4,True,False,duration,9.999999999999831,,,,8.240263299639755,8.240245455092786,2.389238598335125,0,-4.225841844778699,3.4489001897235267,200,200,9,0.045,5,0.25,0.045,5,False
1554254,markov,0.5,5,0.1,source_batch/1554254/markov_0.5s/seed5,True,False,duration,9.999999999999831,,,,8.000692171934396,8.000673572546596,2.4534770145546547,0,-6.938390370205294,3.260953139191665,200,200,12,0.06,5,0.25,0.06,5,False
1554254,markov,0.5,6,0.1,source_batch/1554254/markov_0.5s/seed6,True,False,duration,9.999999999999831,,,,6.846031042500457,6.846027740550138,1.2030670398043892,0,-9.999999999999964,3.3164488710157607,200,200,41,0.205,20,1,0.205,20,False
1554254,markov,0.5,7,0.1,source_batch/1554254/markov_0.5s/seed7,True,False,duration,9.999999999999831,,,,8.210749880618199,8.210732188936277,2.3959395372723344,0,-8.11079155738561,3.4269363066998815,200,200,7,0.035,6,0.30000000000000004,0.035,6,False
1554254,markov,0.5,8,0.1,source_batch/1554254/markov_0.5s/seed8,True,True,collision,6.899999999999897,6.899999999999897,17.258314210275795,14.429888162599656,0,-0.03047452754457236,0,0,-10,17.258314210275795,138,138,31,0.2246376811594203,31,1.55,0.2246376811594203,31,True
1554254,markov,0.5,9,0.1,source_batch/1554254/markov_0.5s/seed9,True,True,collision,8.16999999999987,8.16999999999987,11.532203747747905,8.369927291777897,0,-0.01178356772861111,0,0,-10,11.532203747747905,164,164,44,0.2682926829268293,20,1,0.2682926829268293,20,False
1554254,markov,0.5,10,0.1,source_batch/1554254/markov_0.5s/seed10,True,True,collision,5.5299999999999265,5.5299999999999265,15.201443318494087,11.595892537283175,0,-0.08968487974137584,0,0,-10,15.201443318494087,111,111,47,0.42342342342342343,20,1,0.42342342342342343,20,True
1554254,markov,0.5,11,0.1,source_batch/1554254/markov_0.5s/seed11,True,False,duration,9.999999999999831,,,,2.244619851572371,2.2446108132318754,0.5834543228117876,0,-10,2.635743638636887,200,200,25,0.125,17,0.8500000000000001,0.125,17,False
1554254,markov,0.5,12,0.1,source_batch/1554254/markov_0.5s/seed12,True,True,collision,5.209999999999933,5.209999999999933,17.888038480451307,14.725761012873335,0,-0.08670983167445012,0,0,-6.132894138400147,17.888038480451307,105,105,68,0.6476190476190476,35,1.75,0.6476190476190476,35,False
1554254,markov,0.5,13,0.1,source_batch/1554254/markov_0.5s/seed13,True,False,duration,9.999999999999831,,,,7.827406971313641,7.827387362268532,2.4186162911042133,0,-6.703014417468367,3.236308045661496,200,200,5,0.025,5,0.25,0.025,5,False
1554254,markov,0.5,14,0.1,source_batch/1554254/markov_0.5s/seed14,True,True,collision,8.739999999999858,8.739999999999858,13.907407542499561,10.301857640044284,0,-0.061226328536510444,0,0,-9.999999999999964,13.907407542499561,175,175,49,0.28,28,1.4000000000000001,0.28,28,False
1554254,markov,0.5,15,0.1,source_batch/1554254/markov_0.5s/seed15,True,False,duration,9.999999999999831,,,,8.0017121215106,8.001693549801278,2.434985186103393,0,-5.043279192034422,3.2861364395428048,200,200,8,0.04,4,0.2,0.04,4,False
1554254,markov,0.5,16,0.1,source_batch/1554254/markov_0.5s/seed16,True,False,duration,9.999999999999831,,,,1.1901093662542295,1.1900968149164548,0.320449345241191,0,-10,3.713837561505113,200,200,31,0.155,21,1.05,0.155,21,False
1554254,markov,0.5,17,0.1,source_batch/1554254/markov_0.5s/seed17,True,False,duration,9.999999999999831,,,,8.316741566385394,8.316723325718492,2.372211302254024,0,-4.009112120515468,3.505894823878514,200,200,0,0,0,0,0,0,False
1554254,markov,0.5,18,0.1,source_batch/1554254/markov_0.5s/seed18,True,False,duration,9.999999999999831,,,,8.037690779436991,8.037673184084252,2.0854796949622774,0,-10,3.2839131093202214,200,200,22,0.11,10,0.5,0.11,10,False
1554254,markov,0.5,19,0.1,source_batch/1554254/markov_0.5s/seed19,True,False,duration,9.999999999999831,,,,2.643392857852371,2.6433887714881505,0.7238540856824156,0,-10,3.0138927325343947,200,200,79,0.395,59,2.95,0.395,59,False
1554254,markov,0.5,20,0.1,source_batch/1554254/markov_0.5s/seed20,True,False,duration,9.999999999999831,,,,8.03786826541365,8.037850674877369,2.347695594748804,0.3000000000000001,-4.171598950294886,3.4237192815184345,200,200,17,0.085,9,0.45,0.085,9,False
1554254,markov,0.5,21,0.1,source_batch/1554254/markov_0.5s/seed21,True,False,duration,9.999999999999831,,,,5.508679908817982,5.508674982035997,0.9593554666185418,0.35000000000000014,-9.999999999999964,3.2894017281600973,200,200,34,0.17,15,0.75,0.17,15,False
1554254,markov,0.5,22,0.1,source_batch/1554254/markov_0.5s/seed22,True,False,duration,9.999999999999831,,,,8.1395673066779,8.13954998368682,2.4154055858672265,0,-5.969330869942091,3.3698481246015657,200,200,10,0.05,4,0.2,0.05,4,False
1554254,markov,0.5,23,0.1,source_batch/1554254/markov_0.5s/seed23,True,True,collision,7.109999999999893,7.109999999999893,8.393751436918144,4.788201534461447,0,-0.04326652272192355,0,0,-10,8.393751436918144,143,143,37,0.25874125874125875,22,1.1,0.25874125874125875,22,True
1554254,markov,0.5,24,0.1,source_batch/1554254/markov_0.5s/seed24,True,False,duration,9.999999999999831,,,,7.987918312846272,7.987899366812926,1.4404347118930283,0,-9.999999999999964,3.241500522418111,200,200,11,0.055,11,0.55,0.055,11,False
1554254,markov,0.5,25,0.1,source_batch/1554254/markov_0.5s/seed25,True,False,duration,9.999999999999831,,,,7.348616084011906,7.348609738610055,1.2899645957378312,1.5500000000000012,-9.999999999999964,3.9336278022918383,200,200,50,0.25,31,1.55,0.25,31,False
1554254,markov,0.5,26,0.1,source_batch/1554254/markov_0.5s/seed26,True,True,collision,8.139999999999871,8.139999999999871,15.713015872521236,12.10746597006596,0,-0.006583349172910147,0,0,-4.178226302455812,15.713015872521236,163,163,42,0.25766871165644173,31,1.55,0.25766871165644173,31,False
1554254,markov,0.5,27,0.1,source_batch/1554254/markov_0.5s/seed27,True,False,duration,9.999999999999831,,,,7.9888155158597485,7.988796594173894,1.6459997742681751,0,-9.999999999999964,3.2420909179160207,200,200,31,0.155,18,0.9,0.155,18,False
1554254,markov,0.5,28,0.1,source_batch/1554254/markov_0.5s/seed28,True,False,duration,9.999999999999831,,,,1.8577221231505834,1.8577050313294814,0.5244086393822398,0,-10,2.4076338066436325,200,200,25,0.125,20,1,0.125,20,False
1554254,markov,0.5,29,0.1,source_batch/1554254/markov_0.5s/seed29,True,False,duration,9.999999999999831,,,,8.316741566385394,8.316723325718492,2.372211302254024,0,-4.009112120515468,3.505894823878514,200,200,0,0,0,0,0,0,False
1554254,markov,0.5,30,0.1,source_batch/1554254/markov_0.5s/seed30,True,False,duration,9.999999999999831,,,,7.942086212110518,7.942066022326682,2.3967871883535263,0,-5.346358959394237,3.313630038127201,200,200,4,0.02,4,0.2,0.02,4,False
1554254,markov,0.5,31,0.1,source_batch/1554254/markov_0.5s/seed31,True,False,duration,9.999999999999831,,,,8.191796903094684,8.191779309579896,2.400537381632786,0,-9.999999999999964,3.4124772945664565,200,200,7,0.035,7,0.35000000000000003,0.035,7,False
1554254,markov,0.5,32,0.1,source_batch/1554254/markov_0.5s/seed32,True,False,duration,9.999999999999831,,,,8.028207673944111,8.028189821247356,1.9992943713364248,0,-4.7955482030380026,4.006453552357789,200,200,14,0.07,6,0.30000000000000004,0.07,6,False
1554254,markov,0.5,33,0.1,source_batch/1554254/markov_0.5s/seed33,True,False,duration,9.999999999999831,,,,3.744174833888645,3.744157787852809,0.7754236867385645,0,-10,0.5878474805276402,200,200,23,0.115,17,0.8500000000000001,0.115,17,False
1554254,markov,0.5,34,0.1,source_batch/1554254/markov_0.5s/seed34,True,False,duration,9.999999999999831,,,,8.254959520906837,8.254941600240649,2.385920873628419,0,-4.206779511291536,3.4598555599569583,200,200,5,0.025,4,0.2,0.025,4,False
1554254,markov,0.5,35,0.1,source_batch/1554254/markov_0.5s/seed35,True,False,duration,9.999999999999831,,,,6.789764234018597,6.789759809594644,1.3968962702478642,0,-9.999999999999964,2.547715895869445,200,200,20,0.1,11,0.55,0.1,11,False
1554254,markov,0.5,36,0.1,source_batch/1554254/markov_0.5s/seed36,True,False,duration,9.999999999999831,,,,8.304556153821826,8.30453797626939,2.3748922256516853,0,-4.1310225318506255,3.496806249382779,200,200,1,0.005,1,0.05,0.005,1,False
1554254,markov,0.5,37,0.1,source_batch/1554254/markov_0.5s/seed37,True,True,collision,8.309999999999867,8.309999999999867,14.946303547686014,11.340753645230738,0,-0.10966367958847201,0,0,-10,14.946303547686014,167,167,30,0.17964071856287425,29,1.4500000000000002,0.17964071856287425,29,True
1554254,markov,0.5,38,0.1,source_batch/1554254/markov_0.5s/seed38,True,False,duration,9.999999999999831,,,,5.80157572644244,5.8015709313799295,0.9895985768107705,0,-9.999999999999964,4.0763459553383825,200,200,19,0.095,15,0.75,0.095,15,False
1554254,markov,0.5,39,0.1,source_batch/1554254/markov_0.5s/seed39,True,False,duration,9.999999999999831,,,,8.122291804370153,8.122274570857705,2.42053524590344,0,-10,3.355569634692987,200,200,13,0.065,13,0.65,0.065,13,False
1554254,markov,0.5,40,0.1,source_batch/1554254/markov_0.5s/seed40,True,False,duration,9.999999999999831,,,,6.760743551245809,6.7607310912882195,1.5216673208932716,0,-9.999999999999964,2.378832626590058,200,200,15,0.075,6,0.30000000000000004,0.075,6,False
1554254,markov,0.5,41,0.1,source_batch/1554254/markov_0.5s/seed41,True,False,duration,9.999999999999831,,,,8.047393751245034,8.047376419202852,1.8518561384616241,0.9000000000000006,-9.999999999999964,3.2921015367668236,200,200,36,0.18,18,0.9,0.18,18,False
1554254,markov,0.5,42,0.1,source_batch/1554254/markov_0.5s/seed42,True,True,collision,9.269999999999847,9.269999999999847,9.064813063742312,5.459263161288456,0,-0.027275512776207655,0,0.05,-10,9.064813063742312,186,186,34,0.1827956989247312,25,1.25,0.1827956989247312,25,True
1554254,markov,0.5,43,0.1,source_batch/1554254/markov_0.5s/seed43,True,False,duration,9.999999999999831,,,,7.089485728151287,7.0894741961227465,1.9170417838662057,0,-9.999999999999964,2.590255599864867,200,200,18,0.09,8,0.4,0.09,8,False
1554254,markov,0.5,44,0.1,source_batch/1554254/markov_0.5s/seed44,True,False,duration,9.999999999999831,,,,8.316741566385394,8.316723325718492,2.372211302254024,0,-4.009112120515468,3.505894823878514,200,200,0,0,0,0,0,0,False
1554254,markov,0.5,45,0.1,source_batch/1554254/markov_0.5s/seed45,True,False,duration,9.999999999999831,,,,8.255956739420997,8.255938813589704,2.385705209607057,0,-4.404873905962781,3.460586320700334,200,200,6,0.03,5,0.25,0.03,5,False
1554254,markov,0.5,46,0.1,source_batch/1554254/markov_0.5s/seed46,True,False,duration,9.999999999999831,,,,6.712925168259223,6.712911331683572,1.0472366216206888,0.4000000000000002,-9.999999999999964,6.371435628491004,200,200,23,0.115,10,0.5,0.115,10,False
1554254,markov,0.5,47,0.1,source_batch/1554254/markov_0.5s/seed47,True,False,duration,9.999999999999831,,,,8.213465140357632,8.213447434611997,1.9691663746026788,0,-8.089851705640072,4.171027669649922,200,200,6,0.03,4,0.2,0.03,4,False
1554254,markov,0.5,48,0.1,source_batch/1554254/markov_0.5s/seed48,True,False,duration,9.999999999999831,,,,8.226114926253544,8.226097154988217,2.3924416883607806,0,-8.261256440771625,3.438368924520981,200,200,8,0.04,4,0.2,0.04,4,False
1554254,markov,0.5,49,0.1,source_batch/1554254/markov_0.5s/seed49,True,False,duration,9.999999999999831,,,,8.2876319484457,8.287613858552351,2.378603552034683,0,-4.009112120515468,3.484235046846305,200,200,1,0.005,1,0.05,0.005,1,False
1554254,markov,0.5,50,0.1,source_batch/1554254/markov_0.5s/seed50,True,False,duration,9.999999999999831,,,,5.707515765860731,5.707509515194268,1.092572241702117,0,-9.999999999999964,2.5388975633803157,200,200,33,0.165,16,0.8,0.165,16,False
1554254,markov,0.5,51,0.1,source_batch/1554254/markov_0.5s/seed51,True,False,duration,9.999999999999831,,,,8.316741566385394,8.316723325718492,2.372211302254024,0,-4.009112120515468,3.505894823878514,200,200,0,0,0,0,0,0,False
1554254,markov,0.5,52,0.1,source_batch/1554254/markov_0.5s/seed52,True,False,duration,9.999999999999831,,,,8.316741566385394,8.316723325718492,2.372211302254024,0,-4.009112120515468,3.505894823878514,200,200,0,0,0,0,0,0,False
1554254,markov,0.5,53,0.1,source_batch/1554254/markov_0.5s/seed53,True,False,duration,9.999999999999831,,,,6.805285475296707,6.805271160339941,0.8883884667810628,0,-6.052798545343929,7.660242579462767,200,200,16,0.08,12,0.6000000000000001,0.08,12,False
1554254,markov,0.5,54,0.1,source_batch/1554254/markov_0.5s/seed54,True,False,duration,9.999999999999831,,,,8.071524125319165,8.071507154758411,1.6640443516225216,0.25000000000000006,-4.240558694532126,4.850536073085018,200,200,26,0.13,17,0.8500000000000001,0.13,17,False
1554254,markov,0.5,55,0.1,source_batch/1554254/markov_0.5s/seed55,True,False,duration,9.999999999999831,,,,5.037946880714245,5.037937659116679,0.9908525972459603,0,-9.999999999999964,3.5641320356706236,200,200,23,0.115,15,0.75,0.115,15,False
1554254,markov,0.5,56,0.1,source_batch/1554254/markov_0.5s/seed56,True,False,duration,9.999999999999831,,,,8.109390319794809,8.109373153105729,2.316840162221832,0,-9.999999999999964,3.344727042664593,200,200,17,0.085,9,0.45,0.085,9,False
1554254,markov,0.5,57,0.1,source_batch/1554254/markov_0.5s/seed57,True,False,duration,9.999999999999831,,,,7.94261333789065,7.942593162411481,2.4530154545118865,2.6999999999999864,-8.325273131070787,3.2378895729346064,200,200,56,0.28,54,2.7,0.28,54,False
1554254,markov,0.5,58,0.1,source_batch/1554254/markov_0.5s/seed58,True,False,duration,9.999999999999831,,,,8.201407128994239,8.201389485703192,2.3975514010037897,0,-4.327506751938692,3.420735623131789,200,200,8,0.04,7,0.35000000000000003,0.04,7,False
1554254,markov,0.5,59,0.1,source_batch/1554254/markov_0.5s/seed59,True,True,collision,8.009999999999874,8.009999999999874,11.968422932662302,8.806146476692293,0,-0.06582750568343165,0,0,-10,11.968422932662302,161,161,41,0.2546583850931677,27,1.35,0.2546583850931677,27,True
1554254,markov,0.5,60,0.1,source_batch/1554254/markov_0.5s/seed60,True,False,duration,9.999999999999831,,,,5.274666926441314,5.274664442229926,1.0619781759826707,0,-9.999999999999964,0.7891148195659375,200,200,25,0.125,14,0.7000000000000001,0.125,14,False
1554254,markov,0.5,61,0.1,source_batch/1554254/markov_0.5s/seed61,True,False,duration,9.999999999999831,,,,8.316741566385394,8.316723325718492,2.372211302254024,0,-4.009112120515468,3.505894823878514,200,200,0,0,0,0,0,0,False
1554254,markov,0.5,62,0.1,source_batch/1554254/markov_0.5s/seed62,True,False,duration,9.999999999999831,,,,7.06669516331469,7.066683397275427,2.252560805452221,0,-10,3.1349196622845428,200,200,39,0.195,11,0.55,0.195,11,False
1554254,markov,0.5,63,0.1,source_batch/1554254/markov_0.5s/seed63,True,False,duration,9.999999999999831,,,,8.316741566385394,8.316723325718492,2.372211302254024,0,-4.009112120515468,3.505894823878514,200,200,0,0,0,0,0,0,False
1554254,markov,0.5,64,0.1,source_batch/1554254/markov_0.5s/seed64,True,False,duration,9.999999999999831,,,,4.214155415651376,4.21414281280357,0.8715294802326031,0,-9.999999999999964,1.0220958536689642,200,200,36,0.18,16,0.8,0.18,16,False
1554254,markov,0.5,65,0.1,source_batch/1554254/markov_0.5s/seed65,True,False,duration,9.999999999999831,,,,8.316741566385394,8.316723325718492,2.372211302254024,0,-4.009112120515468,3.505894823878514,200,200,0,0,0,0,0,0,False
1554254,markov,0.5,66,0.1,source_batch/1554254/markov_0.5s/seed66,True,False,duration,9.999999999999831,,,,8.265869564375434,8.265851587200565,2.3834836258915217,0,-6.780310724004757,3.467970787552104,200,200,3,0.015,3,0.15000000000000002,0.015,3,False
1554254,markov,0.5,67,0.1,source_batch/1554254/markov_0.5s/seed67,True,False,duration,9.999999999999831,,,,8.282803865707896,8.28278580082165,2.3797079292609853,0,-4.124692765154947,3.480589234912478,200,200,5,0.025,5,0.25,0.025,5,False
1554254,markov,0.5,68,0.1,source_batch/1554254/markov_0.5s/seed68,True,False,duration,9.999999999999831,,,,7.253999582575737,7.2539932627125125,1.7262960086984165,0,-9.999999999999964,2.7518895662891545,200,200,36,0.18,22,1.1,0.18,22,False
1554254,markov,0.5,69,0.1,source_batch/1554254/markov_0.5s/seed69,True,False,duration,9.999999999999831,,,,7.708724969025926,7.708716792551913,1.823289784974783,0,-9.999999999999964,3.0279765619792958,200,200,12,0.06,8,0.4,0.06,8,False
1554254,markov,0.5,70,0.1,source_batch/1554254/markov_0.5s/seed70,True,False,duration,9.999999999999831,,,,8.201637740635489,8.201620096149984,2.3980398163834633,0,-9.116911352059809,3.420135078707337,200,200,8,0.04,5,0.25,0.04,5,False
1554254,markov,0.5,71,0.1,source_batch/1554254/markov_0.5s/seed71,True,False,duration,9.999999999999831,,,,8.017385220449032,8.017367074062225,1.4551622959462,0,-9.999999999999964,3.6150301711920476,200,200,17,0.085,9,0.45,0.085,9,False
1554254,markov,0.5,72,0.1,source_batch/1554254/markov_0.5s/seed72,True,False,duration,9.999999999999831,,,,7.794425338057435,7.79440589984102,2.433279594525254,0,-6.642885278753763,3.2032512487993596,200,200,6,0.03,5,0.25,0.03,5,False
1554254,markov,0.5,73,0.1,source_batch/1554254/markov_0.5s/seed73,True,False,duration,9.999999999999831,,,,8.161189159142692,8.161171724161015,2.4069559354037344,0,-5.51490010773712,3.3906610437353475,200,200,14,0.07,13,0.65,0.07,13,False
1554254,markov,0.5,74,0.1,source_batch/1554254/markov_0.5s/seed74,True,False,duration,9.999999999999831,,,,8.167161169264821,8.167143703351059,2.3766184144412947,0,-4.096504874306994,3.4364556185057684,200,200,17,0.085,16,0.8,0.085,16,False
1554254,markov,0.5,75,0.1,source_batch/1554254/markov_0.5s/seed75,True,False,duration,9.999999999999831,,,,7.7397170640407795,7.739697909186408,1.2461548044294426,0,-4.069426128253184,6.210863916485932,200,200,10,0.05,6,0.30000000000000004,0.05,6,False
1554254,markov,0.5,76,0.1,source_batch/1554254/markov_0.5s/seed76,True,False,duration,9.999999999999831,,,,5.276346660474761,5.2763285559969555,0.5320136221662662,0,-5.094225936502106,9.917656872229456,200,200,21,0.105,18,0.9,0.105,18,False
1554254,markov,0.5,77,0.1,source_batch/1554254/markov_0.5s/seed77,True,False,duration,9.999999999999831,,,,8.316741566385394,8.316723325718492,2.372211302254024,0,-4.009112120515468,3.505894823878514,200,200,0,0,0,0,0,0,False
1554254,markov,0.5,78,0.1,source_batch/1554254/markov_0.5s/seed78,True,False,duration,9.999999999999831,,,,8.267545969634902,8.267527983777079,2.3830998229812406,0,-4.009112120515468,3.4692327631640967,200,200,2,0.01,2,0.1,0.01,2,False
1554254,markov,0.5,79,0.1,source_batch/1554254/markov_0.5s/seed79,True,False,duration,9.999999999999831,,,,4.6741992469191,4.6741881641613,0.7364811635476602,0,-9.999999999999964,6.333321472124967,200,200,30,0.15,12,0.6000000000000001,0.15,12,False
1554254,markov,0.5,80,0.1,source_batch/1554254/markov_0.5s/seed80,True,False,duration,9.999999999999831,,,,8.01537870814757,8.015360507309829,1.824889149940972,0,-10,3.2648978644286983,200,200,31,0.155,31,1.55,0.155,31,False
1554254,markov,0.5,81,0.1,source_batch/1554254/markov_0.5s/seed81,True,False,duration,9.999999999999831,,,,7.405610409117296,7.405606592730331,1.495098379176387,0,-9.999999999999964,3.253753757484746,200,200,16,0.08,10,0.5,0.08,10,False
1554254,markov,0.5,82,0.1,source_batch/1554254/markov_0.5s/seed82,True,False,duration,9.999999999999831,,,,7.990628684951098,7.9906098124694,2.4545814485470427,0,-7.152624825107168,3.255385889598138,200,200,21,0.105,10,0.5,0.105,10,False
1554254,markov,0.5,83,0.1,source_batch/1554254/markov_0.5s/seed83,True,False,duration,9.999999999999831,,,,8.185844747054851,8.185827184369312,2.4021617019483217,0,-8.122099671737004,3.4076919874836205,200,200,11,0.055,11,0.55,0.055,11,False
1554254,markov,0.5,84,0.1,source_batch/1554254/markov_0.5s/seed84,True,False,duration,9.999999999999831,,,,8.314044147351721,8.314025920656128,2.3728037019849886,0.05,-4.011534217448087,3.5038827331991103,200,200,1,0.005,1,0.05,0.005,1,False
1554254,markov,0.5,85,0.1,source_batch/1554254/markov_0.5s/seed85,True,False,duration,9.999999999999831,,,,4.270432828956944,4.270429410973671,0.8318990852182504,0,-10,3.54271626657893,200,200,28,0.14,15,0.75,0.14,15,False
1554254,markov,0.5,86,0.1,source_batch/1554254/markov_0.5s/seed86,True,False,duration,9.999999999999831,,,,7.87801549365997,7.877995622487522,2.4397938929137744,0,-5.575944624887974,3.228959481113818,200,200,22,0.11,18,0.9,0.11,18,False
1554254,markov,0.5,87,0.1,source_batch/1554254/markov_0.5s/seed87,True,False,duration,9.999999999999831,,,,8.045508290005598,8.045490906797458,1.553530590244321,0,-9.999999999999964,3.2905023783893728,200,200,11,0.055,11,0.55,0.055,11,False
1554254,markov,0.5,88,0.1,source_batch/1554254/markov_0.5s/seed88,True,True,collision,5.469999999999928,5.469999999999928,11.688460960967987,8.526183734275984,0,-0.04801098264051351,0,0,-10,11.688460960967987,110,110,35,0.3181818181818182,35,1.75,0.3181818181818182,35,True
1554254,markov,0.5,89,0.1,source_batch/1554254/markov_0.5s/seed89,True,False,duration,9.999999999999831,,,,8.316741566385394,8.316723325718492,2.372211302254024,0,-4.009112120515468,3.505894823878514,200,200,0,0,0,0,0,0,False
1554254,markov,0.5,90,0.1,source_batch/1554254/markov_0.5s/seed90,True,False,duration,9.999999999999831,,,,0.8274197681563367,0.8274051924813479,0.32052849549974755,0,-10,0,200,200,39,0.195,16,0.8,0.195,16,True
1554254,markov,0.5,91,0.1,source_batch/1554254/markov_0.5s/seed91,True,False,duration,9.999999999999831,,,,8.316741566385394,8.316723325718492,2.372211302254024,0,-4.009112120515468,3.505894823878514,200,200,0,0,0,0,0,0,False
1554254,markov,0.5,92,0.1,source_batch/1554254/markov_0.5s/seed92,True,True,collision,8.919999999999854,8.919999999999854,15.04110371100595,12.805036584987512,0,-0.006169313283693967,0,0,-5.229347628041303,15.04110371100595,179,179,34,0.18994413407821228,31,1.55,0.18994413407821228,31,False
1554254,markov,0.5,93,0.1,source_batch/1554254/markov_0.5s/seed93,True,False,duration,9.999999999999831,,,,8.316741566385394,8.316723325718492,2.372211302254024,0,-4.009112120515468,3.505894823878514,200,200,0,0,0,0,0,0,False
1554254,markov,0.5,94,0.1,source_batch/1554254/markov_0.5s/seed94,True,True,collision,9.409999999999844,9.409999999999844,4.662781753407593,1.0572318509679488,0,-0.0112024592966522,0,0,-10,4.662781753407593,189,189,35,0.18518518518518517,17,0.8500000000000001,0.18518518518518517,17,True
1554254,markov,0.5,95,0.1,source_batch/1554254/markov_0.5s/seed95,True,False,duration,9.999999999999831,,,,7.503506726403231,7.503496600785735,1.6045603575080323,0,-7.188393123953585,4.64559423841343,200,200,12,0.06,5,0.25,0.06,5,False
1554254,markov,0.5,96,0.1,source_batch/1554254/markov_0.5s/seed96,True,True,collision,7.009999999999895,7.009999999999895,9.797993570372062,6.192443667916786,0,-0.04380256661536741,0,0,-10,9.797993570372062,141,141,56,0.3971631205673759,14,0.7000000000000001,0.3971631205673759,14,True
1554254,markov,0.5,97,0.1,source_batch/1554254/markov_0.5s/seed97,True,False,duration,9.999999999999831,,,,8.224674319600975,8.224656555797285,2.392768859350307,0,-4.142717078870639,3.437296721602467,200,200,21,0.105,21,1.05,0.105,21,False
1554254,markov,0.5,98,0.1,source_batch/1554254/markov_0.5s/seed98,True,False,duration,9.999999999999831,,,,3.8851488010726656,3.8851379023178536,0.7948958512229738,0,-10,0.23588719496575136,200,200,27,0.135,17,0.8500000000000001,0.135,17,False
1554254,markov,0.5,99,0.1,source_batch/1554254/markov_0.5s/seed99,True,True,collision,5.539999999999926,5.539999999999926,17.888492663847607,14.726215437156315,0,-0.020989099363626806,0,0,-3.386213246847447,17.888492663847607,111,111,40,0.36036036036036034,40,2,0.36036036036036034,40,False
1554254,markov,1.0,0,0.1,source_batch/1554254/markov_1s/seed0,True,False,duration,9.999999999999831,,,,8.246081728668974,8.246063853985397,2.38792618086943,0,-4.143535207433757,3.4532323151560127,200,200,9,0.045,9,0.45,0.045,9,False
1554254,markov,1.0,1,0.1,source_batch/1554254/markov_1s/seed1,True,True,collision,7.439999999999886,7.439999999999886,15.153858306679346,11.991581850715022,0,-0.06127327268832161,0,0,-10,15.153858306679346,149,149,29,0.19463087248322147,29,1.4500000000000002,0.19463087248322147,29,True
1554254,markov,1.0,2,0.1,source_batch/1554254/markov_1s/seed2,True,True,collision,6.379999999999908,6.379999999999908,17.660548175081495,14.498271285687935,0,-0.0905486524008916,0,0,-8.93705226987187,17.660548175081495,128,128,43,0.3359375,31,1.55,0.3359375,31,False
1554254,markov,1.0,3,0.1,source_batch/1554254/markov_1s/seed3,True,True,collision,5.899999999999919,5.899999999999919,15.049431254704187,11.887154365310627,0,-0.08010315449720462,0,0,-10,15.049431254704187,118,118,30,0.2542372881355932,30,1.5,0.2542372881355932,30,True
1554254,markov,1.0,4,0.1,source_batch/1554254/markov_1s/seed4,True,False,duration,9.999999999999831,,,,8.272275013686485,8.27225700333453,2.382052868175006,0,-4.178519392120705,3.4727428235764832,200,200,4,0.02,4,0.2,0.02,4,False
1554254,markov,1.0,5,0.1,source_batch/1554254/markov_1s/seed5,True,False,duration,9.999999999999831,,,,8.018839130578625,8.01882102364673,2.447947718073823,0,-6.963443576255113,3.2757321426604524,200,200,10,0.05,5,0.25,0.05,5,False
1554254,markov,1.0,6,0.1,source_batch/1554254/markov_1s/seed6,True,False,duration,9.999999999999831,,,,1.9167812014306609,1.9167687891805265,0.5290132171658725,0,-10,0.002610119866932808,200,200,65,0.325,44,2.2,0.325,44,False
1554254,markov,1.0,7,0.1,source_batch/1554254/markov_1s/seed7,True,False,duration,9.999999999999831,,,,8.220526526095586,8.220508783775433,2.393711597822832,0,-8.056481543663452,3.4342101994460346,200,200,6,0.03,6,0.30000000000000004,0.03,6,False
1554254,markov,1.0,8,0.1,source_batch/1554254/markov_1s/seed8,True,False,duration,9.999999999999831,,,,8.316741566385394,8.316723325718492,2.372211302254024,0,-4.009112120515468,3.505894823878514,200,200,0,0,0,0,0,0,False
1554254,markov,1.0,9,0.1,source_batch/1554254/markov_1s/seed9,True,True,collision,8.16999999999987,8.16999999999987,11.397996823875477,8.235720367905468,0,-0.018220209397370013,0,0,-10,11.397996823875477,164,164,46,0.2804878048780488,20,1,0.2804878048780488,20,False
1554254,markov,1.0,10,0.1,source_batch/1554254/markov_1s/seed10,True,True,collision,5.679999999999923,5.679999999999923,13.65987029284394,11.423802621850275,0,-0.03314587704479788,0,0,-10,13.65987029284394,114,114,39,0.34210526315789475,20,1,0.34210526315789475,20,True
1554254,markov,1.0,11,0.1,source_batch/1554254/markov_1s/seed11,True,False,duration,9.999999999999831,,,,7.479262204905129,7.479256697927571,1.1611898296447731,0,-9.999999999999964,3.260196239888072,200,200,13,0.065,13,0.65,0.065,13,False
1554254,markov,1.0,12,0.1,source_batch/1554254/markov_1s/seed12,True,True,collision,4.849999999999941,4.849999999999941,17.88845039516573,13.416314712529259,0,-0.05756160362345675,0,0,-10,17.88845039516573,97,97,79,0.8144329896907216,52,2.6,0.8144329896907216,52,False
1554254,markov,1.0,13,0.1,source_batch/1554254/markov_1s/seed13,True,False,duration,9.999999999999831,,,,7.827406971313641,7.827387362268532,2.4186162911042133,0,-6.703014417468367,3.236308045661496,200,200,5,0.025,5,0.25,0.025,5,False
1554254,markov,1.0,14,0.1,source_batch/1554254/markov_1s/seed14,True,False,duration,9.999999999999831,,,,2.41250522961335,2.412494152647289,0.6050744245346468,0,-10,0.47891252233487364,200,200,23,0.115,16,0.8,0.115,16,False
1554254,markov,1.0,15,0.1,source_batch/1554254/markov_1s/seed15,True,False,duration,9.999999999999831,,,,8.280154533113393,8.280136481949388,2.380297135549916,0,-4.060583861030231,3.4786146478458213,200,200,4,0.02,4,0.2,0.02,4,False
1554254,markov,1.0,16,0.1,source_batch/1554254/markov_1s/seed16,True,False,duration,9.999999999999831,,,,8.316741566385394,8.316723325718492,2.372211302254024,0,-4.009112120515468,3.505894823878514,200,200,0,0,0,0,0,0,False
1554254,markov,1.0,17,0.1,source_batch/1554254/markov_1s/seed17,True,False,duration,9.999999999999831,,,,8.316741566385394,8.316723325718492,2.372211302254024,0,-4.009112120515468,3.505894823878514,200,200,0,0,0,0,0,0,False
1554254,markov,1.0,18,0.1,source_batch/1554254/markov_1s/seed18,True,False,duration,9.999999999999831,,,,8.13416969542846,8.13415240039436,2.2067432954187254,0,-8.602160743306264,3.365394751631551,200,200,6,0.03,6,0.30000000000000004,0.03,6,False
1554254,markov,1.0,19,0.1,source_batch/1554254/markov_1s/seed19,True,True,collision,4.869999999999941,4.869999999999941,17.888543819995935,14.726266352408725,0,-0.1117075513647885,0,0,-3.386213246847447,17.888543819995935,98,98,78,0.7959183673469388,78,3.9000000000000004,0.7959183673469388,78,False
1554254,markov,1.0,20,0.1,source_batch/1554254/markov_1s/seed20,True,False,duration,9.999999999999831,,,,8.228979406456254,8.228961620354323,2.3917919313402822,0.3000000000000001,-4.171598950294886,3.440500619024616,200,200,15,0.075,9,0.45,0.075,9,False
1554254,markov,1.0,21,0.1,source_batch/1554254/markov_1s/seed21,True,False,duration,9.999999999999831,,,,7.494057769055287,7.494051595270315,2.0082310113082587,0.35000000000000014,-9.386018881717906,2.81650612543505,200,200,15,0.075,8,0.4,0.075,8,False
1554254,markov,1.0,22,0.1,source_batch/1554254/markov_1s/seed22,True,False,duration,9.999999999999831,,,,8.219241935066286,8.219224199399683,2.3939994079653633,0,-6.635773207593942,3.4332607485417554,200,200,4,0.02,4,0.2,0.02,4,False
1554254,markov,1.0,23,0.1,source_batch/1554254/markov_1s/seed23,True,False,duration,9.999999999999831,,,,8.316741566385394,8.316723325718492,2.372211302254024,0,-4.009112120515468,3.505894823878514,200,200,0,0,0,0,0,0,False
1554254,markov,1.0,24,0.1,source_batch/1554254/markov_1s/seed24,True,False,duration,9.999999999999831,,,,7.987918312846272,7.987899366812926,1.4404347118930283,0,-9.999999999999964,3.241500522418111,200,200,11,0.055,11,0.55,0.055,11,False
1554254,markov,1.0,25,0.1,source_batch/1554254/markov_1s/seed25,True,True,collision,6.709999999999901,6.709999999999901,16.35681881222271,13.194542356253411,0,-0.030690868348329126,0,2.199999999999997,-8.348352564456185,16.35681881222271,135,135,79,0.5851851851851851,44,2.2,0.5851851851851851,44,False
1554254,markov,1.0,26,0.1,source_batch/1554254/markov_1s/seed26,True,True,collision,8.14999999999987,8.14999999999987,16.10091974064418,12.938643284674171,0,-0.015777785256688936,0,0,-4.009112120515468,16.10091974064418,163,163,31,0.1901840490797546,31,1.55,0.1901840490797546,31,False
1554254,markov,1.0,27,0.1,source_batch/1554254/markov_1s/seed27,True,False,duration,9.999999999999831,,,,8.228130788747505,8.228113007041,2.391984380446388,0,-4.1406228663403155,3.439869036897926,200,200,18,0.09,18,0.9,0.09,18,False
1554254,markov,1.0,28,0.1,source_batch/1554254/markov_1s/seed28,True,False,duration,9.999999999999831,,,,1.8575175700504858,1.8575004930269001,0.5259450230848417,0,-10,2.538465403660729,200,200,22,0.11,20,1,0.11,20,False
1554254,markov,1.0,29,0.1,source_batch/1554254/markov_1s/seed29,True,False,duration,9.999999999999831,,,,8.316741566385394,8.316723325718492,2.372211302254024,0,-4.009112120515468,3.505894823878514,200,200,0,0,0,0,0,0,False
1554254,markov,1.0,30,0.1,source_batch/1554254/markov_1s/seed30,True,False,duration,9.999999999999831,,,,7.942086212110518,7.942066022326682,2.3967871883535263,0,-5.346358959394237,3.313630038127201,200,200,4,0.02,4,0.2,0.02,4,False
1554254,markov,1.0,31,0.1,source_batch/1554254/markov_1s/seed31,True,False,duration,9.999999999999831,,,,8.316741566385394,8.316723325718492,2.372211302254024,0,-4.009112120515468,3.505894823878514,200,200,0,0,0,0,0,0,False
1554254,markov,1.0,32,0.1,source_batch/1554254/markov_1s/seed32,True,True,collision,6.3299999999999095,6.3299999999999095,17.85828257729961,15.622215144810541,0,-0.03903924369997025,0,0,-4.027189453743141,17.85828257729961,127,127,36,0.28346456692913385,33,1.6500000000000001,0.28346456692913385,33,False
1554254,markov,1.0,33,0.1,source_batch/1554254/markov_1s/seed33,True,False,duration,9.999999999999831,,,,3.927044688360214,3.9270374754967987,0.7965325085695338,0,-10,0.6321962926086371,200,200,17,0.085,17,0.8500000000000001,0.085,17,False
1554254,markov,1.0,34,0.1,source_batch/1554254/markov_1s/seed34,True,False,duration,9.999999999999831,,,,5.845619406774283,5.8456125922406645,1.0612547105884476,0,-9.999999999999964,2.441879431219011,200,200,14,0.07,14,0.7000000000000001,0.07,14,False
1554254,markov,1.0,35,0.1,source_batch/1554254/markov_1s/seed35,True,False,duration,9.999999999999831,,,,6.789764234018597,6.789759809594644,1.3968962702478642,0,-9.999999999999964,2.547715895869445,200,200,20,0.1,11,0.55,0.1,11,False
1554254,markov,1.0,36,0.1,source_batch/1554254/markov_1s/seed36,True,False,duration,9.999999999999831,,,,8.316741566385394,8.316723325718492,2.372211302254024,0,-4.009112120515468,3.505894823878514,200,200,0,0,0,0,0,0,False
1554254,markov,1.0,37,0.1,source_batch/1554254/markov_1s/seed37,True,False,duration,9.999999999999831,,,,8.29325108762509,8.293232968627354,2.3773812163282724,0,-4.009112120515468,3.488390045175747,200,200,1,0.005,1,0.05,0.005,1,False
1554254,markov,1.0,38,0.1,source_batch/1554254/markov_1s/seed38,True,True,collision,5.969999999999917,5.969999999999917,17.885661423850273,14.723384534456713,0,-0.04275845759028307,0,0,-3.5625091657776053,17.885661423850273,120,120,35,0.2916666666666667,35,1.75,0.2916666666666667,35,False
1554254,markov,1.0,39,0.1,source_batch/1554254/markov_1s/seed39,True,False,duration,9.999999999999831,,,,8.122291804370153,8.122274570857705,2.42053524590344,0,-10,3.355569634692987,200,200,13,0.065,13,0.65,0.065,13,False
1554254,markov,1.0,40,0.1,source_batch/1554254/markov_1s/seed40,True,False,duration,9.999999999999831,,,,7.969424363312797,7.969404915407217,2.296000295032358,0,-7.3632514018864725,3.2419490420905936,200,200,6,0.03,6,0.30000000000000004,0.03,6,False
1554254,markov,1.0,41,0.1,source_batch/1554254/markov_1s/seed41,True,False,duration,9.999999999999831,,,,8.176839450809274,8.176821934766757,2.404718445988373,1.7000000000000013,-4.620532286147849,3.4003240372724672,200,200,34,0.17,34,1.7000000000000002,0.17,34,False
1554254,markov,1.0,42,0.1,source_batch/1554254/markov_1s/seed42,True,True,collision,4.769999999999943,4.769999999999943,17.888532568075934,13.416396885433779,0,-0.09234763650040811,0,3.099999999999978,-10,17.888532568075934,96,96,94,0.9791666666666666,62,3.1,0.9791666666666666,62,False
1554254,markov,1.0,43,0.1,source_batch/1554254/markov_1s/seed43,True,True,collision,9.859999999999834,9.859999999999834,5.071121274449331,1.4655713719954755,0,-0.010713644795641741,0,0,-10,5.071121274449331,198,198,31,0.15656565656565657,19,0.9500000000000001,0.15656565656565657,19,True
1554254,markov,1.0,44,0.1,source_batch/1554254/markov_1s/seed44,True,False,duration,9.999999999999831,,,,8.316741566385394,8.316723325718492,2.372211302254024,0,-4.009112120515468,3.505894823878514,200,200,0,0,0,0,0,0,False
1554254,markov,1.0,45,0.1,source_batch/1554254/markov_1s/seed45,True,False,duration,9.999999999999831,,,,8.316741566385394,8.316723325718492,2.372211302254024,0,-4.009112120515468,3.505894823878514,200,200,0,0,0,0,0,0,False
1554254,markov,1.0,46,0.1,source_batch/1554254/markov_1s/seed46,True,False,duration,9.999999999999831,,,,8.040295726897792,8.040278202235786,1.454393400779613,0.4000000000000002,-9.999999999999964,3.286090905955279,200,200,18,0.09,10,0.5,0.09,10,False
1554254,markov,1.0,47,0.1,source_batch/1554254/markov_1s/seed47,True,False,duration,9.999999999999831,,,,8.213465140357632,8.213447434611997,1.9691663746026788,0,-8.089851705640072,4.171027669649922,200,200,6,0.03,4,0.2,0.03,4,False
1554254,markov,1.0,48,0.1,source_batch/1554254/markov_1s/seed48,True,False,duration,9.999999999999831,,,,8.316741566385394,8.316723325718492,2.372211302254024,0,-4.009112120515468,3.505894823878514,200,200,0,0,0,0,0,0,False
1554254,markov,1.0,49,0.1,source_batch/1554254/markov_1s/seed49,True,True,collision,8.63999999999986,8.63999999999986,15.562018896830434,11.956468994376579,0,-0.0697867450501457,0,0,-4.009112120515468,15.562018896830434,173,173,31,0.1791907514450867,31,1.55,0.1791907514450867,31,False
1554254,markov,1.0,50,0.1,source_batch/1554254/markov_1s/seed50,True,False,duration,9.999999999999831,,,,8.288884049234394,8.288865952855776,2.3783578884960503,0,-4.232192946016156,3.485121391086025,200,200,7,0.035,7,0.35000000000000003,0.035,7,False
1554254,markov,1.0,51,0.1,source_batch/1554254/markov_1s/seed51,True,False,duration,9.999999999999831,,,,8.316741566385394,8.316723325718492,2.372211302254024,0,-4.009112120515468,3.505894823878514,200,200,0,0,0,0,0,0,False
1554254,markov,1.0,52,0.1,source_batch/1554254/markov_1s/seed52,True,False,duration,9.999999999999831,,,,8.316741566385394,8.316723325718492,2.372211302254024,0,-4.009112120515468,3.505894823878514,200,200,0,0,0,0,0,0,False
1554254,markov,1.0,53,0.1,source_batch/1554254/markov_1s/seed53,True,False,duration,9.999999999999831,,,,6.805285475296707,6.805271160339941,0.8883884667810628,0,-6.052798545343929,7.660242579462767,200,200,16,0.08,12,0.6000000000000001,0.08,12,False
1554254,markov,1.0,54,0.1,source_batch/1554254/markov_1s/seed54,True,False,duration,9.999999999999831,,,,8.138598416716125,8.138581098743419,1.653809985157441,0.5000000000000002,-4.30241943417542,4.921110146743149,200,200,14,0.07,10,0.5,0.07,10,False
1554254,markov,1.0,55,0.1,source_batch/1554254/markov_1s/seed55,True,False,duration,9.999999999999831,,,,8.125224911694307,8.125207662989801,2.326877090947561,0,-7.291546115965453,3.35853413516628,200,200,5,0.025,5,0.25,0.025,5,False
1554254,markov,1.0,56,0.1,source_batch/1554254/markov_1s/seed56,True,False,duration,9.999999999999831,,,,3.2466673883952066,3.2466648241804448,0.7947167986973298,0,-10,3.444401356120224,200,200,40,0.2,20,1,0.2,20,False
1554254,markov,1.0,57,0.1,source_batch/1554254/markov_1s/seed57,True,False,duration,9.999999999999831,,,,8.083569642890716,8.083552609940085,2.4327428794152497,2.6999999999999864,-8.325273131070787,3.322814210387537,200,200,54,0.27,54,2.7,0.27,54,False
1554254,markov,1.0,58,0.1,source_batch/1554254/markov_1s/seed58,True,False,duration,9.999999999999831,,,,5.295693469714621,5.2956909241700805,1.1353295971225157,0,-10,3.2983683254942626,200,200,45,0.225,43,2.15,0.225,43,False
1554254,markov,1.0,59,0.1,source_batch/1554254/markov_1s/seed59,True,True,collision,8.009999999999874,8.009999999999874,16.34865203580605,13.186375579836042,0,-0.10077444903386379,0,0,-4.009112120515468,16.34865203580605,161,161,32,0.19875776397515527,32,1.6,0.19875776397515527,32,False
1554254,markov,1.0,60,0.1,source_batch/1554254/markov_1s/seed60,True,True,collision,9.469999999999843,9.469999999999843,14.680627736706574,11.518351280735144,0,-0.0703681549942381,0,0,-4.303100386906067,14.680627736706574,190,190,41,0.21578947368421053,31,1.55,0.21578947368421053,31,False
1554254,markov,1.0,61,0.1,source_batch/1554254/markov_1s/seed61,True,False,duration,9.999999999999831,,,,8.316741566385394,8.316723325718492,2.372211302254024,0,-4.009112120515468,3.505894823878514,200,200,0,0,0,0,0,0,False
1554254,markov,1.0,62,0.1,source_batch/1554254/markov_1s/seed62,True,False,duration,9.999999999999831,,,,7.124983422323137,7.124971354379263,2.2346722218166732,0,-10,3.186029269201928,200,200,34,0.17,11,0.55,0.17,11,False
1554254,markov,1.0,63,0.1,source_batch/1554254/markov_1s/seed63,True,False,duration,9.999999999999831,,,,8.316741566385394,8.316723325718492,2.372211302254024,0,-4.009112120515468,3.505894823878514,200,200,0,0,0,0,0,0,False
1554254,markov,1.0,64,0.1,source_batch/1554254/markov_1s/seed64,True,True,collision,9.769999999999836,9.769999999999836,14.470848184622307,10.865298282168451,0,-0.08850632828344285,0,0,-7.004704708677778,14.470848184622307,196,196,43,0.2193877551020408,31,1.55,0.2193877551020408,31,False
1554254,markov,1.0,65,0.1,source_batch/1554254/markov_1s/seed65,True,False,duration,9.999999999999831,,,,8.316741566385394,8.316723325718492,2.372211302254024,0,-4.009112120515468,3.505894823878514,200,200,0,0,0,0,0,0,False
1554254,markov,1.0,66,0.1,source_batch/1554254/markov_1s/seed66,True,True,collision,6.7499999999999005,6.7499999999999005,8.191327842931166,4.585777940484416,0,-0.043172948463697125,0,0,-10,8.191327842931166,135,135,22,0.16296296296296298,22,1.1,0.16296296296296298,22,True
1554254,markov,1.0,67,0.1,source_batch/1554254/markov_1s/seed67,True,False,duration,9.999999999999831,,,,8.282803865707896,8.28278580082165,2.3797079292609853,0,-4.124692765154947,3.480589234912478,200,200,5,0.025,5,0.25,0.025,5,False
1554254,markov,1.0,68,0.1,source_batch/1554254/markov_1s/seed68,True,False,duration,9.999999999999831,,,,7.84808668299225,7.8480841824990115,1.6978247993778548,0,-9.999999999999964,3.1960714362296296,200,200,10,0.05,10,0.5,0.05,10,False
1554254,markov,1.0,69,0.1,source_batch/1554254/markov_1s/seed69,True,False,duration,9.999999999999831,,,,7.708724969025926,7.708716792551913,1.823289784974783,0,-9.999999999999964,3.0279765619792958,200,200,12,0.06,8,0.4,0.06,8,False
1554254,markov,1.0,70,0.1,source_batch/1554254/markov_1s/seed70,True,False,duration,9.999999999999831,,,,8.06375205943647,8.06373512913121,2.4390938666327395,0,-10,3.3060372294172913,200,200,47,0.235,47,2.35,0.235,47,False
1554254,markov,1.0,71,0.1,source_batch/1554254/markov_1s/seed71,True,True,collision,6.499999999999906,6.499999999999906,17.77258033159577,14.610303442209315,0,-0.08918157175147101,0,0,-7.3289425572811595,17.77258033159577,130,130,38,0.2923076923076923,31,1.55,0.2923076923076923,31,False
1554254,markov,1.0,72,0.1,source_batch/1554254/markov_1s/seed72,True,False,duration,9.999999999999831,,,,8.316741566385394,8.316723325718492,2.372211302254024,0,-4.009112120515468,3.505894823878514,200,200,0,0,0,0,0,0,False
1554254,markov,1.0,73,0.1,source_batch/1554254/markov_1s/seed73,True,False,duration,9.999999999999831,,,,8.26876910146739,8.268751109274344,2.3816698498744366,0,-4.009112120515468,3.471829275459938,200,200,1,0.005,1,0.05,0.005,1,False
1554254,markov,1.0,74,0.1,source_batch/1554254/markov_1s/seed74,True,False,duration,9.999999999999831,,,,8.316741566385394,8.316723325718492,2.372211302254024,0,-4.009112120515468,3.505894823878514,200,200,0,0,0,0,0,0,False
1554254,markov,1.0,75,0.1,source_batch/1554254/markov_1s/seed75,True,False,duration,9.999999999999831,,,,8.055366216298179,8.055349100605614,2.1339863862306054,0,-4.009112120515468,3.7726452455551915,200,200,3,0.015,3,0.15000000000000002,0.015,3,False
1554254,markov,1.0,76,0.1,source_batch/1554254/markov_1s/seed76,True,False,duration,9.999999999999831,,,,5.376590677826615,5.376572054133937,0.5359642543292096,0,-4.009112120515468,10.031587014815063,200,200,18,0.09,18,0.9,0.09,18,False
1554254,markov,1.0,77,0.1,source_batch/1554254/markov_1s/seed77,True,False,duration,9.999999999999831,,,,8.316741566385394,8.316723325718492,2.372211302254024,0,-4.009112120515468,3.505894823878514,200,200,0,0,0,0,0,0,False
1554254,markov,1.0,78,0.1,source_batch/1554254/markov_1s/seed78,True,False,duration,9.999999999999831,,,,8.316741566385394,8.316723325718492,2.372211302254024,0,-4.009112120515468,3.505894823878514,200,200,0,0,0,0,0,0,False
1554254,markov,1.0,79,0.1,source_batch/1554254/markov_1s/seed79,True,False,duration,9.999999999999831,,,,6.731125128502431,6.731115100551462,1.7262263842147463,0,-9.999999999999964,2.940000842780878,200,200,13,0.065,9,0.45,0.065,9,False
1554254,markov,1.0,80,0.1,source_batch/1554254/markov_1s/seed80,True,False,duration,9.999999999999831,,,,8.316741566385394,8.316723325718492,2.372211302254024,0,-4.009112120515468,3.505894823878514,200,200,0,0,0,0,0,0,False
1554254,markov,1.0,81,0.1,source_batch/1554254/markov_1s/seed81,True,True,collision,6.0499999999999154,6.0499999999999154,17.88367573528926,14.721398845899252,0,-0.06448526066953253,0,0,-4.009112120515468,17.88367573528926,121,121,34,0.2809917355371901,34,1.7000000000000002,0.2809917355371901,34,False
1554254,markov,1.0,82,0.1,source_batch/1554254/markov_1s/seed82,True,True,collision,5.509999999999927,5.509999999999927,11.443692139172013,7.8381413579554176,0,-0.04808288032633801,0,0,-10,11.443692139172013,111,111,53,0.4774774774774775,27,1.35,0.4774774774774775,27,True
1554254,markov,1.0,83,0.1,source_batch/1554254/markov_1s/seed83,True,False,duration,9.999999999999831,,,,8.072414602030962,8.072397626857974,2.197316874777827,0,-10,3.3133851025590233,200,200,22,0.11,22,1.1,0.11,22,False
1554254,markov,1.0,84,0.1,source_batch/1554254/markov_1s/seed84,True,False,duration,9.999999999999831,,,,8.294146234563996,8.29412811092984,2.3771919775289145,0.35000000000000014,-4.031225610094502,3.4890442965197814,200,200,7,0.035,7,0.35000000000000003,0.035,7,False
1554254,markov,1.0,85,0.1,source_batch/1554254/markov_1s/seed85,True,True,collision,6.089999999999915,6.089999999999915,17.856273873517292,15.620206441028932,0,-0.056275688650945455,0,0,-5.285451480389369,17.856273873517292,122,122,42,0.3442622950819672,32,1.6,0.3442622950819672,32,False
1554254,markov,1.0,86,0.1,source_batch/1554254/markov_1s/seed86,True,False,duration,9.999999999999831,,,,7.7472597233231735,7.747240529401524,2.4568465654810185,0,-6.730773465199391,3.1533269672803987,200,200,23,0.115,18,0.9,0.115,18,False
1554254,markov,1.0,87,0.1,source_batch/1554254/markov_1s/seed87,True,False,duration,9.999999999999831,,,,1.0268230521294828,1.0268171774383887,0.3672328980537636,0,-10,3.559413251325416,200,200,20,0.1,20,1,0.1,20,True
1554254,markov,1.0,88,0.1,source_batch/1554254/markov_1s/seed88,True,True,collision,5.339999999999931,5.339999999999931,17.888541454054682,14.282990672836664,0,-0.05602014107034581,0,0,-3.386213246847447,17.888541454054682,107,107,45,0.4205607476635514,45,2.25,0.4205607476635514,45,False
1554254,markov,1.0,89,0.1,source_batch/1554254/markov_1s/seed89,True,False,duration,9.999999999999831,,,,8.316741566385394,8.316723325718492,2.372211302254024,0,-4.009112120515468,3.505894823878514,200,200,0,0,0,0,0,0,False
1554254,markov,1.0,90,0.1,source_batch/1554254/markov_1s/seed90,True,True,collision,4.979999999999938,4.979999999999938,10.75854381999476,7.15299276411456,0,-0.022471361685883373,0,0,-10,10.75854381999476,100,100,74,0.74,74,3.7,0.74,74,True
1554254,markov,1.0,91,0.1,source_batch/1554254/markov_1s/seed91,True,False,duration,9.999999999999831,,,,8.316741566385394,8.316723325718492,2.372211302254024,0,-4.009112120515468,3.505894823878514,200,200,0,0,0,0,0,0,False
1554254,markov,1.0,92,0.1,source_batch/1554254/markov_1s/seed92,True,True,collision,7.489999999999885,7.489999999999885,16.391759016806017,12.786209114349319,0,-0.08278956256288073,0,0,-10,16.391759016806017,150,150,31,0.20666666666666667,29,1.4500000000000002,0.20666666666666667,29,False
1554254,markov,1.0,93,0.1,source_batch/1554254/markov_1s/seed93,True,False,duration,9.999999999999831,,,,8.316741566385394,8.316723325718492,2.372211302254024,0,-4.009112120515468,3.505894823878514,200,200,0,0,0,0,0,0,False
1554254,markov,1.0,94,0.1,source_batch/1554254/markov_1s/seed94,True,True,collision,8.489999999999863,8.489999999999863,14.1761776171047,11.013901161133271,0,-0.045240702298608326,0,0,-10,14.1761776171047,170,170,34,0.2,29,1.4500000000000002,0.2,29,True
1554254,markov,1.0,95,0.1,source_batch/1554254/markov_1s/seed95,True,False,duration,9.999999999999831,,,,5.722364157726594,5.72234764598833,1.173601196782825,0,-9.999999999999964,4.821913650640476,200,200,13,0.065,13,0.65,0.065,13,False
1554254,markov,1.0,96,0.1,source_batch/1554254/markov_1s/seed96,True,False,duration,9.999999999999831,,,,7.6013372329360775,7.601332424048003,1.341176230130472,0,-9.999999999999964,3.2495686296959376,200,200,22,0.11,11,0.55,0.11,11,False
1554254,markov,1.0,97,0.1,source_batch/1554254/markov_1s/seed97,True,False,duration,9.999999999999831,,,,8.205001616012744,8.204983954104012,2.397257211148005,0,-4.294422640980855,3.42265482233122,200,200,26,0.13,26,1.3,0.13,26,False
1554254,markov,1.0,98,0.1,source_batch/1554254/markov_1s/seed98,True,True,collision,8.68999999999986,8.68999999999986,15.516133278983398,11.910583376542332,0,-0.08059431645797943,0,0,-4.009112120515468,15.516133278983398,174,174,31,0.1781609195402299,31,1.55,0.1781609195402299,31,False
1554254,markov,1.0,99,0.1,source_batch/1554254/markov_1s/seed99,True,True,collision,5.539999999999926,5.539999999999926,17.888492663847607,14.726215437156315,0,-0.020989099363626806,0,0,-3.386213246847447,17.888492663847607,111,111,40,0.36036036036036034,40,2,0.36036036036036034,40,False
1554431,ideal,,,0,source_batch/1554431/ideal,True,False,duration,9.999999999999831,,,,13.557557356069633,13.55726609671904,1.9717629049977412,0,-5.389557644289766,6.875708059197194,200,200,0,0,0,0,,,False
1554431,iid,,0,0.1,source_batch/1554431/iid/seed0,True,False,duration,9.999999999999831,,,,12.817012888782727,12.816696999352839,1.9729813691518043,0,-8.904974449651704,6.496106450748092,200,200,25,0.125,3,0.15000000000000002,,,False
1554431,iid,,1,0.1,source_batch/1554431/iid/seed1,True,False,duration,9.999999999999831,,,,12.592283140188533,12.591965540701988,1.8006763345186996,0,-7.845759154693965,6.992908886131209,200,200,21,0.105,2,0.1,,,False
1554431,iid,,2,0.1,source_batch/1554431/iid/seed2,True,False,duration,9.999999999999831,,,,13.147707242746913,13.14741871680443,1.9559869357402007,0,-7.059461157059488,6.721629105272666,200,200,15,0.075,2,0.1,,,False
1554431,iid,,3,0.1,source_batch/1554431/iid/seed3,True,False,duration,9.999999999999831,,,,12.343263973703703,12.342921472629195,1.6862429074526681,0,-7.32927308058855,7.31977665737085,200,200,30,0.15,3,0.15000000000000002,,,False
1554431,iid,,4,0.1,source_batch/1554431/iid/seed4,True,False,duration,9.999999999999831,,,,12.589382032953003,12.589064224589254,1.9717575489897072,0,-8.749383159206658,6.3846917847681945,200,200,26,0.13,3,0.15000000000000002,,,False
1554431,iid,,5,0.1,source_batch/1554431/iid/seed5,True,False,duration,9.999999999999831,,,,12.674907838936907,12.674594817050398,1.8753207478299998,0,-7.834132009353745,6.758627734331112,200,200,19,0.095,1,0.05,,,False
1554431,iid,,6,0.1,source_batch/1554431/iid/seed6,True,False,duration,9.999999999999831,,,,12.72520477740566,12.724890740575258,1.97399443389153,0,-7.687620209800805,6.446264752372896,200,200,21,0.105,2,0.1,,,False
1554431,iid,,7,0.1,source_batch/1554431/iid/seed7,True,False,duration,9.999999999999831,,,,12.9130436004268,12.912724169387591,1.9563302793790642,0,-6.326674910604169,6.600482702484197,200,200,18,0.09,1,0.05,,,False
1554431,iid,,8,0.1,source_batch/1554431/iid/seed8,True,False,duration,9.999999999999831,,,,13.097713214069222,13.097411718505464,1.954009176619945,0,-7.674348416898447,6.702840434537484,200,200,22,0.11,2,0.1,,,False
1554431,iid,,9,0.1,source_batch/1554431/iid/seed9,True,False,duration,9.999999999999831,,,,12.787990818008236,12.787675514215852,1.8569392798466058,0,-6.095928010882901,6.886426310758093,200,200,18,0.09,2,0.1,,,False
1554431,iid,,10,0.1,source_batch/1554431/iid/seed10,True,False,duration,9.999999999999831,,,,12.893197034017602,12.892878399397166,1.8494797335067503,0,-5.389557644289766,6.97108390312086,200,200,15,0.075,2,0.1,,,False
1554431,iid,,11,0.1,source_batch/1554431/iid/seed11,True,False,duration,9.999999999999831,,,,12.818428889769,12.818112971765576,1.96920282943071,0,-8.289488636719966,6.5092903484560045,200,200,29,0.145,2,0.1,,,False
1554431,iid,,12,0.1,source_batch/1554431/iid/seed12,True,False,duration,9.999999999999831,,,,12.772816529027251,12.772501531437442,1.9522239905938101,0,-6.8071216155551895,6.542538967340739,200,200,20,0.1,2,0.1,,,False
1554431,iid,,13,0.1,source_batch/1554431/iid/seed13,True,False,duration,9.999999999999831,,,,12.936824400017594,12.936504014683582,1.9806620279657734,0,-7.751473820361099,6.531404061888306,200,200,22,0.11,2,0.1,,,False
1554431,iid,,14,0.1,source_batch/1554431/iid/seed14,True,False,duration,9.999999999999831,,,,12.927767082362339,12.927447060487555,1.9888714453324439,0,-9.404896544622687,6.4998907248762405,200,200,27,0.135,3,0.15000000000000002,,,False
1554431,iid,,15,0.1,source_batch/1554431/iid/seed15,True,False,duration,9.999999999999831,,,,13.060636899794789,13.060325608746806,1.8648320968878072,0,-5.389557644289766,7.003486067481896,200,200,16,0.08,1,0.05,,,False
1554431,iid,,16,0.1,source_batch/1554431/iid/seed16,True,False,duration,9.999999999999831,,,,13.067284984529746,13.066975460976156,1.9384434164254045,0,-6.436873229155715,6.740963058427763,200,200,17,0.085,2,0.1,,,False
1554431,iid,,17,0.1,source_batch/1554431/iid/seed17,True,False,duration,9.999999999999831,,,,12.88427814414511,12.88395986742897,1.9236603088523812,0,-5.998141601942031,6.697627334794516,200,200,19,0.095,1,0.05,,,False
1554431,iid,,18,0.1,source_batch/1554431/iid/seed18,True,False,duration,9.999999999999831,,,,12.460310421947064,12.459982487144766,1.8079364155091568,0.05,-7.836757363004843,6.891825608610104,200,200,31,0.155,2,0.1,,,False
1554431,iid,,19,0.1,source_batch/1554431/iid/seed19,True,False,duration,9.999999999999831,,,,12.791743501468696,12.791428121950766,1.818702989937873,0,-6.6445137461407455,7.033269419317182,200,200,18,0.09,3,0.15000000000000002,,,False
1554431,iid,,20,0.1,source_batch/1554431/iid/seed20,True,False,duration,9.999999999999831,,,,13.062584262345267,13.062273489534652,1.951838186697118,0,-6.629133942421994,6.692293233405023,200,200,16,0.08,1,0.05,,,False
1554431,iid,,21,0.1,source_batch/1554431/iid/seed21,True,False,duration,9.999999999999831,,,,13.262455571940862,13.262175064673428,1.9743483384621037,0,-5.533432197043631,6.717241738103748,200,200,11,0.055,2,0.1,,,False
1554431,iid,,22,0.1,source_batch/1554431/iid/seed22,True,False,duration,9.999999999999831,,,,12.705903896942095,12.705590249584919,1.9692338185346654,0,-6.794505448479526,6.452047557785356,200,200,22,0.11,2,0.1,,,False
1554431,iid,,23,0.1,source_batch/1554431/iid/seed23,True,False,duration,9.999999999999831,,,,12.974747274613298,12.974425367480062,1.9384627117737592,0,-7.015350377174734,6.6931518923095625,200,200,18,0.09,2,0.1,,,False
1554431,iid,,24,0.1,source_batch/1554431/iid/seed24,True,False,duration,9.999999999999831,,,,12.43051783501767,12.430186162929598,1.9132240345661562,0.05,-6.627282686345737,6.49698411600201,200,200,23,0.115,1,0.05,,,False
1554431,iid,,25,0.1,source_batch/1554431/iid/seed25,True,False,duration,9.999999999999831,,,,12.835462052968655,12.835145735183378,1.8985755600888081,0,-6.781479865756168,6.7604081738959065,200,200,16,0.08,2,0.1,,,False
1554431,iid,,26,0.1,source_batch/1554431/iid/seed26,True,False,duration,9.999999999999831,,,,12.7431880133085,12.742873613593673,1.9560691266378787,0,-7.211850128273056,6.514531332282882,200,200,21,0.105,2,0.1,,,False
1554431,iid,,27,0.1,source_batch/1554431/iid/seed27,True,False,duration,9.999999999999831,,,,12.788062289613187,12.787746984378579,1.8710373881174338,0,-8.269213081581128,6.834575869830758,200,200,29,0.145,3,0.15000000000000002,,,False
1554431,iid,,28,0.1,source_batch/1554431/iid/seed28,True,False,duration,9.999999999999831,,,,13.18157173752501,13.181291840932364,1.9697346103110613,0.05,-6.320154776490838,6.691912591641352,200,200,13,0.065,2,0.1,,,False
1554431,iid,,29,0.1,source_batch/1554431/iid/seed29,True,False,duration,9.999999999999831,,,,12.16171354742062,12.1613678045646,1.8525327468188297,0,-8.186649844166993,6.564724874876359,200,200,25,0.125,2,0.1,,,False
1554431,iid,,30,0.1,source_batch/1554431/iid/seed30,True,False,duration,9.999999999999831,,,,13.00434210491691,13.004019010178826,1.7867206779662994,0,-7.0670146719058025,7.27814882904943,200,200,18,0.09,1,0.05,,,False
1554431,iid,,31,0.1,source_batch/1554431/iid/seed31,True,False,duration,9.999999999999831,,,,13.154427648849357,13.154140845419718,1.985110882372843,0,-7.66979272187438,6.626401055086812,200,200,19,0.095,3,0.15000000000000002,,,False
1554431,iid,,32,0.1,source_batch/1554431/iid/seed32,True,False,duration,9.999999999999831,,,,12.938694349226683,12.938373888853864,1.8934007172737837,0,-6.617463705254423,6.833404979101943,200,200,24,0.12,2,0.1,,,False
1554431,iid,,33,0.1,source_batch/1554431/iid/seed33,True,False,duration,9.999999999999831,,,,13.0970651998443,13.096763534370387,1.9573968176522982,0,-5.710477952550441,6.690908770393652,200,200,14,0.07,1,0.05,,,False
1554431,iid,,34,0.1,source_batch/1554431/iid/seed34,True,False,duration,9.999999999999831,,,,12.559597552339607,12.559277599519085,1.9313254931570332,0,-9.999999999999964,6.502931610450144,200,200,24,0.12,3,0.15000000000000002,,,False
1554431,iid,,35,0.1,source_batch/1554431/iid/seed35,True,False,duration,9.999999999999831,,,,12.626501712832098,12.626186577053108,1.699046834400793,0,-7.452057275781954,7.431335217728719,200,200,24,0.12,3,0.15000000000000002,,,False
1554431,iid,,36,0.1,source_batch/1554431/iid/seed36,True,False,duration,9.999999999999831,,,,12.910210005256554,12.9098906879261,1.9232212477106678,0,-5.402903837318362,6.712639382127024,200,200,17,0.085,1,0.05,,,False
1554431,iid,,37,0.1,source_batch/1554431/iid/seed37,True,False,duration,9.999999999999831,,,,12.939435806111021,12.939115315984427,1.9824831139832115,0.05,-5.869094853753687,6.526721576955636,200,200,19,0.095,2,0.1,,,False
1554431,iid,,38,0.1,source_batch/1554431/iid/seed38,True,False,duration,9.999999999999831,,,,12.983365020238427,12.983042767285454,1.9038897298202557,0.05,-6.8528525697615805,6.819219918010257,200,200,21,0.105,1,0.05,,,False
1554431,iid,,39,0.1,source_batch/1554431/iid/seed39,True,False,duration,9.999999999999831,,,,13.285761699772905,13.285480339084959,1.9764726718188363,0,-6.19985849968252,6.721813323560442,200,200,13,0.065,1,0.05,,,False
1554431,iid,,40,0.1,source_batch/1554431/iid/seed40,True,False,duration,9.999999999999831,,,,13.004323492733308,13.004000398742107,1.949036143945316,0,-6.574227309008407,6.672016031687794,200,200,17,0.085,2,0.1,,,False
1554431,iid,,41,0.1,source_batch/1554431/iid/seed41,True,False,duration,9.999999999999831,,,,12.457328996581882,12.457000686871979,1.7746083985911993,0,-6.9619111355439856,7.01957721870423,200,200,28,0.14,2,0.1,,,False
1554431,iid,,42,0.1,source_batch/1554431/iid/seed42,True,False,duration,9.999999999999831,,,,12.68538399534055,12.685070762055272,1.8670440380273152,0,-7.898143731491025,6.794200085102485,200,200,26,0.13,2,0.1,,,False
1554431,iid,,43,0.1,source_batch/1554431/iid/seed43,True,False,duration,9.999999999999831,,,,13.219499291777195,13.219220357476793,1.9769664992357778,0,-6.829923084694833,6.686618292513735,200,200,14,0.07,2,0.1,,,False
1554431,iid,,44,0.1,source_batch/1554431/iid/seed44,True,False,duration,9.999999999999831,,,,12.390951168429023,12.390614564190438,1.8804765527514267,0,-5.582049278183021,6.5890821909271144,200,200,24,0.12,1,0.05,,,False
1554431,iid,,45,0.1,source_batch/1554431/iid/seed45,True,False,duration,9.999999999999831,,,,12.670554268218178,12.670241334182546,1.97524348149204,0,-6.259190423648597,6.414521274416166,200,200,24,0.12,3,0.15000000000000002,,,False
1554431,iid,,46,0.1,source_batch/1554431/iid/seed46,True,False,duration,9.999999999999831,,,,13.065240626596216,13.064930560034545,1.9117880195002266,0,-6.889999114128287,6.833880339646619,200,200,18,0.09,1,0.05,,,False
1554431,iid,,47,0.1,source_batch/1554431/iid/seed47,True,False,duration,9.999999999999831,,,,12.813409299596893,12.813093482883975,1.8772673830550537,0,-6.7437984146270225,6.825396104220393,200,200,21,0.105,3,0.15000000000000002,,,False
1554431,iid,,48,0.1,source_batch/1554431/iid/seed48,True,False,duration,9.999999999999831,,,,12.982724059861024,12.982401832629012,1.852757441155085,0,-5.994321602688402,7.0070704044967975,200,200,16,0.08,1,0.05,,,False
1554431,iid,,49,0.1,source_batch/1554431/iid/seed49,True,False,duration,9.999999999999831,,,,12.727740761661002,12.727426673656872,1.965871888801786,0,-7.460268023509542,6.474189262360497,200,200,26,0.13,2,0.1,,,False
1554431,iid,,50,0.1,source_batch/1554431/iid/seed50,True,False,duration,9.999999999999831,,,,12.507964856589881,12.507641186260042,1.7965659473486362,0,-6.507294035068867,6.961971646361639,200,200,26,0.13,2,0.1,,,False
1554431,iid,,51,0.1,source_batch/1554431/iid/seed51,True,False,duration,9.999999999999831,,,,12.909395062761872,12.909075778134081,1.9096372398025814,0,-7.02987833627553,6.759962315915364,200,200,19,0.095,2,0.1,,,False
1554431,iid,,52,0.1,source_batch/1554431/iid/seed52,True,False,duration,9.999999999999831,,,,13.02876594499086,13.028446113339143,1.9556124068032188,0,-6.513669001576261,6.662079902958048,200,200,14,0.07,2,0.1,,,False
1554431,iid,,53,0.1,source_batch/1554431/iid/seed53,True,False,duration,9.999999999999831,,,,13.014583173002952,13.014259667303154,1.9768580921833157,0,-5.816766395550843,6.583304951813573,200,200,19,0.095,2,0.1,,,False
1554431,iid,,54,0.1,source_batch/1554431/iid/seed54,True,False,duration,9.999999999999831,,,,12.433096731562678,12.432765382183064,1.8511368088266056,0,-7.4285390755228775,6.71628662068684,200,200,27,0.135,3,0.15000000000000002,,,False
1554431,iid,,55,0.1,source_batch/1554431/iid/seed55,True,False,duration,9.999999999999831,,,,13.118161581492956,13.117865423860744,1.9288042511971926,0,-8.256658180984822,6.801035105412379,200,200,16,0.08,2,0.1,,,False
1554431,iid,,56,0.1,source_batch/1554431/iid/seed56,True,False,duration,9.999999999999831,,,,12.567312073192713,12.566992675811,1.956907148139951,0,-6.683461661630119,6.4218645671339,200,200,27,0.135,2,0.1,,,False
1554431,iid,,57,0.1,source_batch/1554431/iid/seed57,True,False,duration,9.999999999999831,,,,12.59630661733997,12.595989307540293,1.9489199366953094,0,-6.954426199807706,6.463061447715862,200,200,26,0.13,3,0.15000000000000002,,,False
1554431,iid,,58,0.1,source_batch/1554431/iid/seed58,True,False,duration,9.999999999999831,,,,12.9750896663872,12.974767745514193,1.8934095842678114,0,-5.389557644289766,6.852594310982948,200,200,12,0.06,2,0.1,,,False
1554431,iid,,59,0.1,source_batch/1554431/iid/seed59,True,False,duration,9.999999999999831,,,,13.234668674423789,13.234389184653065,1.9594403091078487,0,-6.051054233526543,6.75416807704584,200,200,12,0.06,1,0.05,,,False
1554431,iid,,60,0.1,source_batch/1554431/iid/seed60,True,False,duration,9.999999999999831,,,,12.885425465285921,12.885107142529169,1.8339629553803936,0,-7.470930961835265,7.025827378207096,200,200,22,0.11,3,0.15000000000000002,,,False
1554431,iid,,61,0.1,source_batch/1554431/iid/seed61,True,False,duration,9.999999999999831,,,,12.75597353318764,12.755658875473305,1.9358363458447363,0,-8.241500859579176,6.589223775477337,200,200,20,0.1,2,0.1,,,False
1554431,iid,,62,0.1,source_batch/1554431/iid/seed62,True,False,duration,9.999999999999831,,,,12.959019320485844,12.958698044496437,1.7382847089796802,0,-5.53873410198058,7.454876624959092,200,200,17,0.085,3,0.15000000000000002,,,False
1554431,iid,,63,0.1,source_batch/1554431/iid/seed63,True,False,duration,9.999999999999831,,,,12.572021671940785,12.5717026136461,1.8281133119926933,0,-9.917247493407189,6.876872746986674,200,200,27,0.135,3,0.15000000000000002,,,False
1554431,iid,,64,0.1,source_batch/1554431/iid/seed64,True,False,duration,9.999999999999831,,,,12.786925178697098,12.786609896408294,1.9643079194270878,0,-6.204176889036539,6.509473270431883,200,200,21,0.105,2,0.1,,,False
1554431,iid,,65,0.1,source_batch/1554431/iid/seed65,True,False,duration,9.999999999999831,,,,13.127898308427788,13.127604676391776,1.980466816451117,0,-6.1907223644553255,6.628540588180968,200,200,16,0.08,2,0.1,,,False
1554431,iid,,66,0.1,source_batch/1554431/iid/seed66,True,False,duration,9.999999999999831,,,,12.729178135042465,12.728864018033523,1.919104156007296,0,-5.950929514363068,6.6327114024472635,200,200,21,0.105,1,0.05,,,False
1554431,iid,,67,0.1,source_batch/1554431/iid/seed67,True,False,duration,9.999999999999831,,,,12.966080276103485,12.965758716766445,1.9723708683048045,0,-5.398781226124072,6.573692060210836,200,200,17,0.085,2,0.1,,,False
1554431,iid,,68,0.1,source_batch/1554431/iid/seed68,True,False,duration,9.999999999999831,,,,12.713191750631685,12.712877956212623,1.8027942860342363,0,-7.1417588942287225,7.05176295193294,200,200,22,0.11,1,0.05,,,False
1554431,iid,,69,0.1,source_batch/1554431/iid/seed69,True,False,duration,9.999999999999831,,,,12.785477665818028,12.785162412738643,1.7990148004482964,0,-5.389557644289766,7.106757770726905,200,200,17,0.085,2,0.1,,,False
1554431,iid,,70,0.1,source_batch/1554431/iid/seed70,True,False,duration,9.999999999999831,,,,12.69706867393433,12.696755204863464,1.922864655102409,0,-5.389557644289766,6.603041545941388,200,200,18,0.09,2,0.1,,,False
1554431,iid,,71,0.1,source_batch/1554431/iid/seed71,True,False,duration,9.999999999999831,,,,12.495250095328394,12.494925509546768,1.8604026137302514,0,-6.80074740665102,6.7162480945420056,200,200,24,0.12,3,0.15000000000000002,,,False
1554431,iid,,72,0.1,source_batch/1554431/iid/seed72,True,False,duration,9.999999999999831,,,,12.848945282708618,12.848628423857594,1.9029498527831508,0,-5.6685130922790705,6.751953239895361,200,200,13,0.065,2,0.1,,,False
1554431,iid,,73,0.1,source_batch/1554431/iid/seed73,True,False,duration,9.999999999999831,,,,12.992074081339899,12.991751478902806,1.975907323773027,0.05,-6.926792352590461,6.575081393035604,200,200,18,0.09,3,0.15000000000000002,,,False
1554431,iid,,74,0.1,source_batch/1554431/iid/seed74,True,False,duration,9.999999999999831,,,,12.686926840850349,12.686613576431931,1.8950735250483701,0.05,-9.654069126329468,6.694523145801488,200,200,23,0.115,3,0.15000000000000002,,,False
1554431,iid,,75,0.1,source_batch/1554431/iid/seed75,True,False,duration,9.999999999999831,,,,12.205232301041162,12.204885598237004,1.7922976069721848,0.09999999999999999,-5.83759265828494,6.8096311409215735,200,200,20,0.1,2,0.1,,,False
1554431,iid,,76,0.1,source_batch/1554431/iid/seed76,True,False,duration,9.999999999999831,,,,13.02267818817752,13.022356712513051,1.9466635568086768,0,-5.441552486474244,6.6895774911724635,200,200,13,0.065,2,0.1,,,False
1554431,iid,,77,0.1,source_batch/1554431/iid/seed77,True,False,duration,9.999999999999831,,,,12.61338783655585,12.61307175658914,1.916169427591653,0,-7.899794553495809,6.58244076696388,200,200,29,0.145,2,0.1,,,False
1554431,iid,,78,0.1,source_batch/1554431/iid/seed78,True,False,duration,9.999999999999831,,,,13.204409453598881,13.20413107185605,1.9082491212696868,0,-5.970748574880247,6.919500669320603,200,200,14,0.07,2,0.1,,,False
1554431,iid,,79,0.1,source_batch/1554431/iid/seed79,True,False,duration,9.999999999999831,,,,12.795355587217076,12.795040134810726,1.7685246080515098,0,-8.003592085969657,7.23486689218749,200,200,18,0.09,3,0.15000000000000002,,,False
1554431,iid,,80,0.1,source_batch/1554431/iid/seed80,True,False,duration,9.999999999999831,,,,12.833839283754486,12.83352303108898,1.9924174449564318,0.05,-5.793422128789594,6.441181823405291,200,200,22,0.11,2,0.1,,,False
1554431,iid,,81,0.1,source_batch/1554431/iid/seed81,True,False,duration,9.999999999999831,,,,12.856308395421419,12.855991241097563,1.9707009566218547,0.05,-8.029022027465693,6.523562693720464,200,200,19,0.095,3,0.15000000000000002,,,False
1554431,iid,,82,0.1,source_batch/1554431/iid/seed82,True,False,duration,9.999999999999831,,,,13.171430203115529,13.17114773547323,1.9641604730643676,0,-6.038871119439904,6.705739126765127,200,200,13,0.065,2,0.1,,,False
1554431,iid,,83,0.1,source_batch/1554431/iid/seed83,True,False,duration,9.999999999999831,,,,13.066860250538141,13.066550614207356,1.9023633105385163,0,-5.91246380127366,6.868588424630892,200,200,12,0.06,2,0.1,,,False
1554431,iid,,84,0.1,source_batch/1554431/iid/seed84,True,False,duration,9.999999999999831,,,,13.149128017658374,13.14883985628931,1.9132876330302881,0,-6.4858171244722485,6.872380100771371,200,200,17,0.085,1,0.05,,,False
1554431,iid,,85,0.1,source_batch/1554431/iid/seed85,True,False,duration,9.999999999999831,,,,12.790786288036552,12.79047092783427,1.973104915614916,0.05,-6.920645096275635,6.482407917902396,200,200,23,0.115,2,0.1,,,False
1554431,iid,,86,0.1,source_batch/1554431/iid/seed86,True,False,duration,9.999999999999831,,,,12.630345487728558,12.63003062869803,1.8988677846549689,0,-6.682328038100138,6.651348098463291,200,200,24,0.12,2,0.1,,,False
1554431,iid,,87,0.1,source_batch/1554431/iid/seed87,True,False,duration,9.999999999999831,,,,12.385083585653359,12.384746253038925,1.7965950823212962,0,-6.533801103729431,6.893454387639298,200,200,25,0.125,2,0.1,,,False
1554431,iid,,88,0.1,source_batch/1554431/iid/seed88,True,False,duration,9.999999999999831,,,,12.934957322655078,12.934637012244625,1.9605141711998215,0,-7.900826118060067,6.5975738417278125,200,200,23,0.115,2,0.1,,,False
1554431,iid,,89,0.1,source_batch/1554431/iid/seed89,True,False,duration,9.999999999999831,,,,12.86749029532632,12.867172692286307,1.7997976675416916,0,-6.901252887117337,7.1492328967518475,200,200,21,0.105,2,0.1,,,False
1554431,iid,,90,0.1,source_batch/1554431/iid/seed90,True,False,duration,9.999999999999831,,,,13.096150940336674,13.095849035064441,1.9786727747597896,0,-5.389557644289766,6.618501655309971,200,200,12,0.06,2,0.1,,,False
1554431,iid,,91,0.1,source_batch/1554431/iid/seed91,True,False,duration,9.999999999999831,,,,12.67598695683119,12.67567391316912,1.86325035790466,0,-6.402692002579968,6.802990193665492,200,200,23,0.115,3,0.15000000000000002,,,False
1554431,iid,,92,0.1,source_batch/1554431/iid/seed92,True,False,duration,9.999999999999831,,,,13.016767196446068,13.016444120623943,1.989989691668314,0,-6.761211162035963,6.5409605763895025,200,200,21,0.105,2,0.1,,,False
1554431,iid,,93,0.1,source_batch/1554431/iid/seed93,True,False,duration,9.999999999999831,,,,13.106009060496424,13.10570973604581,1.8664552063473765,0,-6.214631978084384,7.021711365735628,200,200,15,0.075,2,0.1,,,False
1554431,iid,,94,0.1,source_batch/1554431/iid/seed94,True,False,duration,9.999999999999831,,,,12.777961400547907,12.777646299139537,1.908502808824478,0,-6.332823312611424,6.6951152704929955,200,200,18,0.09,2,0.1,,,False
1554431,iid,,95,0.1,source_batch/1554431/iid/seed95,True,False,duration,9.999999999999831,,,,12.996245698310863,12.99592292847181,1.9837499470245044,0,-6.850086114803311,6.551190056975098,200,200,20,0.1,2,0.1,,,False
1554431,iid,,96,0.1,source_batch/1554431/iid/seed96,True,False,duration,9.999999999999831,,,,12.969803409384676,12.969481700642788,1.972750519919947,0,-6.758420945589805,6.574314171854372,200,200,18,0.09,3,0.15000000000000002,,,False
1554431,iid,,97,0.1,source_batch/1554431/iid/seed97,True,False,duration,9.999999999999831,,,,12.82886845686489,12.828552328201031,1.850977197564552,0,-6.270188546266553,6.930691715208794,200,200,16,0.08,2,0.1,,,False
1554431,iid,,98,0.1,source_batch/1554431/iid/seed98,True,False,duration,9.999999999999831,,,,12.946619637342113,12.946298858937038,1.7498415191027978,0,-7.451165380983227,7.39855507919085,200,200,20,0.1,2,0.1,,,False
1554431,iid,,99,0.1,source_batch/1554431/iid/seed99,True,False,duration,9.999999999999831,,,,13.118661755853093,13.118365728213886,1.9118598920651657,0,-8.128553938138694,6.8615727452933815,200,200,18,0.09,1,0.05,,,False
1554431,markov,0.2,0,0.1,source_batch/1554431/markov_0.2s/seed0,True,False,duration,9.999999999999831,,,,12.05104841608206,12.050706615858703,1.9247924164455612,0,-9.999999999999964,6.260782468227026,200,200,33,0.165,11,0.55,0.165,11,False
1554431,markov,0.2,1,0.1,source_batch/1554431/markov_0.2s/seed1,True,False,duration,9.999999999999831,,,,13.121996180311415,13.121701018572251,1.9896741677183722,0,-8.801335629241436,6.594899421958801,200,200,24,0.12,13,0.65,0.12,13,False
1554431,markov,0.2,2,0.1,source_batch/1554431/markov_0.2s/seed2,True,False,duration,9.999999999999831,,,,13.216933148489378,13.216654308155647,1.9804669171354115,0,-9.999999999999964,6.673504209437889,200,200,16,0.08,7,0.35000000000000003,0.08,7,False
1554431,markov,0.2,3,0.1,source_batch/1554431/markov_0.2s/seed3,True,False,duration,9.999999999999831,,,,13.035488400142132,13.03517037919217,1.9747268856152724,0,-8.446051678024702,6.60099909215079,200,200,11,0.055,4,0.2,0.055,4,False
1554431,markov,0.2,4,0.1,source_batch/1554431/markov_0.2s/seed4,True,False,duration,9.999999999999831,,,,8.445232543148569,8.445226244604324,1.5719354898976996,0,-10,6.784075107526785,200,200,38,0.19,9,0.45,0.19,9,False
1554431,markov,0.2,5,0.1,source_batch/1554431/markov_0.2s/seed5,True,False,duration,9.999999999999831,,,,12.846213304397002,12.845896555176974,1.9939839498800136,0,-8.33182516626838,6.442326958524398,200,200,19,0.095,6,0.30000000000000004,0.095,6,False
1554431,markov,0.2,6,0.1,source_batch/1554431/markov_0.2s/seed6,True,False,duration,9.999999999999831,,,,11.67282417976324,11.67282417976324,1.7084233043276258,0,-10,7.515251750444586,200,200,32,0.16,12,0.6000000000000001,0.16,12,False
1554431,markov,0.2,7,0.1,source_batch/1554431/markov_0.2s/seed7,True,False,duration,9.999999999999831,,,,13.185457056020994,13.18517814142722,1.9835483696085454,0,-9.589434496055915,6.647268271067836,200,200,15,0.075,6,0.30000000000000004,0.075,6,False
1554431,markov,0.2,8,0.1,source_batch/1554431/markov_0.2s/seed8,True,False,duration,9.999999999999831,,,,12.95608457928068,12.9557634210589,1.9879370183379992,0,-9.999999999999964,6.517190082757489,200,200,21,0.105,6,0.30000000000000004,0.105,6,False
1554431,markov,0.2,9,0.1,source_batch/1554431/markov_0.2s/seed9,True,False,duration,9.999999999999831,,,,10.191931448242222,10.191529075712568,0.7601213926003026,0,-7.075645666189345,13.407765095057147,200,200,29,0.145,18,0.9,0.145,18,False
1554431,markov,0.2,10,0.1,source_batch/1554431/markov_0.2s/seed10,True,True,collision,5.889999999999919,5.889999999999919,14.289011115597074,7.218067802046158,0,-0.00487444642869761,0,0,-10,14.289011115597074,118,118,39,0.3305084745762712,13,0.65,0.3305084745762712,13,True
1554431,markov,0.2,11,0.1,source_batch/1554431/markov_0.2s/seed11,True,False,duration,9.999999999999831,,,,12.57459057468907,12.574590574689072,2.0213631833292287,0,-10,6.47166268537995,200,200,35,0.175,9,0.45,0.175,9,False
1554431,markov,0.2,12,0.1,source_batch/1554431/markov_0.2s/seed12,True,False,duration,9.999999999999831,,,,13.183779643130004,13.1835003047803,1.9757900370855537,0,-6.949335853530769,6.672520894085995,200,200,11,0.055,3,0.15000000000000002,0.055,3,False
1554431,markov,0.2,13,0.1,source_batch/1554431/markov_0.2s/seed13,True,False,duration,9.999999999999831,,,,13.300240954234015,13.299959063346765,1.973787707611953,0,-9.280743565829397,6.738292579316002,200,200,10,0.05,4,0.2,0.05,4,False
1554431,markov,0.2,14,0.1,source_batch/1554431/markov_0.2s/seed14,True,False,duration,9.999999999999831,,,,11.510454501470013,11.510454501470011,2.1205302323198327,0,-9.999999999999964,6.161960438999612,200,200,36,0.18,7,0.35000000000000003,0.18,7,False
1554431,markov,0.2,15,0.1,source_batch/1554431/markov_0.2s/seed15,True,False,duration,9.999999999999831,,,,12.978779723726046,12.97845765477549,1.8601391336638038,0,-7.826435201591231,6.977143494214116,200,200,18,0.09,5,0.25,0.09,5,False
1554431,markov,0.2,16,0.1,source_batch/1554431/markov_0.2s/seed16,True,False,duration,9.999999999999831,,,,12.69159773277529,12.69159773277529,2.0161025848670877,0,-9.999999999999964,6.475285594356272,200,200,35,0.175,11,0.55,0.175,11,False
1554431,markov,0.2,17,0.1,source_batch/1554431/markov_0.2s/seed17,True,False,duration,9.999999999999831,,,,12.79622460309059,12.795909133148335,1.7664830624532843,0,-7.070562402439506,7.2437202513436105,200,200,9,0.045,5,0.25,0.045,5,False
1554431,markov,0.2,18,0.1,source_batch/1554431/markov_0.2s/seed18,True,False,duration,9.999999999999831,,,,13.231711234218542,13.231431852742947,1.978029345323815,0,-10,6.6891989666497516,200,200,16,0.08,8,0.4,0.08,8,False
1554431,markov,0.2,19,0.1,source_batch/1554431/markov_0.2s/seed19,True,False,duration,9.999999999999831,,,,13.153844635816153,13.153557683150435,1.8680654333278264,0,-5.389557644289766,7.041272456778081,200,200,13,0.065,5,0.25,0.065,5,False
1554431,markov,0.2,20,0.1,source_batch/1554431/markov_0.2s/seed20,True,False,duration,9.999999999999831,,,,13.004715492250691,13.004392382529023,1.9565277019856389,0.3000000000000001,-9.382361625877245,6.646669183028249,200,200,26,0.13,7,0.35000000000000003,0.13,7,False
1554431,markov,0.2,21,0.1,source_batch/1554431/markov_0.2s/seed21,True,False,duration,9.999999999999831,,,,12.726436423732997,12.726122362049153,1.9996868843392466,0.25000000000000006,-9.999999999999964,6.364057524062937,200,200,26,0.13,7,0.35000000000000003,0.13,7,False
1554431,markov,0.2,22,0.1,source_batch/1554431/markov_0.2s/seed22,True,False,duration,9.999999999999831,,,,12.989893803871261,12.989571288926072,1.989782358050525,0,-9.999999999999964,6.528136726296293,200,200,18,0.09,7,0.35000000000000003,0.09,7,False
1554431,markov,0.2,23,0.1,source_batch/1554431/markov_0.2s/seed23,True,False,duration,9.999999999999831,,,,13.150779813661755,13.150492075867886,1.9731783275789705,0,-5.389557644289766,6.664624221776822,200,200,12,0.06,5,0.25,0.06,5,False
1554431,markov,0.2,24,0.1,source_batch/1554431/markov_0.2s/seed24,True,False,duration,9.999999999999831,,,,12.942821207384085,12.942500581405422,1.7924286262683695,0,-6.542511143588925,7.220650458116272,200,200,14,0.07,7,0.35000000000000003,0.07,7,False
1554431,markov,0.2,25,0.1,source_batch/1554431/markov_0.2s/seed25,True,False,duration,9.999999999999831,,,,13.100119250633474,13.09981838553268,1.799794255705228,0.3000000000000001,-9.999999999999964,7.27850883177737,200,200,25,0.125,9,0.45,0.125,9,False
1554431,markov,0.2,26,0.1,source_batch/1554431/markov_0.2s/seed26,True,False,duration,9.999999999999831,,,,13.310295979400106,13.310013720319358,1.9061391053531833,0,-5.389557644289766,6.982708493278187,200,200,4,0.02,2,0.1,0.02,2,False
1554431,markov,0.2,27,0.1,source_batch/1554431/markov_0.2s/seed27,True,False,duration,9.999999999999831,,,,13.25127508367409,13.250994985812202,1.9773564850596284,0,-10,6.70136876477921,200,200,14,0.07,6,0.30000000000000004,0.07,6,False
1554431,markov,0.2,28,0.1,source_batch/1554431/markov_0.2s/seed28,True,False,duration,9.999999999999831,,,,9.291910742954611,9.29191074295461,1.3301811230572156,0,-10,6.107766640880352,200,200,39,0.195,17,0.8500000000000001,0.195,17,False
1554431,markov,0.2,29,0.1,source_batch/1554431/markov_0.2s/seed29,True,False,duration,9.999999999999831,,,,9.235913379538388,9.235913379538388,1.4553977899513413,0,-9.999999999999964,4.2292103442537785,200,200,25,0.125,17,0.8500000000000001,0.125,17,False
1554431,markov,0.2,30,0.1,source_batch/1554431/markov_0.2s/seed30,True,False,duration,9.999999999999831,,,,12.215747106901228,12.215400172158711,1.9695272767831433,0,-10,6.20219903331844,200,200,26,0.13,6,0.30000000000000004,0.13,6,False
1554431,markov,0.2,31,0.1,source_batch/1554431/markov_0.2s/seed31,True,False,duration,9.999999999999831,,,,13.353743115874574,13.353459265852688,1.975103248572931,0,-8.606404373483834,6.760891753634119,200,200,10,0.05,4,0.2,0.05,4,False
1554431,markov,0.2,32,0.1,source_batch/1554431/markov_0.2s/seed32,True,False,duration,9.999999999999831,,,,13.012159895337108,13.011836486880522,1.7752327492182713,0,-7.256531728618398,7.329650995121806,200,200,19,0.095,6,0.30000000000000004,0.095,6,False
1554431,markov,0.2,33,0.1,source_batch/1554431/markov_0.2s/seed33,True,False,duration,9.999999999999831,,,,8.990586566782442,8.99058656678244,1.46715198456856,0,-10,4.41427478785671,200,200,34,0.17,17,0.8500000000000001,0.17,17,False
1554431,markov,0.2,34,0.1,source_batch/1554431/markov_0.2s/seed34,True,False,duration,9.999999999999831,,,,11.650104766443697,11.64975436090002,1.6328377606211242,0,-10,6.005156979667233,200,200,33,0.165,13,0.65,0.165,13,False
1554431,markov,0.2,35,0.1,source_batch/1554431/markov_0.2s/seed35,True,False,duration,9.999999999999831,,,,11.912789348247168,11.912789348247166,2.0448949182796508,0,-10,6.215550564800757,200,200,26,0.13,11,0.55,0.13,11,False
1554431,markov,0.2,36,0.1,source_batch/1554431/markov_0.2s/seed36,True,False,duration,9.999999999999831,,,,12.983121866750597,12.982799623555078,1.709402461395186,0,-6.834403055826677,7.594934438645146,200,200,6,0.03,5,0.25,0.03,5,False
1554431,markov,0.2,37,0.1,source_batch/1554431/markov_0.2s/seed37,True,False,duration,9.999999999999831,,,,12.411474174087793,12.411140123671405,1.9091938651504112,0,-6.708524942804672,6.500722818263206,200,200,22,0.11,9,0.45,0.11,9,False
1554431,markov,0.2,38,0.1,source_batch/1554431/markov_0.2s/seed38,True,False,duration,9.999999999999831,,,,12.358440856889194,12.35810022687889,1.5788331876640704,0,-10,6.923308256868276,200,200,23,0.115,14,0.7000000000000001,0.115,14,False
1554431,markov,0.2,39,0.1,source_batch/1554431/markov_0.2s/seed39,True,False,duration,9.999999999999831,,,,13.4679952046749,13.467707170986088,1.9731761909947516,0,-5.591232166199944,6.825395133212364,200,200,7,0.035,5,0.25,0.035,5,False
1554431,markov,0.2,40,0.1,source_batch/1554431/markov_0.2s/seed40,True,False,duration,9.999999999999831,,,,12.128625706590368,12.12828069359466,1.9337917676377918,0,-9.741058347407971,6.27176146706316,200,200,29,0.145,6,0.30000000000000004,0.145,6,False
1554431,markov,0.2,41,0.1,source_batch/1554431/markov_0.2s/seed41,True,False,duration,9.999999999999831,,,,5.7561010341970675,5.756012295741005,1.0298983133029675,0.09999999999999999,-10,6.5685358605393676,200,200,49,0.245,17,0.8500000000000001,0.245,17,False
1554431,markov,0.2,42,0.1,source_batch/1554431/markov_0.2s/seed42,True,False,duration,9.999999999999831,,,,12.993014950084953,12.992692309891929,2.002273943589411,0.05,-8.925636984274021,6.488968380920124,200,200,16,0.08,5,0.25,0.08,5,False
1554431,markov,0.2,43,0.1,source_batch/1554431/markov_0.2s/seed43,True,False,duration,9.999999999999831,,,,12.732686339276952,12.732372151475818,1.8536221020311532,0,-5.389557644289766,6.868914725134104,200,200,10,0.05,3,0.15000000000000002,0.05,3,False
1554431,markov,0.2,44,0.1,source_batch/1554431/markov_0.2s/seed44,True,False,duration,9.999999999999831,,,,12.47509749137265,12.474771418988087,1.9900446552534012,0,-10,6.268588690237014,200,200,30,0.15,16,0.8,0.15,16,False
1554431,markov,0.2,45,0.1,source_batch/1554431/markov_0.2s/seed45,True,False,duration,9.999999999999831,,,,12.576999814561603,12.57668111468887,1.336351668338455,0,-9.599545780671193,9.411206206167282,200,200,22,0.11,8,0.4,0.11,8,False
1554431,markov,0.2,46,0.1,source_batch/1554431/markov_0.2s/seed46,True,False,duration,9.999999999999831,,,,4.582749408425511,4.582703186395371,0.9151907321157937,0.05,-10,5.430122083298519,200,200,36,0.18,13,0.65,0.18,13,False
1554431,markov,0.2,47,0.1,source_batch/1554431/markov_0.2s/seed47,True,False,duration,9.999999999999831,,,,11.820496758067124,11.820496758067124,1.5558499528345993,0,-10,7.2778754896769255,200,200,20,0.1,14,0.7000000000000001,0.1,14,False
1554431,markov,0.2,48,0.1,source_batch/1554431/markov_0.2s/seed48,True,False,duration,9.999999999999831,,,,13.238188003485826,13.237908384844804,1.9777810131092866,0,-9.144618186562425,6.693313515045518,200,200,19,0.095,6,0.30000000000000004,0.095,6,False
1554431,markov,0.2,49,0.1,source_batch/1554431/markov_0.2s/seed49,True,False,duration,9.999999999999831,,,,12.275434734689634,12.275086483341694,1.8355040556013729,0,-9.455415231515651,6.68758341659995,200,200,10,0.05,8,0.4,0.05,8,False
1554431,markov,0.2,50,0.1,source_batch/1554431/markov_0.2s/seed50,True,False,duration,9.999999999999831,,,,12.382956216448049,12.382618619945879,1.1768238678804195,0,-7.909075435666679,10.522066179918873,200,200,23,0.115,10,0.5,0.115,10,False
1554431,markov,0.2,51,0.1,source_batch/1554431/markov_0.2s/seed51,True,False,duration,9.999999999999831,,,,13.186258383387331,13.185979671119487,1.7365863379236135,0,-5.5268602938634,7.593045841236771,200,200,4,0.02,4,0.2,0.02,4,False
1554431,markov,0.2,52,0.1,source_batch/1554431/markov_0.2s/seed52,True,False,duration,9.999999999999831,,,,13.432819354356024,13.432532608731556,1.9737488361762359,0,-6.145558131117568,6.805593681693837,200,200,9,0.045,9,0.45,0.045,9,False
1554431,markov,0.2,53,0.1,source_batch/1554431/markov_0.2s/seed53,True,False,duration,9.999999999999831,,,,9.119089771024855,9.118653999060385,1.2081450713156872,0,-9.999999999999964,7.510161367147347,200,200,32,0.16,9,0.45,0.16,9,False
1554431,markov,0.2,54,0.1,source_batch/1554431/markov_0.2s/seed54,True,False,duration,9.999999999999831,,,,11.444464908033401,11.444101227731494,1.3304299029988715,0.25000000000000006,-9.999999999999964,8.601806981289116,200,200,31,0.155,10,0.5,0.155,10,False
1554431,markov,0.2,55,0.1,source_batch/1554431/markov_0.2s/seed55,True,False,duration,9.999999999999831,,,,13.196491304740594,13.196213212943423,1.9840208380045523,0,-9.784374173430521,6.65124728539426,200,200,22,0.11,11,0.55,0.11,11,False
1554431,markov,0.2,56,0.1,source_batch/1554431/markov_0.2s/seed56,True,False,duration,9.999999999999831,,,,9.748739947797148,9.74832299478154,1.300764855084033,0,-10,7.462323249565444,200,200,29,0.145,15,0.75,0.145,15,False
1554431,markov,0.2,57,0.1,source_batch/1554431/markov_0.2s/seed57,True,False,duration,9.999999999999831,,,,4.647231924358956,4.6470863293384825,1.0114735634723875,0.09999999999999999,-10,6.870250638829217,200,200,38,0.19,18,0.9,0.19,18,False
1554431,markov,0.2,58,0.1,source_batch/1554431/markov_0.2s/seed58,True,False,duration,9.999999999999831,,,,13.401478577076086,13.401192979083795,1.9738955905863456,0,-5.389557644289766,6.78921065683265,200,200,6,0.03,2,0.1,0.03,2,False
1554431,markov,0.2,59,0.1,source_batch/1554431/markov_0.2s/seed59,True,False,duration,9.999999999999831,,,,12.77196570281923,12.771650722398277,1.9864597643006552,0,-8.602197698273528,6.429352837606863,200,200,34,0.17,18,0.9,0.17,18,False
1554431,markov,0.2,60,0.1,source_batch/1554431/markov_0.2s/seed60,True,False,duration,9.999999999999831,,,,13.138729886670136,13.138439051997052,1.981503198269056,0,-8.542604125027076,6.630541431108538,200,200,19,0.095,9,0.45,0.095,9,False
1554431,markov,0.2,61,0.1,source_batch/1554431/markov_0.2s/seed61,True,False,duration,9.999999999999831,,,,13.246643765309885,13.246363837036967,1.9774164824154319,0,-9.232396585572289,6.698823416732329,200,200,7,0.035,7,0.35000000000000003,0.035,7,False
1554431,markov,0.2,62,0.1,source_batch/1554431/markov_0.2s/seed62,True,False,duration,9.999999999999831,,,,11.656807531946885,11.656456833692248,1.7953023298067523,0,-10,6.492754251005154,200,200,40,0.2,11,0.55,0.2,11,False
1554431,markov,0.2,63,0.1,source_batch/1554431/markov_0.2s/seed63,True,False,duration,9.999999999999831,,,,13.28043563011657,13.280154464457894,1.9700981077439597,0,-5.389557644289766,6.740859458854841,200,200,8,0.04,3,0.15000000000000002,0.04,3,False
1554431,markov,0.2,64,0.1,source_batch/1554431/markov_0.2s/seed64,True,False,duration,9.999999999999831,,,,12.85114260352337,12.850825656496514,1.9834747598734621,0,-10,6.478945896602358,200,200,25,0.125,12,0.6000000000000001,0.125,12,False
1554431,markov,0.2,65,0.1,source_batch/1554431/markov_0.2s/seed65,True,False,duration,9.999999999999831,,,,12.576759161387779,12.576440444188222,1.6360595484304903,0,-9.309868434563384,7.684092685717862,200,200,7,0.035,7,0.35000000000000003,0.035,7,False
1554431,markov,0.2,66,0.1,source_batch/1554431/markov_0.2s/seed66,True,False,duration,9.999999999999831,,,,6.683064640750826,6.682981961395974,1.2219448885909554,0,-10,7.196958336797509,200,200,34,0.17,15,0.75,0.17,15,False
1554431,markov,0.2,67,0.1,source_batch/1554431/markov_0.2s/seed67,True,False,duration,9.999999999999831,,,,13.300358270050141,13.300076374867036,1.9762587323076093,0,-9.067761803529706,6.72992668289794,200,200,17,0.085,9,0.45,0.085,9,False
1554431,markov,0.2,68,0.1,source_batch/1554431/markov_0.2s/seed68,True,False,duration,9.999999999999831,,,,12.762598535730268,12.762598535730264,2.01149926732198,0,-9.999999999999964,6.41976959240738,200,200,22,0.11,10,0.5,0.11,10,False
1554431,markov,0.2,69,0.1,source_batch/1554431/markov_0.2s/seed69,True,False,duration,9.999999999999831,,,,13.004972244906519,13.004649124881677,1.9916638378156128,0,-7.754942256785569,6.5295402155540065,200,200,17,0.085,5,0.25,0.085,5,False
1554431,markov,0.2,70,0.1,source_batch/1554431/markov_0.2s/seed70,True,False,duration,9.999999999999831,,,,13.206014875793324,13.205736435263368,1.976858505013745,0,-10,6.680162693369675,200,200,12,0.06,4,0.2,0.06,4,False
1554431,markov,0.2,71,0.1,source_batch/1554431/markov_0.2s/seed71,True,False,duration,9.999999999999831,,,,13.255326166950974,13.25504592074709,1.873816861603419,0,-7.500600646631739,7.073821456278705,200,200,22,0.11,6,0.30000000000000004,0.11,6,False
1554431,markov,0.2,72,0.1,source_batch/1554431/markov_0.2s/seed72,True,False,duration,9.999999999999831,,,,11.4583697005634,11.45800765605024,1.447757561518883,0,-9.999999999999964,7.895071842806365,200,200,24,0.12,8,0.4,0.12,8,False
1554431,markov,0.2,73,0.1,source_batch/1554431/markov_0.2s/seed73,True,False,duration,9.999999999999831,,,,13.258216646944241,13.257936294897167,1.9761864884349734,0,-9.89413580536933,6.708848771350873,200,200,14,0.07,8,0.4,0.07,8,False
1554431,markov,0.2,74,0.1,source_batch/1554431/markov_0.2s/seed74,True,False,duration,9.999999999999831,,,,12.94999283434111,12.949671920573707,1.9651105371217232,0,-7.819662963083829,6.589793131708995,200,200,14,0.07,6,0.30000000000000004,0.07,6,False
1554431,markov,0.2,75,0.1,source_batch/1554431/markov_0.2s/seed75,True,False,duration,9.999999999999831,,,,12.882731839502801,12.882413624838001,1.3924114936086407,0,-9.410941771202985,9.25187251324055,200,200,17,0.085,6,0.30000000000000004,0.085,6,False
1554431,markov,0.2,76,0.1,source_batch/1554431/markov_0.2s/seed76,True,False,duration,9.999999999999831,,,,11.967810586576231,11.967472421363668,1.9012492281000384,0,-7.981083172846226,6.294531113799865,200,200,18,0.09,7,0.35000000000000003,0.09,7,False
1554431,markov,0.2,77,0.1,source_batch/1554431/markov_0.2s/seed77,True,False,duration,9.999999999999831,,,,12.947496536606357,12.947175723012371,1.7065677829566384,0,-10,7.586675344697599,200,200,22,0.11,7,0.35000000000000003,0.11,7,False
1554431,markov,0.2,78,0.1,source_batch/1554431/markov_0.2s/seed78,True,False,duration,9.999999999999831,,,,12.86865417132333,12.868336521578378,1.9849853845023993,0,-10,6.482836912577189,200,200,17,0.085,10,0.5,0.085,10,False
1554431,markov,0.2,79,0.1,source_batch/1554431/markov_0.2s/seed79,True,False,duration,9.999999999999831,,,,11.834374877632074,11.834349140325944,1.8042676474171346,0,-10,6.665277930948279,200,200,36,0.18,11,0.55,0.18,11,False
1554431,markov,0.2,80,0.1,source_batch/1554431/markov_0.2s/seed80,True,False,duration,9.999999999999831,,,,13.156260324358552,13.155973989802758,2.0000964454778174,0,-10,6.5776698016479065,200,200,27,0.135,19,0.9500000000000001,0.135,19,False
1554431,markov,0.2,81,0.1,source_batch/1554431/markov_0.2s/seed81,True,False,duration,9.999999999999831,,,,13.013578688145046,13.013255222754015,1.8634855936374133,0,-6.353825527447299,6.9832872693976205,200,200,14,0.07,4,0.2,0.07,4,False
1554431,markov,0.2,82,0.1,source_batch/1554431/markov_0.2s/seed82,True,False,duration,9.999999999999831,,,,12.981750950782725,12.981428762600409,2.003100525496591,0,-10,6.480667643668141,200,200,36,0.18,13,0.65,0.18,13,False
1554431,markov,0.2,83,0.1,source_batch/1554431/markov_0.2s/seed83,True,False,duration,9.999999999999831,,,,12.533855144678173,12.533855144678173,2.0166186449110177,0,-10,6.320017733794856,200,200,20,0.1,11,0.55,0.1,11,False
1554431,markov,0.2,84,0.1,source_batch/1554431/markov_0.2s/seed84,True,False,duration,9.999999999999831,,,,13.428233800760145,13.427947223048832,1.9738190511847435,0.05,-6.162696646392973,6.8030284817592515,200,200,6,0.03,3,0.15000000000000002,0.03,3,False
1554431,markov,0.2,85,0.1,source_batch/1554431/markov_0.2s/seed85,True,False,duration,9.999999999999831,,,,13.304143160575107,13.303861126797415,1.9761763438293403,0,-10,6.732122448656494,200,200,13,0.065,7,0.35000000000000003,0.065,7,False
1554431,markov,0.2,86,0.1,source_batch/1554431/markov_0.2s/seed86,True,False,duration,9.999999999999831,,,,13.33740321629823,13.33711996460849,1.9734630444352623,0,-6.3083056697017525,6.758231425825923,200,200,11,0.055,4,0.2,0.055,4,False
1554431,markov,0.2,87,0.1,source_batch/1554431/markov_0.2s/seed87,True,False,duration,9.999999999999831,,,,13.19991630025884,13.199638083045667,1.8799943702242996,0,-10,7.021105111857774,200,200,22,0.11,9,0.45,0.11,9,False
1554431,markov,0.2,88,0.1,source_batch/1554431/markov_0.2s/seed88,True,False,duration,9.999999999999831,,,,13.360898855978194,13.360614743928426,1.872018335463916,0,-7.315014488344573,7.137010621542578,200,200,9,0.045,4,0.2,0.045,4,False
1554431,markov,0.2,89,0.1,source_batch/1554431/markov_0.2s/seed89,True,False,duration,9.999999999999831,,,,8.050473006483072,8.05044054699439,1.3311065809622173,0,-9.999999999999964,4.482323035628289,200,200,40,0.2,13,0.65,0.2,13,False
1554431,markov,0.2,90,0.1,source_batch/1554431/markov_0.2s/seed90,True,False,duration,9.999999999999831,,,,13.172121897454433,13.171839605527428,1.8873122427089084,0,-6.04814577604138,6.979152313780121,200,200,12,0.06,6,0.30000000000000004,0.06,6,False
1554431,markov,0.2,91,0.1,source_batch/1554431/markov_0.2s/seed91,True,False,duration,9.999999999999831,,,,12.071736426418715,12.071393722746278,1.9426293853058139,0,-10,6.213945806675815,200,200,28,0.14,9,0.45,0.14,9,False
1554431,markov,0.2,92,0.1,source_batch/1554431/markov_0.2s/seed92,True,False,duration,9.999999999999831,,,,12.957738547744116,12.957417323150576,1.4465797030839354,0,-6.200707937827588,8.957278534689038,200,200,22,0.11,9,0.45,0.11,9,False
1554431,markov,0.2,93,0.1,source_batch/1554431/markov_0.2s/seed93,True,False,duration,9.999999999999831,,,,13.557557356069633,13.55726609671904,1.9717629049977412,0,-5.389557644289766,6.875708059197194,200,200,0,0,0,0,0,0,False
1554431,markov,0.2,94,0.1,source_batch/1554431/markov_0.2s/seed94,True,False,duration,9.999999999999831,,,,11.798668966427412,11.798317318393602,1.6904735143749126,0,-9.579231151331769,6.979297349569108,200,200,31,0.155,8,0.4,0.155,8,False
1554431,markov,0.2,95,0.1,source_batch/1554431/markov_0.2s/seed95,True,False,duration,9.999999999999831,,,,12.605869381914637,12.605552760625717,1.5503771897115863,0,-7.328732288074846,8.120557984056425,200,200,15,0.075,5,0.25,0.075,5,False
1554431,markov,0.2,96,0.1,source_batch/1554431/markov_0.2s/seed96,True,False,duration,9.999999999999831,,,,11.318233825611392,11.318233825611395,2.095387862741179,0,-10,6.314110811206232,200,200,35,0.175,10,0.5,0.175,10,False
1554431,markov,0.2,97,0.1,source_batch/1554431/markov_0.2s/seed97,True,False,duration,9.999999999999831,,,,13.229683202421066,13.229403895207653,1.9772602105260788,0,-7.539191006977575,6.690775359145966,200,200,11,0.055,4,0.2,0.055,4,False
1554431,markov,0.2,98,0.1,source_batch/1554431/markov_0.2s/seed98,True,False,duration,9.999999999999831,,,,9.935699278020603,9.935699278020603,1.8093113024168057,0,-10,6.159534099061535,200,200,39,0.195,10,0.5,0.195,10,False
1554431,markov,0.2,99,0.1,source_batch/1554431/markov_0.2s/seed99,True,False,duration,9.999999999999831,,,,12.75690985229178,12.756595175683426,1.6816789627783586,0,-6.593924696859155,7.585630466951804,200,200,12,0.06,5,0.25,0.06,5,False
1554431,markov,0.5,0,0.1,source_batch/1554431/markov_0.5s/seed0,True,True,collision,7.9699999999998745,7.9699999999998745,23.22260301801335,17.1398497519685,0,-0.10128726668132115,0,0,-6.15169176603132,23.22260301801335,160,160,48,0.3,39,1.9500000000000002,0.3,39,False
1554431,markov,0.5,1,0.1,source_batch/1554431/markov_0.5s/seed1,True,False,duration,9.999999999999831,,,,13.31582195701659,13.315539495586371,1.9758973517525575,0,-9.739490027487818,6.738983421267261,200,200,6,0.03,6,0.30000000000000004,0.03,6,False
1554431,markov,0.5,2,0.1,source_batch/1554431/markov_0.5s/seed2,True,False,duration,9.999999999999831,,,,9.659573315454733,9.65957331545473,1.373957402977288,0,-10,6.764413870352111,200,200,28,0.14,15,0.75,0.14,15,False
1554431,markov,0.5,3,0.1,source_batch/1554431/markov_0.5s/seed3,True,False,duration,9.999999999999831,,,,1.0323238267218804,1.0321066734336872,0.41347173780947755,0,-10,0.1772290223546843,200,200,66,0.33,30,1.5,0.33,30,True
1554431,markov,0.5,4,0.1,source_batch/1554431/markov_0.5s/seed4,True,False,duration,9.999999999999831,,,,13.445996968027211,13.44570973986674,1.9735334592740175,0,-5.825285276619496,6.8130133171458205,200,200,9,0.045,5,0.25,0.045,5,False
1554431,markov,0.5,5,0.1,source_batch/1554431/markov_0.5s/seed5,True,False,duration,9.999999999999831,,,,13.1186289298021,13.118332893632395,1.9809149033536282,0,-7.365954652438944,6.6223606432681486,200,200,12,0.06,5,0.25,0.06,5,False
1554431,markov,0.5,6,0.1,source_batch/1554431/markov_0.5s/seed6,True,False,duration,9.999999999999831,,,,12.101720882755394,12.101720882755398,1.8620347797062222,0,-9.999999999999964,6.461344367565661,200,200,41,0.205,20,1,0.205,20,False
1554431,markov,0.5,7,0.1,source_batch/1554431/markov_0.5s/seed7,True,False,duration,9.999999999999831,,,,13.415724046713606,13.41543792708271,1.9740301326899725,0,-9.589434496055915,6.795964106587245,200,200,7,0.035,6,0.30000000000000004,0.035,6,False
1554431,markov,0.5,8,0.1,source_batch/1554431/markov_0.5s/seed8,True,True,collision,7.309999999999889,7.309999999999889,18.490034247216332,12.407300829169973,0,-0.03356871008498441,0,0,-10,18.490034247216332,147,147,31,0.2108843537414966,31,1.55,0.2108843537414966,31,True
1554431,markov,0.5,9,0.1,source_batch/1554431/markov_0.5s/seed9,True,True,collision,8.929999999999854,8.929999999999854,10.443091172120981,4.360346800951571,0,-0.01949396863525088,0,0,-10,10.443091172120981,179,179,46,0.2569832402234637,20,1,0.2569832402234637,20,True
1554431,markov,0.5,10,0.1,source_batch/1554431/markov_0.5s/seed10,True,True,collision,5.509999999999927,5.509999999999927,23.697623427220858,16.62665597381064,0,-0.07857983002381808,0,0,-10,23.697623427220858,111,111,47,0.42342342342342343,20,1,0.42342342342342343,20,True
1554431,markov,0.5,11,0.1,source_batch/1554431/markov_0.5s/seed11,True,False,duration,9.999999999999831,,,,7.176748956197823,7.176748956197821,1.1587276703206297,0,-10,6.499337008852548,200,200,25,0.125,17,0.8500000000000001,0.125,17,False
1554431,markov,0.5,12,0.1,source_batch/1554431/markov_0.5s/seed12,True,True,collision,5.34999999999993,5.34999999999993,26.47141343004304,20.388717155969506,0,-0.0912899562059506,0,0,-10,26.47141343004304,107,107,70,0.6542056074766355,37,1.85,0.6542056074766355,37,False
1554431,markov,0.5,13,0.1,source_batch/1554431/markov_0.5s/seed13,True,False,duration,9.999999999999831,,,,13.01393314806055,13.013609668445472,1.957418216356472,0,-5.509869306279569,6.648354224816063,200,200,5,0.025,5,0.25,0.025,5,False
1554431,markov,0.5,14,0.1,source_batch/1554431/markov_0.5s/seed14,True,True,collision,9.09999999999985,9.09999999999985,20.554741732083098,13.48370149050585,0,-0.01823118633700993,0,0,-9.999999999999964,20.554741732083098,182,182,56,0.3076923076923077,35,1.75,0.3076923076923077,35,False
1554431,markov,0.5,15,0.1,source_batch/1554431/markov_0.5s/seed15,True,False,duration,9.999999999999831,,,,13.139386603247118,13.139095937763546,1.9734531373735371,0,-5.427877994891972,6.657921431694258,200,200,8,0.04,4,0.2,0.04,4,False
1554431,markov,0.5,16,0.1,source_batch/1554431/markov_0.5s/seed16,True,False,duration,9.999999999999831,,,,6.369413008747335,6.368890963663947,0.8772745143949281,0,-9.999999999999964,7.24298313124069,200,200,31,0.155,21,1.05,0.155,21,False
1554431,markov,0.5,17,0.1,source_batch/1554431/markov_0.5s/seed17,True,False,duration,9.999999999999831,,,,13.557557356069633,13.55726609671904,1.9717629049977412,0,-5.389557644289766,6.875708059197194,200,200,0,0,0,0,0,0,False
1554431,markov,0.5,18,0.1,source_batch/1554431/markov_0.5s/seed18,True,False,duration,9.999999999999831,,,,13.186839481053372,13.18656091546184,1.9896581954650436,0,-10,6.62755087558129,200,200,22,0.11,10,0.5,0.11,10,False
1554431,markov,0.5,19,0.1,source_batch/1554431/markov_0.5s/seed19,True,True,collision,5.309999999999931,5.309999999999931,13.21640458448967,7.1337046838374985,0,-0.01743352692427269,0,0,-10,13.21640458448967,107,107,59,0.5514018691588785,59,2.95,0.5514018691588785,59,True
1554431,markov,0.5,20,0.1,source_batch/1554431/markov_0.5s/seed20,True,False,duration,9.999999999999831,,,,13.19409359037531,13.193815586377308,1.9461384827175687,0.3000000000000001,-6.509295009860949,6.779484452696086,200,200,17,0.085,9,0.45,0.085,9,False
1554431,markov,0.5,21,0.1,source_batch/1554431/markov_0.5s/seed21,True,False,duration,9.999999999999831,,,,10.960568553717254,10.960568553717254,1.489085199925633,0.35000000000000014,-10,6.419283783653419,200,200,34,0.17,15,0.75,0.17,15,False
1554431,markov,0.5,22,0.1,source_batch/1554431/markov_0.5s/seed22,True,False,duration,9.999999999999831,,,,13.287101447715049,13.2868200379684,1.9764697309377486,0,-7.201207491307748,6.72250114939245,200,200,10,0.05,4,0.2,0.05,4,False
1554431,markov,0.5,23,0.1,source_batch/1554431/markov_0.5s/seed23,True,False,duration,9.999999999999831,,,,0.8072422324293361,0.8069998700745993,0.3607268679952693,0,-10,2.5704771359864655,200,200,48,0.24,22,1.1,0.24,22,True
1554431,markov,0.5,24,0.1,source_batch/1554431/markov_0.5s/seed24,True,False,duration,9.999999999999831,,,,13.162856395535695,13.162571745473187,1.9963360628100502,0,-9.999999999999964,6.5933647098202,200,200,11,0.055,11,0.55,0.055,11,False
1554431,markov,0.5,25,0.1,source_batch/1554431/markov_0.5s/seed25,True,False,duration,9.999999999999831,,,,12.641398846551798,12.641398846551798,1.8214720973987562,1.5500000000000012,-9.999999999999964,7.175240756769928,200,200,50,0.25,31,1.55,0.25,31,False
1554431,markov,0.5,26,0.1,source_batch/1554431/markov_0.5s/seed26,True,True,collision,8.509999999999863,8.509999999999863,22.367794554212463,15.29674225101341,0,-0.15250250052923287,0,0,-6.359027718321286,22.367794554212463,171,171,50,0.29239766081871343,39,1.9500000000000002,0.29239766081871343,39,False
1554431,markov,0.5,27,0.1,source_batch/1554431/markov_0.5s/seed27,True,False,duration,9.999999999999831,,,,13.157015746901113,13.156729605506134,1.9987100387945922,0,-9.999999999999964,6.582610458814158,200,200,31,0.155,18,0.9,0.155,18,False
1554431,markov,0.5,28,0.1,source_batch/1554431/markov_0.5s/seed28,True,False,duration,9.999999999999831,,,,7.031212210322289,7.0307211634691775,1.1622977773878644,0,-9.999999999999964,6.0019431148775055,200,200,25,0.125,20,1,0.125,20,False
1554431,markov,0.5,29,0.1,source_batch/1554431/markov_0.5s/seed29,True,False,duration,9.999999999999831,,,,13.557557356069633,13.55726609671904,1.9717629049977412,0,-5.389557644289766,6.875708059197194,200,200,0,0,0,0,0,0,False
1554431,markov,0.5,30,0.1,source_batch/1554431/markov_0.5s/seed30,True,False,duration,9.999999999999831,,,,13.137382406688303,13.137091224716492,1.9574777527215252,0,-5.389557644289766,6.711233987947858,200,200,4,0.02,4,0.2,0.02,4,False
1554431,markov,0.5,31,0.1,source_batch/1554431/markov_0.5s/seed31,True,False,duration,9.999999999999831,,,,13.380785988326656,13.38050114805267,1.9746120691592477,0,-10,6.776268289370799,200,200,7,0.035,7,0.35000000000000003,0.035,7,False
1554431,markov,0.5,32,0.1,source_batch/1554431/markov_0.5s/seed32,True,False,duration,9.999999999999831,,,,13.187602517032794,13.187324143984702,1.7735366585117538,0,-6.131841501379043,7.435608438480611,200,200,14,0.07,6,0.30000000000000004,0.07,6,False
1554431,markov,0.5,33,0.1,source_batch/1554431/markov_0.5s/seed33,True,False,duration,9.999999999999831,,,,9.128090868413755,9.128090868413754,1.4494007605819013,0,-9.999999999999964,4.115927561602059,200,200,23,0.115,17,0.8500000000000001,0.115,17,False
1554431,markov,0.5,34,0.1,source_batch/1554431/markov_0.5s/seed34,True,False,duration,9.999999999999831,,,,13.463530446470106,13.463242576271185,1.9732380197453268,0,-5.389557644289766,6.822918695844305,200,200,5,0.025,4,0.2,0.025,4,False
1554431,markov,0.5,35,0.1,source_batch/1554431/markov_0.5s/seed35,True,False,duration,9.999999999999831,,,,12.191952328427144,12.191952328427142,2.0509385605892656,0,-9.999999999999964,6.2360096288398115,200,200,20,0.1,11,0.55,0.1,11,False
1554431,markov,0.5,36,0.1,source_batch/1554431/markov_0.5s/seed36,True,False,duration,9.999999999999831,,,,13.543388469365038,13.54309767493626,1.9719825398299526,0,-5.389557644289766,6.867757397134005,200,200,1,0.005,1,0.05,0.005,1,False
1554431,markov,0.5,37,0.1,source_batch/1554431/markov_0.5s/seed37,True,True,collision,8.749999999999858,8.749999999999858,17.487409687326593,10.20731853837147,0,-0.0413773430857276,0,0,-10,17.487409687326593,175,175,33,0.18857142857142858,29,1.4500000000000002,0.18857142857142858,29,True
1554431,markov,0.5,38,0.1,source_batch/1554431/markov_0.5s/seed38,True,False,duration,9.999999999999831,,,,11.568759316921657,11.568759316921659,1.491111212958489,0,-10,7.203615094991151,200,200,19,0.095,15,0.75,0.095,15,False
1554431,markov,0.5,39,0.1,source_batch/1554431/markov_0.5s/seed39,True,False,duration,9.999999999999831,,,,13.215768446704308,13.215489649019464,1.9808800988063735,0,-10,6.671524266906801,200,200,13,0.065,13,0.65,0.065,13,False
1554431,markov,0.5,40,0.1,source_batch/1554431/markov_0.5s/seed40,True,False,duration,9.999999999999831,,,,12.099480169037907,12.099480169037905,2.058627887569878,0,-9.999999999999964,6.125669182226007,200,200,15,0.075,6,0.30000000000000004,0.075,6,False
1554431,markov,0.5,41,0.1,source_batch/1554431/markov_0.5s/seed41,True,False,duration,9.999999999999831,,,,13.185217876657642,13.184938901660164,1.9904314899974744,0.9000000000000006,-10,6.62416112683029,200,200,36,0.18,18,0.9,0.18,18,False
1554431,markov,0.5,42,0.1,source_batch/1554431/markov_0.5s/seed42,True,False,duration,9.999999999999831,,,,2.9618850645430137,2.961289972014745,0.5303205738537553,0.05,-10,5.583962075043631,200,200,34,0.17,25,1.25,0.17,25,False
1554431,markov,0.5,43,0.1,source_batch/1554431/markov_0.5s/seed43,True,False,duration,9.999999999999831,,,,12.08578684610394,12.085443528847177,1.9503081753925922,0,-9.999999999999964,6.1966840324680525,200,200,18,0.09,8,0.4,0.09,8,False
1554431,markov,0.5,44,0.1,source_batch/1554431/markov_0.5s/seed44,True,False,duration,9.999999999999831,,,,13.557557356069633,13.55726609671904,1.9717629049977412,0,-5.389557644289766,6.875708059197194,200,200,0,0,0,0,0,0,False
1554431,markov,0.5,45,0.1,source_batch/1554431/markov_0.5s/seed45,True,False,duration,9.999999999999831,,,,13.470571410302735,13.470283282278789,1.9731353551086723,0,-5.389557644289766,6.826841983953453,200,200,6,0.03,5,0.25,0.03,5,False
1554431,markov,0.5,46,0.1,source_batch/1554431/markov_0.5s/seed46,True,False,duration,9.999999999999831,,,,11.750108263675843,11.749753490961686,1.1654972353997501,0.4000000000000002,-9.999999999999964,10.068055236392512,200,200,23,0.115,10,0.5,0.115,10,False
1554431,markov,0.5,47,0.1,source_batch/1554431/markov_0.5s/seed47,True,False,duration,9.999999999999831,,,,13.427583228142904,13.427296674254169,1.7755720785608846,0,-8.336478721766838,7.56223689051086,200,200,6,0.03,4,0.2,0.03,4,False
1554431,markov,0.5,48,0.1,source_batch/1554431/markov_0.5s/seed48,True,False,duration,9.999999999999831,,,,13.418102321503966,13.417816114785737,1.9739907207614442,0,-8.659431241398607,6.797304553493528,200,200,8,0.04,4,0.2,0.04,4,False
1554431,markov,0.5,49,0.1,source_batch/1554431/markov_0.5s/seed49,True,False,duration,9.999999999999831,,,,13.518727535128875,13.518437643730717,1.9723393437580787,0,-5.389557644289766,6.854012057566524,200,200,1,0.005,1,0.05,0.005,1,False
1554431,markov,0.5,50,0.1,source_batch/1554431/markov_0.5s/seed50,True,False,duration,9.999999999999831,,,,11.059041504516749,11.059041504516749,1.8274069229683185,0,-9.999999999999964,5.886668384809284,200,200,33,0.165,16,0.8,0.165,16,False
1554431,markov,0.5,51,0.1,source_batch/1554431/markov_0.5s/seed51,True,False,duration,9.999999999999831,,,,13.557557356069633,13.55726609671904,1.9717629049977412,0,-5.389557644289766,6.875708059197194,200,200,0,0,0,0,0,0,False
1554431,markov,0.5,52,0.1,source_batch/1554431/markov_0.5s/seed52,True,False,duration,9.999999999999831,,,,13.557557356069633,13.55726609671904,1.9717629049977412,0,-5.389557644289766,6.875708059197194,200,200,0,0,0,0,0,0,False
1554431,markov,0.5,53,0.1,source_batch/1554431/markov_0.5s/seed53,True,False,duration,9.999999999999831,,,,11.855942121616316,11.855596546415788,1.0479182026658431,0,-5.938900277384462,11.313475151262605,200,200,16,0.08,12,0.6000000000000001,0.08,12,False
1554431,markov,0.5,54,0.1,source_batch/1554431/markov_0.5s/seed54,True,False,duration,9.999999999999831,,,,13.211900395399578,13.211621739354491,1.6023458358442282,0.25000000000000006,-6.950297806464079,8.245174945266221,200,200,26,0.13,17,0.8500000000000001,0.13,17,False
1554431,markov,0.5,55,0.1,source_batch/1554431/markov_0.5s/seed55,True,False,duration,9.999999999999831,,,,9.693435479732004,9.693435479732004,1.4884860466928262,0,-10,6.5971917192234555,200,200,23,0.115,15,0.75,0.115,15,False
1554431,markov,0.5,56,0.1,source_batch/1554431/markov_0.5s/seed56,True,False,duration,9.999999999999831,,,,13.227428246615842,13.227149021974085,1.9782905528582846,0,-10,6.686150829999751,200,200,17,0.085,9,0.45,0.085,9,False
1554431,markov,0.5,57,0.1,source_batch/1554431/markov_0.5s/seed57,True,False,duration,9.999999999999831,,,,12.880902753841085,12.880584612575287,1.985290478859579,2.6999999999999864,-10,6.488010066906859,200,200,56,0.28,54,2.7,0.28,54,False
1554431,markov,0.5,58,0.1,source_batch/1554431/markov_0.5s/seed58,True,False,duration,9.999999999999831,,,,13.39562847043603,13.39534308666212,1.973996903241094,0,-5.803699233241133,6.785898734019483,200,200,8,0.04,7,0.35000000000000003,0.04,7,False
1554431,markov,0.5,59,0.1,source_batch/1554431/markov_0.5s/seed59,True,True,collision,8.719999999999859,8.719999999999859,14.561369808663864,8.478622936486703,0,-0.05986447346189738,0,0,-10,14.561369808663864,175,175,49,0.28,27,1.35,0.28,27,False
1554431,markov,0.5,60,0.1,source_batch/1554431/markov_0.5s/seed60,True,False,duration,9.999999999999831,,,,10.588777295898762,10.588562884670326,1.971622130994307,0,-9.999999999999964,5.012922958963329,200,200,25,0.125,14,0.7000000000000001,0.125,14,False
1554431,markov,0.5,61,0.1,source_batch/1554431/markov_0.5s/seed61,True,False,duration,9.999999999999831,,,,13.557557356069633,13.55726609671904,1.9717629049977412,0,-5.389557644289766,6.875708059197194,200,200,0,0,0,0,0,0,False
1554431,markov,0.5,62,0.1,source_batch/1554431/markov_0.5s/seed62,True,False,duration,9.999999999999831,,,,11.978875309974558,11.978536661563561,1.8483107994386516,0,-10,6.480802181755119,200,200,39,0.195,11,0.55,0.195,11,False
1554431,markov,0.5,63,0.1,source_batch/1554431/markov_0.5s/seed63,True,False,duration,9.999999999999831,,,,13.557557356069633,13.55726609671904,1.9717629049977412,0,-5.389557644289766,6.875708059197194,200,200,0,0,0,0,0,0,False
1554431,markov,0.5,64,0.1,source_batch/1554431/markov_0.5s/seed64,True,False,duration,9.999999999999831,,,,9.479908591110826,9.47957289201932,1.7406018358526063,0,-10,5.049394801681965,200,200,36,0.18,16,0.8,0.18,16,False
1554431,markov,0.5,65,0.1,source_batch/1554431/markov_0.5s/seed65,True,False,duration,9.999999999999831,,,,13.557557356069633,13.55726609671904,1.9717629049977412,0,-5.389557644289766,6.875708059197194,200,200,0,0,0,0,0,0,False
1554431,markov,0.5,66,0.1,source_batch/1554431/markov_0.5s/seed66,True,False,duration,9.999999999999831,,,,13.480031966876934,13.479743492427659,1.9729828598632564,0,-7.976452908507703,6.832164519342005,200,200,3,0.015,3,0.15000000000000002,0.015,3,False
1554431,markov,0.5,67,0.1,source_batch/1554431/markov_0.5s/seed67,True,False,duration,9.999999999999831,,,,13.496392870232349,13.496103796681815,1.9727220261427192,0,-5.624403260891597,6.841361133413645,200,200,5,0.025,5,0.25,0.025,5,False
1554431,markov,0.5,68,0.1,source_batch/1554431/markov_0.5s/seed68,True,False,duration,9.999999999999831,,,,12.40724408477853,12.407244084778528,2.030433138246755,0,-9.999999999999964,6.311332203196604,200,200,36,0.18,22,1.1,0.18,22,False
1554431,markov,0.5,69,0.1,source_batch/1554431/markov_0.5s/seed69,True,False,duration,9.999999999999831,,,,12.955338033242088,12.955016904978297,1.9952560662270573,0,-9.999999999999964,6.49290941862699,200,200,12,0.06,8,0.4,0.06,8,False
1554431,markov,0.5,70,0.1,source_batch/1554431/markov_0.5s/seed70,True,False,duration,9.999999999999831,,,,13.39975016881249,13.39946463411081,1.974294942809527,0,-9.418309624268772,6.786961939457059,200,200,8,0.04,5,0.25,0.04,5,False
1554431,markov,0.5,71,0.1,source_batch/1554431/markov_0.5s/seed71,True,False,duration,9.999999999999831,,,,13.175061744809522,13.174780199123145,1.8881230436873448,0,-10,6.977712730730679,200,200,17,0.085,9,0.45,0.085,9,False
1554431,markov,0.5,72,0.1,source_batch/1554431/markov_0.5s/seed72,True,False,duration,9.999999999999831,,,,12.918028879641676,12.917709248549222,1.9585241271973077,0,-5.389557644289766,6.595634472491669,200,200,6,0.03,5,0.25,0.03,5,False
1554431,markov,0.5,73,0.1,source_batch/1554431/markov_0.5s/seed73,True,False,duration,9.999999999999831,,,,13.278896325473227,13.278615216180594,1.9757310990111001,0,-9.402119995361602,6.720861570092637,200,200,14,0.07,13,0.65,0.07,13,False
1554431,markov,0.5,74,0.1,source_batch/1554431/markov_0.5s/seed74,True,False,duration,9.999999999999831,,,,13.339082325767555,13.338799012592425,1.9653426278355455,0,-6.631859274744301,6.787009462712666,200,200,17,0.085,16,0.8,0.085,16,False
1554431,markov,0.5,75,0.1,source_batch/1554431/markov_0.5s/seed75,True,False,duration,9.999999999999831,,,,12.927751349708192,12.927431328464742,1.3247745443216523,0,-5.389557644289766,9.75821235686877,200,200,10,0.05,6,0.30000000000000004,0.05,6,False
1554431,markov,0.5,76,0.1,source_batch/1554431/markov_0.5s/seed76,True,False,duration,9.999999999999831,,,,10.358464005462102,10.358053886441715,0.7616246538630761,0,-5.389557644289766,13.599945634511815,200,200,21,0.105,18,0.9,0.105,18,False
1554431,markov,0.5,77,0.1,source_batch/1554431/markov_0.5s/seed77,True,False,duration,9.999999999999831,,,,13.557557356069633,13.55726609671904,1.9717629049977412,0,-5.389557644289766,6.875708059197194,200,200,0,0,0,0,0,0,False
1554431,markov,0.5,78,0.1,source_batch/1554431/markov_0.5s/seed78,True,False,duration,9.999999999999831,,,,13.491564186606658,13.491275289872181,1.9727879148941665,0,-5.389557644289766,6.838685085211475,200,200,2,0.01,2,0.1,0.01,2,False
1554431,markov,0.5,79,0.1,source_batch/1554431/markov_0.5s/seed79,True,False,duration,9.999999999999831,,,,9.43404677686682,9.433618430353022,0.9288381681843629,0,-9.999999999999964,10.156363889301936,200,200,30,0.15,12,0.6000000000000001,0.15,12,False
1554431,markov,0.5,80,0.1,source_batch/1554431/markov_0.5s/seed80,True,False,duration,9.999999999999831,,,,9.785334296730896,9.78531317199327,1.6182168345341443,0,-10,6.652122586461838,200,200,31,0.155,31,1.55,0.155,31,False
1554431,markov,0.5,81,0.1,source_batch/1554431/markov_0.5s/seed81,True,False,duration,9.999999999999831,,,,12.625308583355743,12.624993361672466,1.8629033372709867,0,-9.999999999999964,6.777052308128415,200,200,16,0.08,10,0.5,0.08,10,False
1554431,markov,0.5,82,0.1,source_batch/1554431/markov_0.5s/seed82,True,False,duration,9.999999999999831,,,,13.073249481173523,13.072941539250877,1.981765604200344,0,-8.523101494228413,6.5966133994569445,200,200,21,0.105,10,0.5,0.105,10,False
1554431,markov,0.5,83,0.1,source_batch/1554431/markov_0.5s/seed83,True,False,duration,9.999999999999831,,,,13.33529636921351,13.335013194672001,1.9755011930942492,0,-10,6.750192427768279,200,200,11,0.055,11,0.55,0.055,11,False
1554431,markov,0.5,84,0.1,source_batch/1554431/markov_0.5s/seed84,True,False,duration,9.999999999999831,,,,13.551113017957885,13.55082194067267,1.9718625763148434,0.05,-5.451265984741838,6.872092458896099,200,200,1,0.005,1,0.05,0.005,1,False
1554431,markov,0.5,85,0.1,source_batch/1554431/markov_0.5s/seed85,True,False,duration,9.999999999999831,,,,9.300670314294724,9.300670314294724,1.3254987875670046,0,-10,6.7827957132093575,200,200,28,0.14,15,0.75,0.14,15,False
1554431,markov,0.5,86,0.1,source_batch/1554431/markov_0.5s/seed86,True,False,duration,9.999999999999831,,,,12.992134974443005,12.991812369562343,1.968510586665294,0,-6.8839651739551755,6.599818389379758,200,200,22,0.11,18,0.9,0.11,18,False
1554431,markov,0.5,87,0.1,source_batch/1554431/markov_0.5s/seed87,True,False,duration,9.999999999999831,,,,13.196596405897552,13.196318310251804,1.9868737621343528,0,-10,6.641749748648333,200,200,11,0.055,11,0.55,0.055,11,False
1554431,markov,0.5,88,0.1,source_batch/1554431/markov_0.5s/seed88,True,True,collision,5.639999999999924,5.639999999999924,18.745006489016262,12.66233882591074,0,-0.06008545414894684,0,0,-10,18.745006489016262,113,113,35,0.30973451327433627,35,1.75,0.30973451327433627,35,True
1554431,markov,0.5,89,0.1,source_batch/1554431/markov_0.5s/seed89,True,False,duration,9.999999999999831,,,,13.557557356069633,13.55726609671904,1.9717629049977412,0,-5.389557644289766,6.875708059197194,200,200,0,0,0,0,0,0,False
1554431,markov,0.5,90,0.1,source_batch/1554431/markov_0.5s/seed90,True,False,duration,9.999999999999831,,,,5.788488389847599,5.788167524033771,1.055717495838484,0,-10,1.1091926277281088,200,200,39,0.195,16,0.8,0.195,16,False
1554431,markov,0.5,91,0.1,source_batch/1554431/markov_0.5s/seed91,True,False,duration,9.999999999999831,,,,13.557557356069633,13.55726609671904,1.9717629049977412,0,-5.389557644289766,6.875708059197194,200,200,0,0,0,0,0,0,False
1554431,markov,0.5,92,0.1,source_batch/1554431/markov_0.5s/seed92,True,True,collision,9.299999999999846,9.299999999999846,21.647404169557262,14.576367483403322,0,-0.1273305851125519,0,0,-6.201710278915229,21.647404169557262,186,186,41,0.22043010752688172,38,1.9000000000000001,0.22043010752688172,38,False
1554431,markov,0.5,93,0.1,source_batch/1554431/markov_0.5s/seed93,True,False,duration,9.999999999999831,,,,13.557557356069633,13.55726609671904,1.9717629049977412,0,-5.389557644289766,6.875708059197194,200,200,0,0,0,0,0,0,False
1554431,markov,0.5,94,0.1,source_batch/1554431/markov_0.5s/seed94,True,False,duration,9.999999999999831,,,,4.483885385137511,4.4834419732232265,0.9925176279349333,0,-10,2.1098722069125664,200,200,35,0.175,17,0.8500000000000001,0.175,17,False
1554431,markov,0.5,95,0.1,source_batch/1554431/markov_0.5s/seed95,True,False,duration,9.999999999999831,,,,12.635457982371895,12.635143491436544,1.549153952791854,0,-7.359635525787134,8.146012423932754,200,200,12,0.06,5,0.25,0.06,5,False
1554431,markov,0.5,96,0.1,source_batch/1554431/markov_0.5s/seed96,True,False,duration,9.999999999999831,,,,1.7139805070935075,1.7137707046593724,0.5437012000284499,0,-10,3.432950514328249,200,200,56,0.28,14,0.7000000000000001,0.28,14,False
1554431,markov,0.5,97,0.1,source_batch/1554431/markov_0.5s/seed97,True,False,duration,9.999999999999831,,,,13.388585858686486,13.388300732797944,1.9744814865198306,0,-6.942283036350361,6.7806666328362555,200,200,21,0.105,21,1.05,0.105,21,False
1554431,markov,0.5,98,0.1,source_batch/1554431/markov_0.5s/seed98,True,False,duration,9.999999999999831,,,,9.132121280982242,9.132068959771587,1.4839197508220807,0,-9.999999999999964,3.733763577268702,200,200,27,0.135,17,0.8500000000000001,0.135,17,False
1554431,markov,0.5,99,0.1,source_batch/1554431/markov_0.5s/seed99,True,True,collision,5.729999999999922,5.729999999999922,26.476146907749534,19.40520015293622,0,-0.07920226667482666,0,0,-5.389557644289766,26.476146907749534,115,115,44,0.3826086956521739,44,2.2,0.3826086956521739,44,False
1554431,markov,1.0,0,0.1,source_batch/1554431/markov_1s/seed0,True,False,duration,9.999999999999831,,,,13.435247717920612,13.434960883374668,1.9737090486151139,0,-6.15169176603132,6.8069611844772835,200,200,9,0.045,9,0.45,0.045,9,False
1554431,markov,1.0,1,0.1,source_batch/1554431/markov_1s/seed1,True,True,collision,7.979999999999874,7.979999999999874,14.219779773554846,8.137026479273967,0,-0.011440839053688645,0,0,-10,14.219779773554846,160,160,29,0.18125,29,1.4500000000000002,0.18125,29,True
1554431,markov,1.0,2,0.1,source_batch/1554431/markov_1s/seed2,True,True,collision,6.689999999999902,6.689999999999902,25.271502430122414,18.200534806302944,0,-0.10844386278029239,0,0,-10,25.271502430122414,134,134,49,0.3656716417910448,37,1.85,0.3656716417910448,37,False
1554431,markov,1.0,3,0.1,source_batch/1554431/markov_1s/seed3,True,True,collision,6.219999999999912,6.219999999999912,20.175469595200056,14.09282055366445,0,-0.13677494971066873,0,0,-10,20.175469595200056,125,125,30,0.24,30,1.5,0.24,30,True
1554431,markov,1.0,4,0.1,source_batch/1554431/markov_1s/seed4,True,False,duration,9.999999999999831,,,,13.506546015678351,13.50625657034136,1.9725608609791045,0,-5.389557644289766,6.8470670981666775,200,200,4,0.02,4,0.2,0.02,4,False
1554431,markov,1.0,5,0.1,source_batch/1554431/markov_1s/seed5,True,False,duration,9.999999999999831,,,,13.136775990599858,13.136484652265674,1.9794224795152788,0,-7.398087665803388,6.636523929688086,200,200,10,0.05,5,0.25,0.05,5,False
1554431,markov,1.0,6,0.1,source_batch/1554431/markov_1s/seed6,True,False,duration,9.999999999999831,,,,7.739670674525579,7.739670674525577,1.4457855015392613,0,-10,4.063579986073889,200,200,65,0.325,44,2.2,0.325,44,False
1554431,markov,1.0,7,0.1,source_batch/1554431/markov_1s/seed7,True,False,duration,9.999999999999831,,,,13.426604392902085,13.426317874856203,1.973850795204205,0,-9.549460262771703,6.802093606810428,200,200,6,0.03,6,0.30000000000000004,0.03,6,False
1554431,markov,1.0,8,0.1,source_batch/1554431/markov_1s/seed8,True,False,duration,9.999999999999831,,,,13.557557356069633,13.55726609671904,1.9717629049977412,0,-5.389557644289766,6.875708059197194,200,200,0,0,0,0,0,0,False
1554431,markov,1.0,9,0.1,source_batch/1554431/markov_1s/seed9,True,True,collision,8.68999999999986,8.68999999999986,18.38557090694864,12.061031867139953,0,-0.0706276313988532,0,0,-10,18.38557090694864,174,174,56,0.3218390804597701,20,1,0.3218390804597701,20,False
1554431,markov,1.0,10,0.1,source_batch/1554431/markov_1s/seed10,True,True,collision,5.709999999999923,5.709999999999923,21.696367086665415,15.371916456505355,0,-0.11352905091514165,0,0,-10,21.696367086665415,115,115,39,0.3391304347826087,20,1,0.3391304347826087,20,True
1554431,markov,1.0,11,0.1,source_batch/1554431/markov_1s/seed11,True,False,duration,9.999999999999831,,,,13.113683250152425,13.113683250152429,1.667194591389942,0,-10,6.554342639939872,200,200,13,0.065,13,0.65,0.065,13,False
1554431,markov,1.0,12,0.1,source_batch/1554431/markov_1s/seed12,True,True,collision,4.819999999999942,4.819999999999942,26.47628844127829,19.196210597857153,0,-0.17047175545492266,0,0,-10,26.47628844127829,97,97,79,0.8144329896907216,52,2.6,0.8144329896907216,52,False
1554431,markov,1.0,13,0.1,source_batch/1554431/markov_1s/seed13,True,False,duration,9.999999999999831,,,,13.01393314806055,13.013609668445472,1.957418216356472,0,-5.509869306279569,6.648354224816063,200,200,5,0.025,5,0.25,0.025,5,False
1554431,markov,1.0,14,0.1,source_batch/1554431/markov_1s/seed14,True,False,duration,9.999999999999831,,,,7.1624593696216445,7.162459369621643,1.181135975011512,0,-9.999999999999964,3.6816596633053025,200,200,23,0.115,16,0.8,0.115,16,False
1554431,markov,1.0,15,0.1,source_batch/1554431/markov_1s/seed15,True,False,duration,9.999999999999831,,,,13.503039637697714,13.502750320756782,1.9726164393021584,0,-5.389557644289766,6.845096721151515,200,200,4,0.02,4,0.2,0.02,4,False
1554431,markov,1.0,16,0.1,source_batch/1554431/markov_1s/seed16,True,False,duration,9.999999999999831,,,,13.557557356069633,13.55726609671904,1.9717629049977412,0,-5.389557644289766,6.875708059197194,200,200,0,0,0,0,0,0,False
1554431,markov,1.0,17,0.1,source_batch/1554431/markov_1s/seed17,True,False,duration,9.999999999999831,,,,13.557557356069633,13.55726609671904,1.9717629049977412,0,-5.389557644289766,6.875708059197194,200,200,0,0,0,0,0,0,False
1554431,markov,1.0,18,0.1,source_batch/1554431/markov_1s/seed18,True,False,duration,9.999999999999831,,,,13.30378408223315,13.303502061604139,1.9761274638609105,0,-7.8220052829820474,6.732107267823744,200,200,6,0.03,6,0.30000000000000004,0.03,6,False
1554431,markov,1.0,19,0.1,source_batch/1554431/markov_1s/seed19,True,True,collision,4.849999999999941,4.849999999999941,26.476404589740305,19.405369739191553,0,-0.11512222749585233,0,0,-5.389557644289766,26.476404589740305,97,97,77,0.7938144329896907,77,3.85,0.7938144329896907,77,False
1554431,markov,1.0,20,0.1,source_batch/1554431/markov_1s/seed20,True,False,duration,9.999999999999831,,,,13.394114641299518,13.393829312958793,1.9743890927499526,0.3000000000000001,-6.509295009860949,6.783784089033691,200,200,15,0.075,9,0.45,0.075,9,False
1554431,markov,1.0,21,0.1,source_batch/1554431/markov_1s/seed21,True,False,duration,9.999999999999831,,,,12.631272337945667,12.63095754564755,1.9815788389299192,0.35000000000000014,-9.999999999999964,6.374188751666549,200,200,15,0.075,8,0.4,0.075,8,False
1554431,markov,1.0,22,0.1,source_batch/1554431/markov_1s/seed22,True,False,duration,9.999999999999831,,,,13.423405610278197,13.423119209364884,1.9738965849123553,0,-7.38821753190031,6.800315331596207,200,200,4,0.02,4,0.2,0.02,4,False
1554431,markov,1.0,23,0.1,source_batch/1554431/markov_1s/seed23,True,False,duration,9.999999999999831,,,,13.557557356069633,13.55726609671904,1.9717629049977412,0,-5.389557644289766,6.875708059197194,200,200,0,0,0,0,0,0,False
1554431,markov,1.0,24,0.1,source_batch/1554431/markov_1s/seed24,True,False,duration,9.999999999999831,,,,13.162856395535695,13.162571745473187,1.9963360628100502,0,-9.999999999999964,6.5933647098202,200,200,11,0.055,11,0.55,0.055,11,False
1554431,markov,1.0,25,0.1,source_batch/1554431/markov_1s/seed25,True,True,collision,7.0799999999998935,7.0799999999998935,20.082547641108423,13.011536065911239,0,-0.11825290672983879,0,2.199999999999997,-10,20.082547641108423,142,142,82,0.5774647887323944,44,2.2,0.5774647887323944,44,True
1554431,markov,1.0,26,0.1,source_batch/1554431/markov_1s/seed26,True,True,collision,8.509999999999863,8.509999999999863,22.81758788180197,15.746535578602916,0,-0.10156851762898489,0,0,-5.389557644289766,22.81758788180197,171,171,39,0.22807017543859648,39,1.9500000000000002,0.22807017543859648,39,False
1554431,markov,1.0,27,0.1,source_batch/1554431/markov_1s/seed27,True,False,duration,9.999999999999831,,,,13.395943626363147,13.395658231048902,1.974358582280932,0,-6.892375978278764,6.78481525659498,200,200,18,0.09,18,0.9,0.09,18,False
1554431,markov,1.0,28,0.1,source_batch/1554431/markov_1s/seed28,True,False,duration,9.999999999999831,,,,7.053579964978464,7.053087534946398,1.1408001057560972,0,-9.999999999999964,6.136799526002642,200,200,22,0.11,20,1,0.11,20,False
1554431,markov,1.0,29,0.1,source_batch/1554431/markov_1s/seed29,True,False,duration,9.999999999999831,,,,13.557557356069633,13.55726609671904,1.9717629049977412,0,-5.389557644289766,6.875708059197194,200,200,0,0,0,0,0,0,False
1554431,markov,1.0,30,0.1,source_batch/1554431/markov_1s/seed30,True,False,duration,9.999999999999831,,,,13.137382406688303,13.137091224716492,1.9574777527215252,0,-5.389557644289766,6.711233987947858,200,200,4,0.02,4,0.2,0.02,4,False
1554431,markov,1.0,31,0.1,source_batch/1554431/markov_1s/seed31,True,False,duration,9.999999999999831,,,,13.557557356069633,13.55726609671904,1.9717629049977412,0,-5.389557644289766,6.875708059197194,200,200,0,0,0,0,0,0,False
1554431,markov,1.0,32,0.1,source_batch/1554431/markov_1s/seed32,True,True,collision,6.619999999999903,6.619999999999903,26.330750365146724,19.259792834173282,0,-0.0974938207967897,0,0,-5.389557644289766,26.330750365146724,133,133,42,0.3157894736842105,39,1.9500000000000002,0.3157894736842105,39,False
1554431,markov,1.0,33,0.1,source_batch/1554431/markov_1s/seed33,True,False,duration,9.999999999999831,,,,9.386884883449977,9.386884883449977,1.4661303371241616,0,-9.999999999999964,4.246738023891378,200,200,17,0.085,17,0.8500000000000001,0.085,17,False
1554431,markov,1.0,34,0.1,source_batch/1554431/markov_1s/seed34,True,False,duration,9.999999999999831,,,,11.327724546779782,11.327724546779782,1.803238883865537,0,-9.999999999999964,5.918413156621934,200,200,14,0.07,14,0.7000000000000001,0.07,14,False
1554431,markov,1.0,35,0.1,source_batch/1554431/markov_1s/seed35,True,False,duration,9.999999999999831,,,,12.191952328427144,12.191952328427142,2.0509385605892656,0,-9.999999999999964,6.2360096288398115,200,200,20,0.1,11,0.55,0.1,11,False
1554431,markov,1.0,36,0.1,source_batch/1554431/markov_1s/seed36,True,False,duration,9.999999999999831,,,,13.557557356069633,13.55726609671904,1.9717629049977412,0,-5.389557644289766,6.875708059197194,200,200,0,0,0,0,0,0,False
1554431,markov,1.0,37,0.1,source_batch/1554431/markov_1s/seed37,True,False,duration,9.999999999999831,,,,13.52016164880096,13.519871704888633,1.9723344997628995,0,-5.389557644289766,6.854755979025819,200,200,1,0.005,1,0.05,0.005,1,False
1554431,markov,1.0,38,0.1,source_batch/1554431/markov_1s/seed38,True,True,collision,6.229999999999912,6.229999999999912,26.462304278479728,19.39136465287111,0,-0.04933434204922893,0,0,-5.389557644289766,26.462304278479728,125,125,40,0.32,40,2,0.32,40,False
1554431,markov,1.0,39,0.1,source_batch/1554431/markov_1s/seed39,True,False,duration,9.999999999999831,,,,13.215768446704308,13.215489649019464,1.9808800988063735,0,-10,6.671524266906801,200,200,13,0.065,13,0.65,0.065,13,False
1554431,markov,1.0,40,0.1,source_batch/1554431/markov_1s/seed40,True,False,duration,9.999999999999831,,,,13.052228119345479,13.051914585760702,1.979608985228087,0,-8.311269338515359,6.593178088781449,200,200,6,0.03,6,0.30000000000000004,0.03,6,False
1554431,markov,1.0,41,0.1,source_batch/1554431/markov_1s/seed41,True,False,duration,9.999999999999831,,,,13.290970597937019,13.290689046510373,1.9764641130105955,1.7000000000000013,-7.4419583669872225,6.72447779801359,200,200,34,0.17,34,1.7000000000000002,0.17,34,False
1554431,markov,1.0,42,0.1,source_batch/1554431/markov_1s/seed42,True,True,collision,4.709999999999944,4.709999999999944,26.476387174677676,19.405338990944454,0,-0.02152336003025379,0,3.099999999999978,-10,26.476387174677676,95,95,93,0.9789473684210527,62,3.1,0.9789473684210527,62,False
1554431,markov,1.0,43,0.1,source_batch/1554431/markov_1s/seed43,True,False,duration,9.999999999999831,,,,4.777485917965932,4.77692332088918,0.7003520952419396,0,-9.999999999999964,6.818771402532027,200,200,31,0.155,19,0.9500000000000001,0.155,19,False
1554431,markov,1.0,44,0.1,source_batch/1554431/markov_1s/seed44,True,False,duration,9.999999999999831,,,,13.557557356069633,13.55726609671904,1.9717629049977412,0,-5.389557644289766,6.875708059197194,200,200,0,0,0,0,0,0,False
1554431,markov,1.0,45,0.1,source_batch/1554431/markov_1s/seed45,True,False,duration,9.999999999999831,,,,13.557557356069633,13.55726609671904,1.9717629049977412,0,-5.389557644289766,6.875708059197194,200,200,0,0,0,0,0,0,False
1554431,markov,1.0,46,0.1,source_batch/1554431/markov_1s/seed46,True,False,duration,9.999999999999831,,,,13.18648228749319,13.186203631745936,1.9874297209947034,0.4000000000000002,-10,6.626583855473029,200,200,18,0.09,10,0.5,0.09,10,False
1554431,markov,1.0,47,0.1,source_batch/1554431/markov_1s/seed47,True,False,duration,9.999999999999831,,,,13.427583228142904,13.427296674254169,1.7755720785608846,0,-8.336478721766838,7.56223689051086,200,200,6,0.03,4,0.2,0.03,4,False
1554431,markov,1.0,48,0.1,source_batch/1554431/markov_1s/seed48,True,False,duration,9.999999999999831,,,,13.557557356069633,13.55726609671904,1.9717629049977412,0,-5.389557644289766,6.875708059197194,200,200,0,0,0,0,0,0,False
1554431,markov,1.0,49,0.1,source_batch/1554431/markov_1s/seed49,True,True,collision,9.10999999999985,9.10999999999985,15.967339433171757,9.884600619705182,0,-0.0862195666926926,0,0,-10,15.967339433171757,183,183,32,0.17486338797814208,32,1.6,0.17486338797814208,32,True
1554431,markov,1.0,50,0.1,source_batch/1554431/markov_1s/seed50,True,False,duration,9.999999999999831,,,,13.499739314200447,13.499450118110296,1.9726688298081274,0,-5.768386642902357,6.843241964452456,200,200,7,0.035,7,0.35000000000000003,0.035,7,False
1554431,markov,1.0,51,0.1,source_batch/1554431/markov_1s/seed51,True,False,duration,9.999999999999831,,,,13.557557356069633,13.55726609671904,1.9717629049977412,0,-5.389557644289766,6.875708059197194,200,200,0,0,0,0,0,0,False
1554431,markov,1.0,52,0.1,source_batch/1554431/markov_1s/seed52,True,False,duration,9.999999999999831,,,,13.557557356069633,13.55726609671904,1.9717629049977412,0,-5.389557644289766,6.875708059197194,200,200,0,0,0,0,0,0,False
1554431,markov,1.0,53,0.1,source_batch/1554431/markov_1s/seed53,True,False,duration,9.999999999999831,,,,11.855942121616316,11.855596546415788,1.0479182026658431,0,-5.938900277384462,11.313475151262605,200,200,16,0.08,12,0.6000000000000001,0.08,12,False
1554431,markov,1.0,54,0.1,source_batch/1554431/markov_1s/seed54,True,False,duration,9.999999999999831,,,,13.340636170332074,13.34035280025848,1.6020458820716168,0.5000000000000002,-6.162919128061262,8.327072869478604,200,200,14,0.07,10,0.5,0.07,10,False
1554431,markov,1.0,55,0.1,source_batch/1554431/markov_1s/seed55,True,False,duration,9.999999999999831,,,,13.291382651523076,13.29110108500791,1.976186198309632,0,-6.3326459024059645,6.725631975558124,200,200,5,0.025,5,0.25,0.025,5,False
1554431,markov,1.0,56,0.1,source_batch/1554431/markov_1s/seed56,True,True,collision,5.81999999999992,5.81999999999992,9.955191110715496,2.8842441220838397,0,-0.022647660698491112,0,0,-10,9.955191110715496,117,117,40,0.3418803418803419,20,1,0.3418803418803419,20,True
1554431,markov,1.0,57,0.1,source_batch/1554431/markov_1s/seed57,True,False,duration,9.999999999999831,,,,13.173655537817252,13.173373635302674,1.9940288391755603,2.6999999999999864,-10,6.6064107882959515,200,200,54,0.27,54,2.7,0.27,54,False
1554431,markov,1.0,58,0.1,source_batch/1554431/markov_1s/seed58,True,False,duration,9.999999999999831,,,,2.3031453536135835,2.3029002810435246,0.6369884302264585,0,-10,7.103754585063515,200,200,45,0.225,43,2.15,0.225,43,False
1554431,markov,1.0,59,0.1,source_batch/1554431/markov_1s/seed59,True,True,collision,8.419999999999865,8.419999999999865,18.125770578034004,11.801226913889248,0,-0.0842889379370173,0,0,-10,18.125770578034004,169,169,33,0.1952662721893491,33,1.6500000000000001,0.1952662721893491,33,True
1554431,markov,1.0,60,0.1,source_batch/1554431/markov_1s/seed60,True,True,collision,9.879999999999834,9.879999999999834,21.13068112155075,15.047965493329604,0,-0.14773934744756678,0,0,-6.385334866256187,21.13068112155075,198,198,49,0.2474747474747475,39,1.9500000000000002,0.2474747474747475,39,False
1554431,markov,1.0,61,0.1,source_batch/1554431/markov_1s/seed61,True,False,duration,9.999999999999831,,,,13.557557356069633,13.55726609671904,1.9717629049977412,0,-5.389557644289766,6.875708059197194,200,200,0,0,0,0,0,0,False
1554431,markov,1.0,62,0.1,source_batch/1554431/markov_1s/seed62,True,False,duration,9.999999999999831,,,,12.108265643025153,12.107921344115338,1.83970431288592,0,-10,6.581449670638539,200,200,34,0.17,11,0.55,0.17,11,False
1554431,markov,1.0,63,0.1,source_batch/1554431/markov_1s/seed63,True,False,duration,9.999999999999831,,,,13.557557356069633,13.55726609671904,1.9717629049977412,0,-5.389557644289766,6.875708059197194,200,200,0,0,0,0,0,0,False
1554431,markov,1.0,64,0.1,source_batch/1554431/markov_1s/seed64,True,False,duration,9.999999999999831,,,,2.2613455973976704,2.260723660153251,0.11561390474834866,0,-10,19.554081017106565,200,200,47,0.235,35,1.75,0.235,35,False
1554431,markov,1.0,65,0.1,source_batch/1554431/markov_1s/seed65,True,False,duration,9.999999999999831,,,,13.557557356069633,13.55726609671904,1.9717629049977412,0,-5.389557644289766,6.875708059197194,200,200,0,0,0,0,0,0,False
1554431,markov,1.0,66,0.1,source_batch/1554431/markov_1s/seed66,True,False,duration,9.999999999999831,,,,3.280567647412252,3.280380143353641,0.7680941701975537,0,-10,5.913172054651428,200,200,22,0.11,22,1.1,0.11,22,False
1554431,markov,1.0,67,0.1,source_batch/1554431/markov_1s/seed67,True,False,duration,9.999999999999831,,,,13.496392870232349,13.496103796681815,1.9727220261427192,0,-5.624403260891597,6.841361133413645,200,200,5,0.025,5,0.25,0.025,5,False
1554431,markov,1.0,68,0.1,source_batch/1554431/markov_1s/seed68,True,False,duration,9.999999999999831,,,,13.137557715278724,13.137266578502132,1.9983628760109562,0,-9.999999999999964,6.574014527694872,200,200,10,0.05,10,0.5,0.05,10,False
1554431,markov,1.0,69,0.1,source_batch/1554431/markov_1s/seed69,True,False,duration,9.999999999999831,,,,12.955338033242088,12.955016904978297,1.9952560662270573,0,-9.999999999999964,6.49290941862699,200,200,12,0.06,8,0.4,0.06,8,False
1554431,markov,1.0,70,0.1,source_batch/1554431/markov_1s/seed70,True,False,duration,9.999999999999831,,,,13.157584460397747,13.157298464380911,1.9998302896591795,0,-10,6.5792075119650475,200,200,47,0.235,47,2.35,0.235,47,False
1554431,markov,1.0,71,0.1,source_batch/1554431/markov_1s/seed71,True,True,collision,6.819999999999899,6.819999999999899,25.97125561879773,19.888569199124323,0,-0.16845696785186348,0,0,-7.48668407615618,25.97125561879773,137,137,45,0.3284671532846715,38,1.9000000000000001,0.3284671532846715,38,False
1554431,markov,1.0,72,0.1,source_batch/1554431/markov_1s/seed72,True,False,duration,9.999999999999831,,,,13.557557356069633,13.55726609671904,1.9717629049977412,0,-5.389557644289766,6.875708059197194,200,200,0,0,0,0,0,0,False
1554431,markov,1.0,73,0.1,source_batch/1554431/markov_1s/seed73,True,False,duration,9.999999999999831,,,,13.491021673881344,13.49073279701252,1.972127423693834,0,-5.389557644289766,6.840700370031926,200,200,1,0.005,1,0.05,0.005,1,False
1554431,markov,1.0,74,0.1,source_batch/1554431/markov_1s/seed74,True,False,duration,9.999999999999831,,,,13.557557356069633,13.55726609671904,1.9717629049977412,0,-5.389557644289766,6.875708059197194,200,200,0,0,0,0,0,0,False
1554431,markov,1.0,75,0.1,source_batch/1554431/markov_1s/seed75,True,False,duration,9.999999999999831,,,,13.264435553343535,13.264154973573422,1.838267730877802,0,-5.389557644289766,7.215572982527185,200,200,3,0.015,3,0.15000000000000002,0.015,3,False
1554431,markov,1.0,76,0.1,source_batch/1554431/markov_1s/seed76,True,False,duration,9.999999999999831,,,,10.484429467853506,10.484016085171115,0.7639365737205159,0,-5.389557644289766,13.723673464292943,200,200,18,0.09,18,0.9,0.09,18,False
1554431,markov,1.0,77,0.1,source_batch/1554431/markov_1s/seed77,True,False,duration,9.999999999999831,,,,13.557557356069633,13.55726609671904,1.9717629049977412,0,-5.389557644289766,6.875708059197194,200,200,0,0,0,0,0,0,False
1554431,markov,1.0,78,0.1,source_batch/1554431/markov_1s/seed78,True,False,duration,9.999999999999831,,,,13.557557356069633,13.55726609671904,1.9717629049977412,0,-5.389557644289766,6.875708059197194,200,200,0,0,0,0,0,0,False
1554431,markov,1.0,79,0.1,source_batch/1554431/markov_1s/seed79,True,False,duration,9.999999999999831,,,,11.9388770254001,11.93854012372129,1.7449471875349862,0,-9.913561479601007,6.84177733802154,200,200,13,0.065,9,0.45,0.065,9,False
1554431,markov,1.0,80,0.1,source_batch/1554431/markov_1s/seed80,True,False,duration,9.999999999999831,,,,13.557557356069633,13.55726609671904,1.9717629049977412,0,-5.389557644289766,6.875708059197194,200,200,0,0,0,0,0,0,False
1554431,markov,1.0,81,0.1,source_batch/1554431/markov_1s/seed81,True,True,collision,6.3299999999999095,6.3299999999999095,24.233558691656754,17.162617177789247,0,-0.05654854284263111,0,0,-10,24.233558691656754,127,127,35,0.2755905511811024,35,1.75,0.2755905511811024,35,True
1554431,markov,1.0,82,0.1,source_batch/1554431/markov_1s/seed82,True,True,collision,5.799999999999921,5.799999999999921,16.85439039827306,9.57440535940452,0,-0.07834741073863416,0,0,-10,16.85439039827306,116,116,53,0.45689655172413796,27,1.35,0.45689655172413796,27,True
1554431,markov,1.0,83,0.1,source_batch/1554431/markov_1s/seed83,True,False,duration,9.999999999999831,,,,13.153783679506335,13.153496711235245,2.0014727965346992,0,-10,6.571908813354289,200,200,22,0.11,22,1.1,0.11,22,False
1554431,markov,1.0,84,0.1,source_batch/1554431/markov_1s/seed84,True,False,duration,9.999999999999831,,,,13.510616500757424,13.510326906367986,1.9724964632333566,0.35000000000000014,-5.811205010522613,6.84935418551858,200,200,7,0.035,7,0.35000000000000003,0.035,7,False
1554431,markov,1.0,85,0.1,source_batch/1554431/markov_1s/seed85,True,True,collision,6.379999999999908,6.379999999999908,26.30365054912798,19.23270002118643,0,-0.049372505222094354,0,0,-8.524926817743506,26.30365054912798,128,128,48,0.375,38,1.9000000000000001,0.375,38,False
1554431,markov,1.0,86,0.1,source_batch/1554431/markov_1s/seed86,True,False,duration,9.999999999999831,,,,12.854924478235656,12.85460737944673,1.964624776050376,0,-6.8839651739551755,6.543034342307977,200,200,23,0.115,18,0.9,0.115,18,False
1554431,markov,1.0,87,0.1,source_batch/1554431/markov_1s/seed87,True,False,duration,9.999999999999831,,,,5.335437751587729,5.3352697447311135,0.9907370583922367,0,-10,7.234258363170507,200,200,20,0.1,20,1,0.1,20,False
1554431,markov,1.0,88,0.1,source_batch/1554431/markov_1s/seed88,True,True,collision,5.489999999999927,5.489999999999927,26.19738787890628,19.126419151463985,0,-0.17647507456485956,0,0,-10,26.19738787890628,110,110,47,0.42727272727272725,47,2.35,0.42727272727272725,47,True
1554431,markov,1.0,89,0.1,source_batch/1554431/markov_1s/seed89,True,False,duration,9.999999999999831,,,,13.557557356069633,13.55726609671904,1.9717629049977412,0,-5.389557644289766,6.875708059197194,200,200,0,0,0,0,0,0,False
1554431,markov,1.0,90,0.1,source_batch/1554431/markov_1s/seed90,True,True,collision,4.859999999999941,4.859999999999941,20.54640458974017,13.266330039433338,0,-0.10811315924810438,0,0,-10,20.54640458974017,98,98,74,0.7551020408163265,74,3.7,0.7551020408163265,74,True
1554431,markov,1.0,91,0.1,source_batch/1554431/markov_1s/seed91,True,False,duration,9.999999999999831,,,,13.557557356069633,13.55726609671904,1.9717629049977412,0,-5.389557644289766,6.875708059197194,200,200,0,0,0,0,0,0,False
1554431,markov,1.0,92,0.1,source_batch/1554431/markov_1s/seed92,True,True,collision,7.839999999999877,7.839999999999877,23.343877282053384,16.272820892214312,0,-0.07708367708838404,0,0,-10,23.343877282053384,157,157,38,0.24203821656050956,29,1.4500000000000002,0.24203821656050956,29,False
1554431,markov,1.0,93,0.1,source_batch/1554431/markov_1s/seed93,True,False,duration,9.999999999999831,,,,13.557557356069633,13.55726609671904,1.9717629049977412,0,-5.389557644289766,6.875708059197194,200,200,0,0,0,0,0,0,False
1554431,markov,1.0,94,0.1,source_batch/1554431/markov_1s/seed94,True,True,collision,9.12999999999985,9.12999999999985,14.585822785707462,8.503084658519224,0,-0.0786974150084716,0,0,-10,14.585822785707462,183,183,38,0.20765027322404372,29,1.4500000000000002,0.20765027322404372,29,False
1554431,markov,1.0,95,0.1,source_batch/1554431/markov_1s/seed95,True,False,duration,9.999999999999831,,,,10.82911048191781,10.828736197045515,1.2680479858990337,0,-9.999999999999964,8.507294442407352,200,200,13,0.065,13,0.65,0.065,13,False
1554431,markov,1.0,96,0.1,source_batch/1554431/markov_1s/seed96,True,False,duration,9.999999999999831,,,,13.063147643848195,13.063147643848191,1.9889877327552956,0,-9.999999999999964,6.545366898003001,200,200,22,0.11,11,0.55,0.11,11,False
1554431,markov,1.0,97,0.1,source_batch/1554431/markov_1s/seed97,True,False,duration,9.999999999999831,,,,13.344896958763151,13.344613432668602,1.9752945024820214,0,-7.0584656837652915,6.755758908811149,200,200,26,0.13,26,1.3,0.13,26,False
1554431,markov,1.0,98,0.1,source_batch/1554431/markov_1s/seed98,True,True,collision,9.069999999999851,9.069999999999851,22.1111458089175,14.831064304988267,0,-0.1290315725682296,0,0,-5.389557644289766,22.1111458089175,182,182,39,0.21428571428571427,39,1.9500000000000002,0.21428571428571427,39,False
1554431,markov,1.0,99,0.1,source_batch/1554431/markov_1s/seed99,True,True,collision,5.729999999999922,5.729999999999922,26.476146907749534,19.40520015293622,0,-0.07920226667482666,0,0,-5.389557644289766,26.476146907749534,115,115,44,0.3826086956521739,44,2.2,0.3826086956521739,44,False
