controller,scenario_id,model,mean_missing_s,seed,dropout_probability,run_directory,aeb_trigger_delay_s,complete,collision,end_reason,duration_s,first_collision_s,collision_ego_speed_mps,collision_relative_speed_mps,minimum_distance_m,minimum_gap_m,minimum_ttc_s,first_aeb_s,first_deceleration_s,minimum_acceleration_mps2,ego_final_speed_mps,sensor_frames,raw_detections,dropped_detections,realized_dropout_rate,longest_missing_frames,longest_missing_s,model_missing_fraction,longest_model_missing_frames,close_gap_stop_requested
aeb,1549178,ideal,,,0,source_batch/1549178/ideal,0,True,False,duration,9.999999999999831,,,,1.5528550052170764,1.5528550052170766,0.6375036305211272,3.279999999999974,3.279999999999974,-8.3385,0,200,200,0,0,0,0,,,False
aeb,1549178,iid,,0,0.1,source_batch/1549178/iid/seed0,0.0,True,False,duration,9.999999999999831,,,,1.5528550052170764,1.5528550052170766,0.6375036305211272,3.279999999999974,3.279999999999974,-8.3385,0,200,200,25,0.125,3,0.15000000000000002,,,False
aeb,1549178,iid,,1,0.1,source_batch/1549178/iid/seed1,0.0,True,False,duration,9.999999999999831,,,,1.5528550052170764,1.5528550052170766,0.6375036305211272,3.279999999999974,3.279999999999974,-8.3385,0,200,200,21,0.105,2,0.1,,,False
aeb,1549178,iid,,2,0.1,source_batch/1549178/iid/seed2,0.0,True,False,duration,9.999999999999831,,,,1.5528550052170764,1.5528550052170766,0.6375036305211272,3.279999999999974,3.279999999999974,-8.3385,0,200,200,15,0.075,2,0.1,,,False
aeb,1549178,iid,,3,0.1,source_batch/1549178/iid/seed3,0.0,True,False,duration,9.999999999999831,,,,1.5528550052170764,1.5528550052170766,0.6375036305211272,3.279999999999974,3.279999999999974,-8.3385,0,200,200,30,0.15,3,0.15000000000000002,,,False
aeb,1549178,iid,,4,0.1,source_batch/1549178/iid/seed4,0.0,True,False,duration,9.999999999999831,,,,1.5528550052170764,1.5528550052170766,0.6375036305211272,3.279999999999974,3.279999999999974,-8.3385,0,200,200,26,0.13,3,0.15000000000000002,,,False
aeb,1549178,iid,,5,0.1,source_batch/1549178/iid/seed5,0.0,True,False,duration,9.999999999999831,,,,1.5528550052170764,1.5528550052170766,0.6375036305211272,3.279999999999974,3.279999999999974,-8.3385,0,200,200,19,0.095,1,0.05,,,False
aeb,1549178,iid,,6,0.1,source_batch/1549178/iid/seed6,0.0,True,False,duration,9.999999999999831,,,,1.5528550052170764,1.5528550052170766,0.6375036305211272,3.279999999999974,3.279999999999974,-8.3385,0,200,200,21,0.105,2,0.1,,,False
aeb,1549178,iid,,7,0.1,source_batch/1549178/iid/seed7,0.0,True,False,duration,9.999999999999831,,,,1.5528550052170764,1.5528550052170766,0.6375036305211272,3.279999999999974,3.279999999999974,-8.3385,0,200,200,18,0.09,1,0.05,,,False
aeb,1549178,iid,,8,0.1,source_batch/1549178/iid/seed8,0.0,True,False,duration,9.999999999999831,,,,1.5528550052170764,1.5528550052170766,0.6375036305211272,3.279999999999974,3.279999999999974,-8.3385,0,200,200,22,0.11,2,0.1,,,False
aeb,1549178,iid,,9,0.1,source_batch/1549178/iid/seed9,0.0,True,False,duration,9.999999999999831,,,,1.5528550052170764,1.5528550052170766,0.6375036305211272,3.279999999999974,3.279999999999974,-8.3385,0,200,200,18,0.09,2,0.1,,,False
aeb,1549178,iid,,10,0.1,source_batch/1549178/iid/seed10,0.0,True,False,duration,9.999999999999831,,,,1.5528550052170764,1.5528550052170766,0.6375036305211272,3.279999999999974,3.279999999999974,-8.3385,0,200,200,15,0.075,2,0.1,,,False
aeb,1549178,iid,,11,0.1,source_batch/1549178/iid/seed11,0.0,True,False,duration,9.999999999999831,,,,1.5528550052170764,1.5528550052170766,0.6375036305211272,3.279999999999974,3.279999999999974,-8.3385,0,200,200,29,0.145,2,0.1,,,False
aeb,1549178,iid,,12,0.1,source_batch/1549178/iid/seed12,0.0,True,False,duration,9.999999999999831,,,,1.5528550052170764,1.5528550052170766,0.6375036305211272,3.279999999999974,3.279999999999974,-8.3385,0,200,200,20,0.1,2,0.1,,,False
aeb,1549178,iid,,13,0.1,source_batch/1549178/iid/seed13,0.0,True,False,duration,9.999999999999831,,,,1.5528550052170764,1.5528550052170766,0.6375036305211272,3.279999999999974,3.279999999999974,-8.3385,0,200,200,22,0.11,2,0.1,,,False
aeb,1549178,iid,,14,0.1,source_batch/1549178/iid/seed14,0.0,True,False,duration,9.999999999999831,,,,1.5528550052170764,1.5528550052170766,0.6375036305211272,3.279999999999974,3.279999999999974,-8.3385,0,200,200,27,0.135,3,0.15000000000000002,,,False
aeb,1549178,iid,,15,0.1,source_batch/1549178/iid/seed15,0.0,True,False,duration,9.999999999999831,,,,1.5528550052170764,1.5528550052170766,0.6375036305211272,3.279999999999974,3.279999999999974,-8.3385,0,200,200,16,0.08,1,0.05,,,False
aeb,1549178,iid,,16,0.1,source_batch/1549178/iid/seed16,0.0,True,False,duration,9.999999999999831,,,,1.5528550052170764,1.5528550052170766,0.6375036305211272,3.279999999999974,3.279999999999974,-8.3385,0,200,200,17,0.085,2,0.1,,,False
aeb,1549178,iid,,17,0.1,source_batch/1549178/iid/seed17,0.0,True,False,duration,9.999999999999831,,,,1.5528550052170764,1.5528550052170766,0.6375036305211272,3.279999999999974,3.279999999999974,-8.3385,0,200,200,19,0.095,1,0.05,,,False
aeb,1549178,iid,,18,0.1,source_batch/1549178/iid/seed18,0.0,True,False,duration,9.999999999999831,,,,1.5528550052170764,1.5528550052170766,0.6375036305211272,3.279999999999974,3.279999999999974,-8.3385,0,200,200,31,0.155,2,0.1,,,False
aeb,1549178,iid,,19,0.1,source_batch/1549178/iid/seed19,0.0,True,False,duration,9.999999999999831,,,,1.5528550052170764,1.5528550052170766,0.6375036305211272,3.279999999999974,3.279999999999974,-8.3385,0,200,200,18,0.09,3,0.15000000000000002,,,False
aeb,1549178,iid,,20,0.1,source_batch/1549178/iid/seed20,0.0,True,False,duration,9.999999999999831,,,,1.5528550052170764,1.5528550052170766,0.6375036305211272,3.279999999999974,3.279999999999974,-8.3385,0,200,200,16,0.08,1,0.05,,,False
aeb,1549178,iid,,21,0.1,source_batch/1549178/iid/seed21,0.0,True,False,duration,9.999999999999831,,,,1.5528550052170764,1.5528550052170766,0.6375036305211272,3.279999999999974,3.279999999999974,-8.3385,0,200,200,11,0.055,2,0.1,,,False
aeb,1549178,iid,,22,0.1,source_batch/1549178/iid/seed22,0.0,True,False,duration,9.999999999999831,,,,1.5528550052170764,1.5528550052170766,0.6375036305211272,3.279999999999974,3.279999999999974,-8.3385,0,200,200,22,0.11,2,0.1,,,False
aeb,1549178,iid,,23,0.1,source_batch/1549178/iid/seed23,0.0,True,False,duration,9.999999999999831,,,,1.5528550052170764,1.5528550052170766,0.6375036305211272,3.279999999999974,3.279999999999974,-8.3385,0,200,200,18,0.09,2,0.1,,,False
aeb,1549178,iid,,24,0.1,source_batch/1549178/iid/seed24,0.0,True,False,duration,9.999999999999831,,,,1.5528550052170764,1.5528550052170766,0.6375036305211272,3.279999999999974,3.279999999999974,-8.3385,0,200,200,23,0.115,1,0.05,,,False
aeb,1549178,iid,,25,0.1,source_batch/1549178/iid/seed25,0.0,True,False,duration,9.999999999999831,,,,1.5528550052170764,1.5528550052170766,0.6375036305211272,3.279999999999974,3.279999999999974,-8.3385,0,200,200,16,0.08,2,0.1,,,False
aeb,1549178,iid,,26,0.1,source_batch/1549178/iid/seed26,0.02999999999999936,True,False,duration,9.999999999999831,,,,1.204763100436956,1.2047631004369563,0.5580848937982049,3.3099999999999734,3.3099999999999734,-8.3385,0,200,200,21,0.105,2,0.1,,,False
aeb,1549178,iid,,27,0.1,source_batch/1549178/iid/seed27,0.02999999999999936,True,False,duration,9.999999999999831,,,,1.204763100436956,1.2047631004369563,0.5580848937982049,3.3099999999999734,3.3099999999999734,-8.3385,0,200,200,29,0.145,3,0.15000000000000002,,,False
aeb,1549178,iid,,28,0.1,source_batch/1549178/iid/seed28,0.0,True,False,duration,9.999999999999831,,,,1.5528550052170764,1.5528550052170766,0.6375036305211272,3.279999999999974,3.279999999999974,-8.3385,0,200,200,13,0.065,2,0.1,,,False
aeb,1549178,iid,,29,0.1,source_batch/1549178/iid/seed29,0.0,True,False,duration,9.999999999999831,,,,1.5528550052170764,1.5528550052170766,0.6375036305211272,3.279999999999974,3.279999999999974,-8.3385,0,200,200,25,0.125,2,0.1,,,False
aeb,1549178,iid,,30,0.1,source_batch/1549178/iid/seed30,0.0,True,False,duration,9.999999999999831,,,,1.5528550052170764,1.5528550052170766,0.6375036305211272,3.279999999999974,3.279999999999974,-8.3385,0,200,200,18,0.09,1,0.05,,,False
aeb,1549178,iid,,31,0.1,source_batch/1549178/iid/seed31,0.0,True,False,duration,9.999999999999831,,,,1.5528550052170764,1.5528550052170766,0.6375036305211272,3.279999999999974,3.279999999999974,-8.3385,0,200,200,19,0.095,3,0.15000000000000002,,,False
aeb,1549178,iid,,32,0.1,source_batch/1549178/iid/seed32,0.02999999999999936,True,False,duration,9.999999999999831,,,,1.204763100436956,1.2047631004369563,0.5580848937982049,3.3099999999999734,3.3099999999999734,-8.3385,0,200,200,24,0.12,2,0.1,,,False
aeb,1549178,iid,,33,0.1,source_batch/1549178/iid/seed33,0.0,True,False,duration,9.999999999999831,,,,1.5528550052170764,1.5528550052170766,0.6375036305211272,3.279999999999974,3.279999999999974,-8.3385,0,200,200,14,0.07,1,0.05,,,False
aeb,1549178,iid,,34,0.1,source_batch/1549178/iid/seed34,0.0,True,False,duration,9.999999999999831,,,,1.5528550052170764,1.5528550052170766,0.6375036305211272,3.279999999999974,3.279999999999974,-8.3385,0,200,200,24,0.12,3,0.15000000000000002,,,False
aeb,1549178,iid,,35,0.1,source_batch/1549178/iid/seed35,0.0,True,False,duration,9.999999999999831,,,,1.5528550052170764,1.5528550052170766,0.6375036305211272,3.279999999999974,3.279999999999974,-8.3385,0,200,200,24,0.12,3,0.15000000000000002,,,False
aeb,1549178,iid,,36,0.1,source_batch/1549178/iid/seed36,0.0,True,False,duration,9.999999999999831,,,,1.5528550052170764,1.5528550052170766,0.6375036305211272,3.279999999999974,3.279999999999974,-8.3385,0,200,200,17,0.085,1,0.05,,,False
aeb,1549178,iid,,37,0.1,source_batch/1549178/iid/seed37,0.0,True,False,duration,9.999999999999831,,,,1.5528550052170764,1.5528550052170766,0.6375036305211272,3.279999999999974,3.279999999999974,-8.3385,0,200,200,19,0.095,2,0.1,,,False
aeb,1549178,iid,,38,0.1,source_batch/1549178/iid/seed38,0.0,True,False,duration,9.999999999999831,,,,1.5528550052170764,1.5528550052170766,0.6375036305211272,3.279999999999974,3.279999999999974,-8.3385,0,200,200,21,0.105,1,0.05,,,False
aeb,1549178,iid,,39,0.1,source_batch/1549178/iid/seed39,0.0,True,False,duration,9.999999999999831,,,,1.5528550052170764,1.5528550052170766,0.6375036305211272,3.279999999999974,3.279999999999974,-8.3385,0,200,200,13,0.065,1,0.05,,,False
aeb,1549178,iid,,40,0.1,source_batch/1549178/iid/seed40,0.0,True,False,duration,9.999999999999831,,,,1.5528550052170764,1.5528550052170766,0.6375036305211272,3.279999999999974,3.279999999999974,-8.3385,0,200,200,17,0.085,2,0.1,,,False
aeb,1549178,iid,,41,0.1,source_batch/1549178/iid/seed41,0.0,True,False,duration,9.999999999999831,,,,1.5528550052170764,1.5528550052170766,0.6375036305211272,3.279999999999974,3.279999999999974,-8.3385,0,200,200,28,0.14,2,0.1,,,False
aeb,1549178,iid,,42,0.1,source_batch/1549178/iid/seed42,0.0,True,False,duration,9.999999999999831,,,,1.5528550052170764,1.5528550052170766,0.6375036305211272,3.279999999999974,3.279999999999974,-8.3385,0,200,200,26,0.13,2,0.1,,,False
aeb,1549178,iid,,43,0.1,source_batch/1549178/iid/seed43,0.06999999999999851,True,False,duration,9.999999999999831,,,,0.7400275642597623,0.7400275642597629,0.4527311491695507,3.3499999999999726,3.3499999999999726,-8.3385,0,200,200,14,0.07,2,0.1,,,False
aeb,1549178,iid,,44,0.1,source_batch/1549178/iid/seed44,0.0,True,False,duration,9.999999999999831,,,,1.5528550052170764,1.5528550052170766,0.6375036305211272,3.279999999999974,3.279999999999974,-8.3385,0,200,200,24,0.12,1,0.05,,,False
aeb,1549178,iid,,45,0.1,source_batch/1549178/iid/seed45,0.0,True,False,duration,9.999999999999831,,,,1.5528550052170764,1.5528550052170766,0.6375036305211272,3.279999999999974,3.279999999999974,-8.3385,0,200,200,24,0.12,3,0.15000000000000002,,,False
aeb,1549178,iid,,46,0.1,source_batch/1549178/iid/seed46,0.0,True,False,duration,9.999999999999831,,,,1.5528550052170764,1.5528550052170766,0.6375036305211272,3.279999999999974,3.279999999999974,-8.3385,0,200,200,18,0.09,1,0.05,,,False
aeb,1549178,iid,,47,0.1,source_batch/1549178/iid/seed47,0.0,True,False,duration,9.999999999999831,,,,1.5528550052170764,1.5528550052170766,0.6375036305211272,3.279999999999974,3.279999999999974,-8.3385,0,200,200,21,0.105,3,0.15000000000000002,,,False
aeb,1549178,iid,,48,0.1,source_batch/1549178/iid/seed48,0.0,True,False,duration,9.999999999999831,,,,1.5528550052170764,1.5528550052170766,0.6375036305211272,3.279999999999974,3.279999999999974,-8.3385,0,200,200,16,0.08,1,0.05,,,False
aeb,1549178,iid,,49,0.1,source_batch/1549178/iid/seed49,0.0,True,False,duration,9.999999999999831,,,,1.5528550052170764,1.5528550052170766,0.6375036305211272,3.279999999999974,3.279999999999974,-8.3385,0,200,200,26,0.13,2,0.1,,,False
aeb,1549178,iid,,50,0.1,source_batch/1549178/iid/seed50,0.0,True,False,duration,9.999999999999831,,,,1.5528550052170764,1.5528550052170766,0.6375036305211272,3.279999999999974,3.279999999999974,-8.3385,0,200,200,26,0.13,2,0.1,,,False
aeb,1549178,iid,,51,0.1,source_batch/1549178/iid/seed51,0.0,True,False,duration,9.999999999999831,,,,1.5528550052170764,1.5528550052170766,0.6375036305211272,3.279999999999974,3.279999999999974,-8.3385,0,200,200,19,0.095,2,0.1,,,False
aeb,1549178,iid,,52,0.1,source_batch/1549178/iid/seed52,0.0,True,False,duration,9.999999999999831,,,,1.5528550052170764,1.5528550052170766,0.6375036305211272,3.279999999999974,3.279999999999974,-8.3385,0,200,200,14,0.07,2,0.1,,,False
aeb,1549178,iid,,53,0.1,source_batch/1549178/iid/seed53,0.0,True,False,duration,9.999999999999831,,,,1.5528550052170764,1.5528550052170766,0.6375036305211272,3.279999999999974,3.279999999999974,-8.3385,0,200,200,19,0.095,2,0.1,,,False
aeb,1549178,iid,,54,0.1,source_batch/1549178/iid/seed54,0.0,True,False,duration,9.999999999999831,,,,1.5528550052170764,1.5528550052170766,0.6375036305211272,3.279999999999974,3.279999999999974,-8.3385,0,200,200,27,0.135,3,0.15000000000000002,,,False
aeb,1549178,iid,,55,0.1,source_batch/1549178/iid/seed55,0.0,True,False,duration,9.999999999999831,,,,1.5528550052170764,1.5528550052170766,0.6375036305211272,3.279999999999974,3.279999999999974,-8.3385,0,200,200,16,0.08,2,0.1,,,False
aeb,1549178,iid,,56,0.1,source_batch/1549178/iid/seed56,0.02999999999999936,True,False,duration,9.999999999999831,,,,1.204763100436956,1.2047631004369563,0.5580848937982049,3.3099999999999734,3.3099999999999734,-8.3385,0,200,200,27,0.135,2,0.1,,,False
aeb,1549178,iid,,57,0.1,source_batch/1549178/iid/seed57,0.0,True,False,duration,9.999999999999831,,,,1.5528550052170764,1.5528550052170766,0.6375036305211272,3.279999999999974,3.279999999999974,-8.3385,0,200,200,26,0.13,3,0.15000000000000002,,,False
aeb,1549178,iid,,58,0.1,source_batch/1549178/iid/seed58,0.0,True,False,duration,9.999999999999831,,,,1.5528550052170764,1.5528550052170766,0.6375036305211272,3.279999999999974,3.279999999999974,-8.3385,0,200,200,12,0.06,2,0.1,,,False
aeb,1549178,iid,,59,0.1,source_batch/1549178/iid/seed59,0.02999999999999936,True,False,duration,9.999999999999831,,,,1.204763100436956,1.2047631004369563,0.5580848937982049,3.3099999999999734,3.3099999999999734,-8.3385,0,200,200,12,0.06,1,0.05,,,False
aeb,1549178,iid,,60,0.1,source_batch/1549178/iid/seed60,0.0,True,False,duration,9.999999999999831,,,,1.5528550052170764,1.5528550052170766,0.6375036305211272,3.279999999999974,3.279999999999974,-8.3385,0,200,200,22,0.11,3,0.15000000000000002,,,False
aeb,1549178,iid,,61,0.1,source_batch/1549178/iid/seed61,0.0,True,False,duration,9.999999999999831,,,,1.5528550052170764,1.5528550052170766,0.6375036305211272,3.279999999999974,3.279999999999974,-8.3385,0,200,200,20,0.1,2,0.1,,,False
aeb,1549178,iid,,62,0.1,source_batch/1549178/iid/seed62,0.0,True,False,duration,9.999999999999831,,,,1.5528550052170764,1.5528550052170766,0.6375036305211272,3.279999999999974,3.279999999999974,-8.3385,0,200,200,17,0.085,3,0.15000000000000002,,,False
aeb,1549178,iid,,63,0.1,source_batch/1549178/iid/seed63,0.0,True,False,duration,9.999999999999831,,,,1.5528550052170764,1.5528550052170766,0.6375036305211272,3.279999999999974,3.279999999999974,-8.3385,0,200,200,27,0.135,3,0.15000000000000002,,,False
aeb,1549178,iid,,64,0.1,source_batch/1549178/iid/seed64,0.0,True,False,duration,9.999999999999831,,,,1.5528550052170764,1.5528550052170766,0.6375036305211272,3.279999999999974,3.279999999999974,-8.3385,0,200,200,21,0.105,2,0.1,,,False
aeb,1549178,iid,,65,0.1,source_batch/1549178/iid/seed65,0.0,True,False,duration,9.999999999999831,,,,1.5528550052170764,1.5528550052170766,0.6375036305211272,3.279999999999974,3.279999999999974,-8.3385,0,200,200,16,0.08,2,0.1,,,False
aeb,1549178,iid,,66,0.1,source_batch/1549178/iid/seed66,0.0,True,False,duration,9.999999999999831,,,,1.5528550052170764,1.5528550052170766,0.6375036305211272,3.279999999999974,3.279999999999974,-8.3385,0,200,200,21,0.105,1,0.05,,,False
aeb,1549178,iid,,67,0.1,source_batch/1549178/iid/seed67,0.0,True,False,duration,9.999999999999831,,,,1.5528550052170764,1.5528550052170766,0.6375036305211272,3.279999999999974,3.279999999999974,-8.3385,0,200,200,17,0.085,2,0.1,,,False
aeb,1549178,iid,,68,0.1,source_batch/1549178/iid/seed68,0.0,True,False,duration,9.999999999999831,,,,1.5528550052170764,1.5528550052170766,0.6375036305211272,3.279999999999974,3.279999999999974,-8.3385,0,200,200,22,0.11,1,0.05,,,False
aeb,1549178,iid,,69,0.1,source_batch/1549178/iid/seed69,0.0,True,False,duration,9.999999999999831,,,,1.5528550052170764,1.5528550052170766,0.6375036305211272,3.279999999999974,3.279999999999974,-8.3385,0,200,200,17,0.085,2,0.1,,,False
aeb,1549178,iid,,70,0.1,source_batch/1549178/iid/seed70,0.0,True,False,duration,9.999999999999831,,,,1.5528550052170764,1.5528550052170766,0.6375036305211272,3.279999999999974,3.279999999999974,-8.3385,0,200,200,18,0.09,2,0.1,,,False
aeb,1549178,iid,,71,0.1,source_batch/1549178/iid/seed71,0.0,True,False,duration,9.999999999999831,,,,1.5528550052170764,1.5528550052170766,0.6375036305211272,3.279999999999974,3.279999999999974,-8.3385,0,200,200,24,0.12,3,0.15000000000000002,,,False
aeb,1549178,iid,,72,0.1,source_batch/1549178/iid/seed72,0.0,True,False,duration,9.999999999999831,,,,1.5528550052170764,1.5528550052170766,0.6375036305211272,3.279999999999974,3.279999999999974,-8.3385,0,200,200,13,0.065,2,0.1,,,False
aeb,1549178,iid,,73,0.1,source_batch/1549178/iid/seed73,0.02999999999999936,True,False,duration,9.999999999999831,,,,1.204763100436956,1.2047631004369563,0.5580848937982049,3.3099999999999734,3.3099999999999734,-8.3385,0,200,200,18,0.09,3,0.15000000000000002,,,False
aeb,1549178,iid,,74,0.1,source_batch/1549178/iid/seed74,0.0,True,False,duration,9.999999999999831,,,,1.5528550052170764,1.5528550052170766,0.6375036305211272,3.279999999999974,3.279999999999974,-8.3385,0,200,200,23,0.115,3,0.15000000000000002,,,False
aeb,1549178,iid,,75,0.1,source_batch/1549178/iid/seed75,0.0,True,False,duration,9.999999999999831,,,,1.5528550052170764,1.5528550052170766,0.6375036305211272,3.279999999999974,3.279999999999974,-8.3385,0,200,200,20,0.1,2,0.1,,,False
aeb,1549178,iid,,76,0.1,source_batch/1549178/iid/seed76,0.02999999999999936,True,False,duration,9.999999999999831,,,,1.204763100436956,1.2047631004369563,0.5580848937982049,3.3099999999999734,3.3099999999999734,-8.3385,0,200,200,13,0.065,2,0.1,,,False
aeb,1549178,iid,,77,0.1,source_batch/1549178/iid/seed77,0.0,True,False,duration,9.999999999999831,,,,1.5528550052170764,1.5528550052170766,0.6375036305211272,3.279999999999974,3.279999999999974,-8.3385,0,200,200,29,0.145,2,0.1,,,False
aeb,1549178,iid,,78,0.1,source_batch/1549178/iid/seed78,0.0,True,False,duration,9.999999999999831,,,,1.5528550052170764,1.5528550052170766,0.6375036305211272,3.279999999999974,3.279999999999974,-8.3385,0,200,200,14,0.07,2,0.1,,,False
aeb,1549178,iid,,79,0.1,source_batch/1549178/iid/seed79,0.0,True,False,duration,9.999999999999831,,,,1.5528550052170764,1.5528550052170766,0.6375036305211272,3.279999999999974,3.279999999999974,-8.3385,0,200,200,18,0.09,3,0.15000000000000002,,,False
aeb,1549178,iid,,80,0.1,source_batch/1549178/iid/seed80,0.0,True,False,duration,9.999999999999831,,,,1.5528550052170764,1.5528550052170766,0.6375036305211272,3.279999999999974,3.279999999999974,-8.3385,0,200,200,22,0.11,2,0.1,,,False
aeb,1549178,iid,,81,0.1,source_batch/1549178/iid/seed81,0.0,True,False,duration,9.999999999999831,,,,1.5528550052170764,1.5528550052170766,0.6375036305211272,3.279999999999974,3.279999999999974,-8.3385,0,200,200,19,0.095,3,0.15000000000000002,,,False
aeb,1549178,iid,,82,0.1,source_batch/1549178/iid/seed82,0.0,True,False,duration,9.999999999999831,,,,1.5528550052170764,1.5528550052170766,0.6375036305211272,3.279999999999974,3.279999999999974,-8.3385,0,200,200,13,0.065,2,0.1,,,False
aeb,1549178,iid,,83,0.1,source_batch/1549178/iid/seed83,0.0,True,False,duration,9.999999999999831,,,,1.5528550052170764,1.5528550052170766,0.6375036305211272,3.279999999999974,3.279999999999974,-8.3385,0,200,200,12,0.06,2,0.1,,,False
aeb,1549178,iid,,84,0.1,source_batch/1549178/iid/seed84,0.0,True,False,duration,9.999999999999831,,,,1.5528550052170764,1.5528550052170766,0.6375036305211272,3.279999999999974,3.279999999999974,-8.3385,0,200,200,17,0.085,1,0.05,,,False
aeb,1549178,iid,,85,0.1,source_batch/1549178/iid/seed85,0.0,True,False,duration,9.999999999999831,,,,1.5528550052170764,1.5528550052170766,0.6375036305211272,3.279999999999974,3.279999999999974,-8.3385,0,200,200,23,0.115,2,0.1,,,False
aeb,1549178,iid,,86,0.1,source_batch/1549178/iid/seed86,0.0,True,False,duration,9.999999999999831,,,,1.5528550052170764,1.5528550052170766,0.6375036305211272,3.279999999999974,3.279999999999974,-8.3385,0,200,200,24,0.12,2,0.1,,,False
aeb,1549178,iid,,87,0.1,source_batch/1549178/iid/seed87,0.0,True,False,duration,9.999999999999831,,,,1.5528550052170764,1.5528550052170766,0.6375036305211272,3.279999999999974,3.279999999999974,-8.3385,0,200,200,25,0.125,2,0.1,,,False
aeb,1549178,iid,,88,0.1,source_batch/1549178/iid/seed88,0.0,True,False,duration,9.999999999999831,,,,1.5528550052170764,1.5528550052170766,0.6375036305211272,3.279999999999974,3.279999999999974,-8.3385,0,200,200,23,0.115,2,0.1,,,False
aeb,1549178,iid,,89,0.1,source_batch/1549178/iid/seed89,0.0,True,False,duration,9.999999999999831,,,,1.5528550052170764,1.5528550052170766,0.6375036305211272,3.279999999999974,3.279999999999974,-8.3385,0,200,200,21,0.105,2,0.1,,,False
aeb,1549178,iid,,90,0.1,source_batch/1549178/iid/seed90,0.0,True,False,duration,9.999999999999831,,,,1.5528550052170764,1.5528550052170766,0.6375036305211272,3.279999999999974,3.279999999999974,-8.3385,0,200,200,12,0.06,2,0.1,,,False
aeb,1549178,iid,,91,0.1,source_batch/1549178/iid/seed91,0.0,True,False,duration,9.999999999999831,,,,1.5528550052170764,1.5528550052170766,0.6375036305211272,3.279999999999974,3.279999999999974,-8.3385,0,200,200,23,0.115,3,0.15000000000000002,,,False
aeb,1549178,iid,,92,0.1,source_batch/1549178/iid/seed92,0.0,True,False,duration,9.999999999999831,,,,1.5528550052170764,1.5528550052170766,0.6375036305211272,3.279999999999974,3.279999999999974,-8.3385,0,200,200,21,0.105,2,0.1,,,False
aeb,1549178,iid,,93,0.1,source_batch/1549178/iid/seed93,0.0,True,False,duration,9.999999999999831,,,,1.5528550052170764,1.5528550052170766,0.6375036305211272,3.279999999999974,3.279999999999974,-8.3385,0,200,200,15,0.075,2,0.1,,,False
aeb,1549178,iid,,94,0.1,source_batch/1549178/iid/seed94,0.0,True,False,duration,9.999999999999831,,,,1.5528550052170764,1.5528550052170766,0.6375036305211272,3.279999999999974,3.279999999999974,-8.3385,0,200,200,18,0.09,2,0.1,,,False
aeb,1549178,iid,,95,0.1,source_batch/1549178/iid/seed95,0.0,True,False,duration,9.999999999999831,,,,1.5528550052170764,1.5528550052170766,0.6375036305211272,3.279999999999974,3.279999999999974,-8.3385,0,200,200,20,0.1,2,0.1,,,False
aeb,1549178,iid,,96,0.1,source_batch/1549178/iid/seed96,0.0,True,False,duration,9.999999999999831,,,,1.5528550052170764,1.5528550052170766,0.6375036305211272,3.279999999999974,3.279999999999974,-8.3385,0,200,200,18,0.09,3,0.15000000000000002,,,False
aeb,1549178,iid,,97,0.1,source_batch/1549178/iid/seed97,0.0,True,False,duration,9.999999999999831,,,,1.5528550052170764,1.5528550052170766,0.6375036305211272,3.279999999999974,3.279999999999974,-8.3385,0,200,200,16,0.08,2,0.1,,,False
aeb,1549178,iid,,98,0.1,source_batch/1549178/iid/seed98,0.0,True,False,duration,9.999999999999831,,,,1.5528550052170764,1.5528550052170766,0.6375036305211272,3.279999999999974,3.279999999999974,-8.3385,0,200,200,20,0.1,2,0.1,,,False
aeb,1549178,iid,,99,0.1,source_batch/1549178/iid/seed99,0.02999999999999936,True,False,duration,9.999999999999831,,,,1.204763100436956,1.2047631004369563,0.5580848937982049,3.3099999999999734,3.3099999999999734,-8.3385,0,200,200,18,0.09,1,0.05,,,False
aeb,1549178,markov,0.2,0,0.1,source_batch/1549178/markov_0.2s/seed0,0.0,True,False,duration,9.999999999999831,,,,1.5528550052170764,1.5528550052170766,0.6375036305211272,3.279999999999974,3.279999999999974,-8.3385,0,200,200,33,0.165,11,0.55,0.165,11,False
aeb,1549178,markov,0.2,1,0.1,source_batch/1549178/markov_0.2s/seed1,0.0,True,False,duration,9.999999999999831,,,,1.5528550052170764,1.5528550052170766,0.6375036305211272,3.279999999999974,3.279999999999974,-8.3385,0,200,200,24,0.12,13,0.65,0.12,13,False
aeb,1549178,markov,0.2,2,0.1,source_batch/1549178/markov_0.2s/seed2,0.0,True,False,duration,9.999999999999831,,,,1.5528550052170764,1.5528550052170766,0.6375036305211272,3.279999999999974,3.279999999999974,-8.3385,0,200,200,16,0.08,7,0.35000000000000003,0.08,7,False
aeb,1549178,markov,0.2,3,0.1,source_batch/1549178/markov_0.2s/seed3,0.0,True,False,duration,9.999999999999831,,,,1.5528550052170764,1.5528550052170766,0.6375036305211272,3.279999999999974,3.279999999999974,-8.3385,0,200,200,11,0.055,4,0.2,0.055,4,False
aeb,1549178,markov,0.2,4,0.1,source_batch/1549178/markov_0.2s/seed4,0.0,True,False,duration,9.999999999999831,,,,1.5528550052170764,1.5528550052170766,0.6375036305211272,3.279999999999974,3.279999999999974,-8.3385,0,200,200,38,0.19,9,0.45,0.19,9,False
aeb,1549178,markov,0.2,5,0.1,source_batch/1549178/markov_0.2s/seed5,0.0,True,False,duration,9.999999999999831,,,,1.5528550052170764,1.5528550052170766,0.6375036305211272,3.279999999999974,3.279999999999974,-8.3385,0,200,200,19,0.095,6,0.30000000000000004,0.095,6,False
aeb,1549178,markov,0.2,6,0.1,source_batch/1549178/markov_0.2s/seed6,0.0,True,False,duration,9.999999999999831,,,,1.5528550052170764,1.5528550052170766,0.6375036305211272,3.279999999999974,3.279999999999974,-8.3385,0,200,200,32,0.16,12,0.6000000000000001,0.16,12,False
aeb,1549178,markov,0.2,7,0.1,source_batch/1549178/markov_0.2s/seed7,0.0,True,False,duration,9.999999999999831,,,,1.5528550052170764,1.5528550052170766,0.6375036305211272,3.279999999999974,3.279999999999974,-8.3385,0,200,200,15,0.075,6,0.30000000000000004,0.075,6,False
aeb,1549178,markov,0.2,8,0.1,source_batch/1549178/markov_0.2s/seed8,0.0,True,False,duration,9.999999999999831,,,,1.5528550052170764,1.5528550052170766,0.6375036305211272,3.279999999999974,3.279999999999974,-8.3385,0,200,200,21,0.105,6,0.30000000000000004,0.105,6,False
aeb,1549178,markov,0.2,9,0.1,source_batch/1549178/markov_0.2s/seed9,0.0,True,False,duration,9.999999999999831,,,,1.5528550052170764,1.5528550052170766,0.6375036305211272,3.279999999999974,3.279999999999974,-8.3385,0,200,200,29,0.145,18,0.9,0.145,18,False
aeb,1549178,markov,0.2,10,0.1,source_batch/1549178/markov_0.2s/seed10,0.0,True,False,duration,9.999999999999831,,,,1.5528550052170764,1.5528550052170766,0.6375036305211272,3.279999999999974,3.279999999999974,-8.3385,0,200,200,47,0.235,13,0.65,0.235,13,False
aeb,1549178,markov,0.2,11,0.1,source_batch/1549178/markov_0.2s/seed11,0.0,True,False,duration,9.999999999999831,,,,1.5528550052170764,1.5528550052170766,0.6375036305211272,3.279999999999974,3.279999999999974,-8.3385,0,200,200,35,0.175,9,0.45,0.175,9,False
aeb,1549178,markov,0.2,12,0.1,source_batch/1549178/markov_0.2s/seed12,0.0,True,False,duration,9.999999999999831,,,,1.5528550052170764,1.5528550052170766,0.6375036305211272,3.279999999999974,3.279999999999974,-8.3385,0,200,200,11,0.055,3,0.15000000000000002,0.055,3,False
aeb,1549178,markov,0.2,13,0.1,source_batch/1549178/markov_0.2s/seed13,0.0,True,False,duration,9.999999999999831,,,,1.5528550052170764,1.5528550052170766,0.6375036305211272,3.279999999999974,3.279999999999974,-8.3385,0,200,200,10,0.05,4,0.2,0.05,4,False
aeb,1549178,markov,0.2,14,0.1,source_batch/1549178/markov_0.2s/seed14,0.0,True,False,duration,9.999999999999831,,,,1.5528550052170764,1.5528550052170766,0.6375036305211272,3.279999999999974,3.279999999999974,-8.3385,0,200,200,36,0.18,7,0.35000000000000003,0.18,7,False
aeb,1549178,markov,0.2,15,0.1,source_batch/1549178/markov_0.2s/seed15,0.0,True,False,duration,9.999999999999831,,,,1.5528550052170764,1.5528550052170766,0.6375036305211272,3.279999999999974,3.279999999999974,-8.3385,0,200,200,18,0.09,5,0.25,0.09,5,False
aeb,1549178,markov,0.2,16,0.1,source_batch/1549178/markov_0.2s/seed16,0.0,True,False,duration,9.999999999999831,,,,1.5528550052170764,1.5528550052170766,0.6375036305211272,3.279999999999974,3.279999999999974,-8.3385,0,200,200,35,0.175,11,0.55,0.175,11,False
aeb,1549178,markov,0.2,17,0.1,source_batch/1549178/markov_0.2s/seed17,0.0,True,False,duration,9.999999999999831,,,,1.5528550052170764,1.5528550052170766,0.6375036305211272,3.279999999999974,3.279999999999974,-8.3385,0,200,200,9,0.045,5,0.25,0.045,5,False
aeb,1549178,markov,0.2,18,0.1,source_batch/1549178/markov_0.2s/seed18,0.02999999999999936,True,False,duration,9.999999999999831,,,,1.204763100436956,1.2047631004369563,0.5580848937982049,3.3099999999999734,3.3099999999999734,-8.3385,0,200,200,16,0.08,8,0.4,0.08,8,False
aeb,1549178,markov,0.2,19,0.1,source_batch/1549178/markov_0.2s/seed19,0.0,True,False,duration,9.999999999999831,,,,1.5528550052170764,1.5528550052170766,0.6375036305211272,3.279999999999974,3.279999999999974,-8.3385,0,200,200,13,0.065,5,0.25,0.065,5,False
aeb,1549178,markov,0.2,20,0.1,source_batch/1549178/markov_0.2s/seed20,0.0,True,False,duration,9.999999999999831,,,,1.5528550052170764,1.5528550052170766,0.6375036305211272,3.279999999999974,3.279999999999974,-8.3385,0,200,200,26,0.13,7,0.35000000000000003,0.13,7,False
aeb,1549178,markov,0.2,21,0.1,source_batch/1549178/markov_0.2s/seed21,0.0,True,False,duration,9.999999999999831,,,,1.5528550052170764,1.5528550052170766,0.6375036305211272,3.279999999999974,3.279999999999974,-8.3385,0,200,200,26,0.13,7,0.35000000000000003,0.13,7,False
aeb,1549178,markov,0.2,22,0.1,source_batch/1549178/markov_0.2s/seed22,0.0,True,False,duration,9.999999999999831,,,,1.5528550052170764,1.5528550052170766,0.6375036305211272,3.279999999999974,3.279999999999974,-8.3385,0,200,200,18,0.09,7,0.35000000000000003,0.09,7,False
aeb,1549178,markov,0.2,23,0.1,source_batch/1549178/markov_0.2s/seed23,0.0,True,False,duration,9.999999999999831,,,,1.5528550052170764,1.5528550052170766,0.6375036305211272,3.279999999999974,3.279999999999974,-8.3385,0,200,200,12,0.06,5,0.25,0.06,5,False
aeb,1549178,markov,0.2,24,0.1,source_batch/1549178/markov_0.2s/seed24,0.0,True,False,duration,9.999999999999831,,,,1.5528550052170764,1.5528550052170766,0.6375036305211272,3.279999999999974,3.279999999999974,-8.3385,0,200,200,14,0.07,7,0.35000000000000003,0.07,7,False
aeb,1549178,markov,0.2,25,0.1,source_batch/1549178/markov_0.2s/seed25,0.0,True,False,duration,9.999999999999831,,,,1.5528550052170764,1.5528550052170766,0.6375036305211272,3.279999999999974,3.279999999999974,-8.3385,0,200,200,25,0.125,9,0.45,0.125,9,False
aeb,1549178,markov,0.2,26,0.1,source_batch/1549178/markov_0.2s/seed26,0.0,True,False,duration,9.999999999999831,,,,1.5528550052170764,1.5528550052170766,0.6375036305211272,3.279999999999974,3.279999999999974,-8.3385,0,200,200,4,0.02,2,0.1,0.02,2,False
aeb,1549178,markov,0.2,27,0.1,source_batch/1549178/markov_0.2s/seed27,0.0,True,False,duration,9.999999999999831,,,,1.5528550052170764,1.5528550052170766,0.6375036305211272,3.279999999999974,3.279999999999974,-8.3385,0,200,200,14,0.07,6,0.30000000000000004,0.07,6,False
aeb,1549178,markov,0.2,28,0.1,source_batch/1549178/markov_0.2s/seed28,0.0,True,False,duration,9.999999999999831,,,,1.5528550052170764,1.5528550052170766,0.6375036305211272,3.279999999999974,3.279999999999974,-8.3385,0,200,200,39,0.195,17,0.8500000000000001,0.195,17,False
aeb,1549178,markov,0.2,29,0.1,source_batch/1549178/markov_0.2s/seed29,0.0,True,False,duration,9.999999999999831,,,,1.5528550052170764,1.5528550052170766,0.6375036305211272,3.279999999999974,3.279999999999974,-8.3385,0,200,200,25,0.125,17,0.8500000000000001,0.125,17,False
aeb,1549178,markov,0.2,30,0.1,source_batch/1549178/markov_0.2s/seed30,0.0,True,False,duration,9.999999999999831,,,,1.5528550052170764,1.5528550052170766,0.6375036305211272,3.279999999999974,3.279999999999974,-8.3385,0,200,200,26,0.13,6,0.30000000000000004,0.13,6,False
aeb,1549178,markov,0.2,31,0.1,source_batch/1549178/markov_0.2s/seed31,0.0,True,False,duration,9.999999999999831,,,,1.5528550052170764,1.5528550052170766,0.6375036305211272,3.279999999999974,3.279999999999974,-8.3385,0,200,200,10,0.05,4,0.2,0.05,4,False
aeb,1549178,markov,0.2,32,0.1,source_batch/1549178/markov_0.2s/seed32,0.0,True,False,duration,9.999999999999831,,,,1.5528550052170764,1.5528550052170766,0.6375036305211272,3.279999999999974,3.279999999999974,-8.3385,0,200,200,19,0.095,6,0.30000000000000004,0.095,6,False
aeb,1549178,markov,0.2,33,0.1,source_batch/1549178/markov_0.2s/seed33,0.0,True,False,duration,9.999999999999831,,,,1.5528550052170764,1.5528550052170766,0.6375036305211272,3.279999999999974,3.279999999999974,-8.3385,0,200,200,34,0.17,17,0.8500000000000001,0.17,17,False
aeb,1549178,markov,0.2,34,0.1,source_batch/1549178/markov_0.2s/seed34,0.0,True,False,duration,9.999999999999831,,,,1.5528550052170764,1.5528550052170766,0.6375036305211272,3.279999999999974,3.279999999999974,-8.3385,0,200,200,33,0.165,13,0.65,0.165,13,False
aeb,1549178,markov,0.2,35,0.1,source_batch/1549178/markov_0.2s/seed35,0.16999999999999638,True,True,collision,4.809999999999942,4.809999999999942,4.272443937965463,2.2724439684082944,0,-0.013413125163940443,0,3.4499999999999704,3.4499999999999704,-8.3385,4.272443937965463,97,97,12,0.12371134020618557,6,0.30000000000000004,0.12371134020618557,6,False
aeb,1549178,markov,0.2,36,0.1,source_batch/1549178/markov_0.2s/seed36,0.0,True,False,duration,9.999999999999831,,,,1.5528550052170764,1.5528550052170766,0.6375036305211272,3.279999999999974,3.279999999999974,-8.3385,0,200,200,6,0.03,5,0.25,0.03,5,False
aeb,1549178,markov,0.2,37,0.1,source_batch/1549178/markov_0.2s/seed37,0.0,True,False,duration,9.999999999999831,,,,1.5528550052170764,1.5528550052170766,0.6375036305211272,3.279999999999974,3.279999999999974,-8.3385,0,200,200,22,0.11,9,0.45,0.11,9,False
aeb,1549178,markov,0.2,38,0.1,source_batch/1549178/markov_0.2s/seed38,0.0,True,False,duration,9.999999999999831,,,,1.5528550052170764,1.5528550052170766,0.6375036305211272,3.279999999999974,3.279999999999974,-8.3385,0,200,200,23,0.115,14,0.7000000000000001,0.115,14,False
aeb,1549178,markov,0.2,39,0.1,source_batch/1549178/markov_0.2s/seed39,0.0,True,False,duration,9.999999999999831,,,,1.5528550052170764,1.5528550052170766,0.6375036305211272,3.279999999999974,3.279999999999974,-8.3385,0,200,200,7,0.035,5,0.25,0.035,5,False
aeb,1549178,markov,0.2,40,0.1,source_batch/1549178/markov_0.2s/seed40,0.0,True,False,duration,9.999999999999831,,,,1.5528550052170764,1.5528550052170766,0.6375036305211272,3.279999999999974,3.279999999999974,-8.3385,0,200,200,29,0.145,6,0.30000000000000004,0.145,6,False
aeb,1549178,markov,0.2,41,0.1,source_batch/1549178/markov_0.2s/seed41,0.7199999999999847,True,True,collision,4.349999999999952,4.349999999999952,12.27740393796545,8.277403998865326,0,-0.0699335801740153,0,3.9999999999999587,3.9999999999999587,-4.8641250000000005,12.27740393796545,87,87,31,0.3563218390804598,17,0.8500000000000001,0.3563218390804598,17,False
aeb,1549178,markov,0.2,42,0.1,source_batch/1549178/markov_0.2s/seed42,0.16999999999999638,True,True,collision,4.809999999999942,4.809999999999942,4.272443937965463,2.2724439684082944,0,-0.013413125163940443,0,3.4499999999999704,3.4499999999999704,-8.3385,4.272443937965463,97,97,6,0.061855670103092786,5,0.25,0.061855670103092786,5,False
aeb,1549178,markov,0.2,43,0.1,source_batch/1549178/markov_0.2s/seed43,0.0,True,False,duration,9.999999999999831,,,,1.5528550052170764,1.5528550052170766,0.6375036305211272,3.279999999999974,3.279999999999974,-8.3385,0,200,200,10,0.05,3,0.15000000000000002,0.05,3,False
aeb,1549178,markov,0.2,44,0.1,source_batch/1549178/markov_0.2s/seed44,0.0,True,False,duration,9.999999999999831,,,,1.5528550052170764,1.5528550052170766,0.6375036305211272,3.279999999999974,3.279999999999974,-8.3385,0,200,200,30,0.15,16,0.8,0.15,16,False
aeb,1549178,markov,0.2,45,0.1,source_batch/1549178/markov_0.2s/seed45,0.0,True,False,duration,9.999999999999831,,,,1.5528550052170764,1.5528550052170766,0.6375036305211272,3.279999999999974,3.279999999999974,-8.3385,0,200,200,22,0.11,8,0.4,0.11,8,False
aeb,1549178,markov,0.2,46,0.1,source_batch/1549178/markov_0.2s/seed46,0.0,True,False,duration,9.999999999999831,,,,1.5528550052170764,1.5528550052170766,0.6375036305211272,3.279999999999974,3.279999999999974,-8.3385,0,200,200,36,0.18,13,0.65,0.18,13,False
aeb,1549178,markov,0.2,47,0.1,source_batch/1549178/markov_0.2s/seed47,0.0,True,False,duration,9.999999999999831,,,,1.5528550052170764,1.5528550052170766,0.6375036305211272,3.279999999999974,3.279999999999974,-8.3385,0,200,200,20,0.1,14,0.7000000000000001,0.1,14,False
aeb,1549178,markov,0.2,48,0.1,source_batch/1549178/markov_0.2s/seed48,0.0,True,False,duration,9.999999999999831,,,,1.5528550052170764,1.5528550052170766,0.6375036305211272,3.279999999999974,3.279999999999974,-8.3385,0,200,200,19,0.095,6,0.30000000000000004,0.095,6,False
aeb,1549178,markov,0.2,49,0.1,source_batch/1549178/markov_0.2s/seed49,0.0,True,False,duration,9.999999999999831,,,,1.5528550052170764,1.5528550052170766,0.6375036305211272,3.279999999999974,3.279999999999974,-8.3385,0,200,200,10,0.05,8,0.4,0.05,8,False
aeb,1549178,markov,0.2,50,0.1,source_batch/1549178/markov_0.2s/seed50,0.0,True,False,duration,9.999999999999831,,,,1.5528550052170764,1.5528550052170766,0.6375036305211272,3.279999999999974,3.279999999999974,-8.3385,0,200,200,23,0.115,10,0.5,0.115,10,False
aeb,1549178,markov,0.2,51,0.1,source_batch/1549178/markov_0.2s/seed51,0.0,True,False,duration,9.999999999999831,,,,1.5528550052170764,1.5528550052170766,0.6375036305211272,3.279999999999974,3.279999999999974,-8.3385,0,200,200,4,0.02,4,0.2,0.02,4,False
aeb,1549178,markov,0.2,52,0.1,source_batch/1549178/markov_0.2s/seed52,0.0,True,False,duration,9.999999999999831,,,,1.5528550052170764,1.5528550052170766,0.6375036305211272,3.279999999999974,3.279999999999974,-8.3385,0,200,200,9,0.045,9,0.45,0.045,9,False
aeb,1549178,markov,0.2,53,0.1,source_batch/1549178/markov_0.2s/seed53,0.0,True,False,duration,9.999999999999831,,,,1.5528550052170764,1.5528550052170766,0.6375036305211272,3.279999999999974,3.279999999999974,-8.3385,0,200,200,32,0.16,9,0.45,0.16,9,False
aeb,1549178,markov,0.2,54,0.1,source_batch/1549178/markov_0.2s/seed54,0.0,True,False,duration,9.999999999999831,,,,1.5528550052170764,1.5528550052170766,0.6375036305211272,3.279999999999974,3.279999999999974,-8.3385,0,200,200,31,0.155,10,0.5,0.155,10,False
aeb,1549178,markov,0.2,55,0.1,source_batch/1549178/markov_0.2s/seed55,0.0,True,False,duration,9.999999999999831,,,,1.5528550052170764,1.5528550052170766,0.6375036305211272,3.279999999999974,3.279999999999974,-8.3385,0,200,200,22,0.11,11,0.55,0.11,11,False
aeb,1549178,markov,0.2,56,0.1,source_batch/1549178/markov_0.2s/seed56,0.0,True,False,duration,9.999999999999831,,,,1.5528550052170764,1.5528550052170766,0.6375036305211272,3.279999999999974,3.279999999999974,-8.3385,0,200,200,29,0.145,15,0.75,0.145,15,False
aeb,1549178,markov,0.2,57,0.1,source_batch/1549178/markov_0.2s/seed57,0.0,True,False,duration,9.999999999999831,,,,1.5528550052170764,1.5528550052170766,0.6375036305211272,3.279999999999974,3.279999999999974,-8.3385,0,200,200,38,0.19,18,0.9,0.19,18,False
aeb,1549178,markov,0.2,58,0.1,source_batch/1549178/markov_0.2s/seed58,0.0,True,False,duration,9.999999999999831,,,,1.5528550052170764,1.5528550052170766,0.6375036305211272,3.279999999999974,3.279999999999974,-8.3385,0,200,200,6,0.03,2,0.1,0.03,2,False
aeb,1549178,markov,0.2,59,0.1,source_batch/1549178/markov_0.2s/seed59,0.0,True,False,duration,9.999999999999831,,,,1.5528550052170764,1.5528550052170766,0.6375036305211272,3.279999999999974,3.279999999999974,-8.3385,0,200,200,34,0.17,18,0.9,0.17,18,False
aeb,1549178,markov,0.2,60,0.1,source_batch/1549178/markov_0.2s/seed60,0.0,True,False,duration,9.999999999999831,,,,1.5528550052170764,1.5528550052170766,0.6375036305211272,3.279999999999974,3.279999999999974,-8.3385,0,200,200,19,0.095,9,0.45,0.095,9,False
aeb,1549178,markov,0.2,61,0.1,source_batch/1549178/markov_0.2s/seed61,0.0,True,False,duration,9.999999999999831,,,,1.5528550052170764,1.5528550052170766,0.6375036305211272,3.279999999999974,3.279999999999974,-8.3385,0,200,200,7,0.035,7,0.35000000000000003,0.035,7,False
aeb,1549178,markov,0.2,62,0.1,source_batch/1549178/markov_0.2s/seed62,0.06999999999999851,True,False,duration,9.999999999999831,,,,0.7400275642597623,0.7400275642597629,0.4527311491695507,3.3499999999999726,3.3499999999999726,-8.3385,0,200,200,40,0.2,11,0.55,0.2,11,False
aeb,1549178,markov,0.2,63,0.1,source_batch/1549178/markov_0.2s/seed63,0.0,True,False,duration,9.999999999999831,,,,1.5528550052170764,1.5528550052170766,0.6375036305211272,3.279999999999974,3.279999999999974,-8.3385,0,200,200,8,0.04,3,0.15000000000000002,0.04,3,False
aeb,1549178,markov,0.2,64,0.1,source_batch/1549178/markov_0.2s/seed64,0.0,True,False,duration,9.999999999999831,,,,1.5528550052170764,1.5528550052170766,0.6375036305211272,3.279999999999974,3.279999999999974,-8.3385,0,200,200,25,0.125,12,0.6000000000000001,0.125,12,False
aeb,1549178,markov,0.2,65,0.1,source_batch/1549178/markov_0.2s/seed65,0.0,True,False,duration,9.999999999999831,,,,1.5528550052170764,1.5528550052170766,0.6375036305211272,3.279999999999974,3.279999999999974,-8.3385,0,200,200,7,0.035,7,0.35000000000000003,0.035,7,False
aeb,1549178,markov,0.2,66,0.1,source_batch/1549178/markov_0.2s/seed66,0.0,True,False,duration,9.999999999999831,,,,1.5528550052170764,1.5528550052170766,0.6375036305211272,3.279999999999974,3.279999999999974,-8.3385,0,200,200,34,0.17,15,0.75,0.17,15,False
aeb,1549178,markov,0.2,67,0.1,source_batch/1549178/markov_0.2s/seed67,0.0,True,False,duration,9.999999999999831,,,,1.5528550052170764,1.5528550052170766,0.6375036305211272,3.279999999999974,3.279999999999974,-8.3385,0,200,200,17,0.085,9,0.45,0.085,9,False
aeb,1549178,markov,0.2,68,0.1,source_batch/1549178/markov_0.2s/seed68,0.0,True,False,duration,9.999999999999831,,,,1.5528550052170764,1.5528550052170766,0.6375036305211272,3.279999999999974,3.279999999999974,-8.3385,0,200,200,22,0.11,10,0.5,0.11,10,False
aeb,1549178,markov,0.2,69,0.1,source_batch/1549178/markov_0.2s/seed69,0.0,True,False,duration,9.999999999999831,,,,1.5528550052170764,1.5528550052170766,0.6375036305211272,3.279999999999974,3.279999999999974,-8.3385,0,200,200,17,0.085,5,0.25,0.085,5,False
aeb,1549178,markov,0.2,70,0.1,source_batch/1549178/markov_0.2s/seed70,0.0,True,False,duration,9.999999999999831,,,,1.5528550052170764,1.5528550052170766,0.6375036305211272,3.279999999999974,3.279999999999974,-8.3385,0,200,200,12,0.06,4,0.2,0.06,4,False
aeb,1549178,markov,0.2,71,0.1,source_batch/1549178/markov_0.2s/seed71,0.0,True,False,duration,9.999999999999831,,,,1.5528550052170764,1.5528550052170766,0.6375036305211272,3.279999999999974,3.279999999999974,-8.3385,0,200,200,22,0.11,6,0.30000000000000004,0.11,6,False
aeb,1549178,markov,0.2,72,0.1,source_batch/1549178/markov_0.2s/seed72,0.0,True,False,duration,9.999999999999831,,,,1.5528550052170764,1.5528550052170766,0.6375036305211272,3.279999999999974,3.279999999999974,-8.3385,0,200,200,24,0.12,8,0.4,0.12,8,False
aeb,1549178,markov,0.2,73,0.1,source_batch/1549178/markov_0.2s/seed73,0.0,True,False,duration,9.999999999999831,,,,1.5528550052170764,1.5528550052170766,0.6375036305211272,3.279999999999974,3.279999999999974,-8.3385,0,200,200,14,0.07,8,0.4,0.07,8,False
aeb,1549178,markov,0.2,74,0.1,source_batch/1549178/markov_0.2s/seed74,0.0,True,False,duration,9.999999999999831,,,,1.5528550052170764,1.5528550052170766,0.6375036305211272,3.279999999999974,3.279999999999974,-8.3385,0,200,200,14,0.07,6,0.30000000000000004,0.07,6,False
aeb,1549178,markov,0.2,75,0.1,source_batch/1549178/markov_0.2s/seed75,0.0,True,False,duration,9.999999999999831,,,,1.5528550052170764,1.5528550052170766,0.6375036305211272,3.279999999999974,3.279999999999974,-8.3385,0,200,200,17,0.085,6,0.30000000000000004,0.085,6,False
aeb,1549178,markov,0.2,76,0.1,source_batch/1549178/markov_0.2s/seed76,0.0,True,False,duration,9.999999999999831,,,,1.5528550052170764,1.5528550052170766,0.6375036305211272,3.279999999999974,3.279999999999974,-8.3385,0,200,200,18,0.09,7,0.35000000000000003,0.09,7,False
aeb,1549178,markov,0.2,77,0.1,source_batch/1549178/markov_0.2s/seed77,0.0,True,False,duration,9.999999999999831,,,,1.5528550052170764,1.5528550052170766,0.6375036305211272,3.279999999999974,3.279999999999974,-8.3385,0,200,200,22,0.11,7,0.35000000000000003,0.11,7,False
aeb,1549178,markov,0.2,78,0.1,source_batch/1549178/markov_0.2s/seed78,0.11999999999999744,True,False,duration,9.999999999999831,,,,0.16227709817705896,0.16227709817705982,0.14039735387967625,3.3999999999999715,3.3999999999999715,-8.3385,0,200,200,17,0.085,10,0.5,0.085,10,False
aeb,1549178,markov,0.2,79,0.1,source_batch/1549178/markov_0.2s/seed79,0.0,True,False,duration,9.999999999999831,,,,1.5528550052170764,1.5528550052170766,0.6375036305211272,3.279999999999974,3.279999999999974,-8.3385,0,200,200,36,0.18,11,0.55,0.18,11,False
aeb,1549178,markov,0.2,80,0.1,source_batch/1549178/markov_0.2s/seed80,0.0,True,False,duration,9.999999999999831,,,,1.5528550052170764,1.5528550052170766,0.6375036305211272,3.279999999999974,3.279999999999974,-8.3385,0,200,200,27,0.135,19,0.9500000000000001,0.135,19,False
aeb,1549178,markov,0.2,81,0.1,source_batch/1549178/markov_0.2s/seed81,0.0,True,False,duration,9.999999999999831,,,,1.5528550052170764,1.5528550052170766,0.6375036305211272,3.279999999999974,3.279999999999974,-8.3385,0,200,200,14,0.07,4,0.2,0.07,4,False
aeb,1549178,markov,0.2,82,0.1,source_batch/1549178/markov_0.2s/seed82,0.0,True,False,duration,9.999999999999831,,,,1.5528550052170764,1.5528550052170766,0.6375036305211272,3.279999999999974,3.279999999999974,-8.3385,0,200,200,36,0.18,13,0.65,0.18,13,False
aeb,1549178,markov,0.2,83,0.1,source_batch/1549178/markov_0.2s/seed83,0.0,True,False,duration,9.999999999999831,,,,1.5528550052170764,1.5528550052170766,0.6375036305211272,3.279999999999974,3.279999999999974,-8.3385,0,200,200,20,0.1,11,0.55,0.1,11,False
aeb,1549178,markov,0.2,84,0.1,source_batch/1549178/markov_0.2s/seed84,0.0,True,False,duration,9.999999999999831,,,,1.5528550052170764,1.5528550052170766,0.6375036305211272,3.279999999999974,3.279999999999974,-8.3385,0,200,200,6,0.03,3,0.15000000000000002,0.03,3,False
aeb,1549178,markov,0.2,85,0.1,source_batch/1549178/markov_0.2s/seed85,0.0,True,False,duration,9.999999999999831,,,,1.5528550052170764,1.5528550052170766,0.6375036305211272,3.279999999999974,3.279999999999974,-8.3385,0,200,200,13,0.065,7,0.35000000000000003,0.065,7,False
aeb,1549178,markov,0.2,86,0.1,source_batch/1549178/markov_0.2s/seed86,0.0,True,False,duration,9.999999999999831,,,,1.5528550052170764,1.5528550052170766,0.6375036305211272,3.279999999999974,3.279999999999974,-8.3385,0,200,200,11,0.055,4,0.2,0.055,4,False
aeb,1549178,markov,0.2,87,0.1,source_batch/1549178/markov_0.2s/seed87,0.0,True,False,duration,9.999999999999831,,,,1.5528550052170764,1.5528550052170766,0.6375036305211272,3.279999999999974,3.279999999999974,-8.3385,0,200,200,22,0.11,9,0.45,0.11,9,False
aeb,1549178,markov,0.2,88,0.1,source_batch/1549178/markov_0.2s/seed88,0.0,True,False,duration,9.999999999999831,,,,1.5528550052170764,1.5528550052170766,0.6375036305211272,3.279999999999974,3.279999999999974,-8.3385,0,200,200,9,0.045,4,0.2,0.045,4,False
aeb,1549178,markov,0.2,89,0.1,source_batch/1549178/markov_0.2s/seed89,0.0,True,False,duration,9.999999999999831,,,,1.5528550052170764,1.5528550052170766,0.6375036305211272,3.279999999999974,3.279999999999974,-8.3385,0,200,200,40,0.2,13,0.65,0.2,13,False
aeb,1549178,markov,0.2,90,0.1,source_batch/1549178/markov_0.2s/seed90,0.0,True,False,duration,9.999999999999831,,,,1.5528550052170764,1.5528550052170766,0.6375036305211272,3.279999999999974,3.279999999999974,-8.3385,0,200,200,12,0.06,6,0.30000000000000004,0.06,6,False
aeb,1549178,markov,0.2,91,0.1,source_batch/1549178/markov_0.2s/seed91,0.26999999999999424,True,True,collision,4.569999999999947,4.569999999999947,7.1075339379654565,4.107533983640007,0,-0.011500409127358502,0,3.5499999999999683,3.5499999999999683,-8.3385,7.1075339379654565,92,92,11,0.11956521739130435,9,0.45,0.11956521739130435,9,False
aeb,1549178,markov,0.2,92,0.1,source_batch/1549178/markov_0.2s/seed92,0.0,True,False,duration,9.999999999999831,,,,1.5528550052170764,1.5528550052170766,0.6375036305211272,3.279999999999974,3.279999999999974,-8.3385,0,200,200,22,0.11,9,0.45,0.11,9,False
aeb,1549178,markov,0.2,93,0.1,source_batch/1549178/markov_0.2s/seed93,0.0,True,False,duration,9.999999999999831,,,,1.5528550052170764,1.5528550052170766,0.6375036305211272,3.279999999999974,3.279999999999974,-8.3385,0,200,200,0,0,0,0,0,0,False
aeb,1549178,markov,0.2,94,0.1,source_batch/1549178/markov_0.2s/seed94,0.0,True,False,duration,9.999999999999831,,,,1.5528550052170764,1.5528550052170766,0.6375036305211272,3.279999999999974,3.279999999999974,-8.3385,0,200,200,31,0.155,8,0.4,0.155,8,False
aeb,1549178,markov,0.2,95,0.1,source_batch/1549178/markov_0.2s/seed95,0.0,True,False,duration,9.999999999999831,,,,1.5528550052170764,1.5528550052170766,0.6375036305211272,3.279999999999974,3.279999999999974,-8.3385,0,200,200,15,0.075,5,0.25,0.075,5,False
aeb,1549178,markov,0.2,96,0.1,source_batch/1549178/markov_0.2s/seed96,0.0,True,False,duration,9.999999999999831,,,,1.5528550052170764,1.5528550052170766,0.6375036305211272,3.279999999999974,3.279999999999974,-8.3385,0,200,200,35,0.175,10,0.5,0.175,10,False
aeb,1549178,markov,0.2,97,0.1,source_batch/1549178/markov_0.2s/seed97,0.0,True,False,duration,9.999999999999831,,,,1.5528550052170764,1.5528550052170766,0.6375036305211272,3.279999999999974,3.279999999999974,-8.3385,0,200,200,11,0.055,4,0.2,0.055,4,False
aeb,1549178,markov,0.2,98,0.1,source_batch/1549178/markov_0.2s/seed98,0.0,True,False,duration,9.999999999999831,,,,1.5528550052170764,1.5528550052170766,0.6375036305211272,3.279999999999974,3.279999999999974,-8.3385,0,200,200,39,0.195,10,0.5,0.195,10,False
aeb,1549178,markov,0.2,99,0.1,source_batch/1549178/markov_0.2s/seed99,0.0,True,False,duration,9.999999999999831,,,,1.5528550052170764,1.5528550052170766,0.6375036305211272,3.279999999999974,3.279999999999974,-8.3385,0,200,200,12,0.06,5,0.25,0.06,5,False
aeb,1549178,markov,0.5,0,0.1,source_batch/1549178/markov_0.5s/seed0,0.0,True,False,duration,9.999999999999831,,,,1.5528550052170764,1.5528550052170766,0.6375036305211272,3.279999999999974,3.279999999999974,-8.3385,0,200,200,62,0.31,53,2.6500000000000004,0.31,53,False
aeb,1549178,markov,0.5,1,0.1,source_batch/1549178/markov_0.5s/seed1,0.0,True,False,duration,9.999999999999831,,,,1.5528550052170764,1.5528550052170766,0.6375036305211272,3.279999999999974,3.279999999999974,-8.3385,0,200,200,6,0.03,6,0.30000000000000004,0.03,6,False
aeb,1549178,markov,0.5,2,0.1,source_batch/1549178/markov_0.5s/seed2,0.0,True,False,duration,9.999999999999831,,,,1.5528550052170764,1.5528550052170766,0.6375036305211272,3.279999999999974,3.279999999999974,-8.3385,0,200,200,28,0.14,15,0.75,0.14,15,False
aeb,1549178,markov,0.5,3,0.1,source_batch/1549178/markov_0.5s/seed3,0.0,True,False,duration,9.999999999999831,,,,1.5528550052170764,1.5528550052170766,0.6375036305211272,3.279999999999974,3.279999999999974,-8.3385,0,200,200,66,0.33,30,1.5,0.33,30,False
aeb,1549178,markov,0.5,4,0.1,source_batch/1549178/markov_0.5s/seed4,0.0,True,False,duration,9.999999999999831,,,,1.5528550052170764,1.5528550052170766,0.6375036305211272,3.279999999999974,3.279999999999974,-8.3385,0,200,200,9,0.045,5,0.25,0.045,5,False
aeb,1549178,markov,0.5,5,0.1,source_batch/1549178/markov_0.5s/seed5,0.0,True,False,duration,9.999999999999831,,,,1.5528550052170764,1.5528550052170766,0.6375036305211272,3.279999999999974,3.279999999999974,-8.3385,0,200,200,12,0.06,5,0.25,0.06,5,False
aeb,1549178,markov,0.5,6,0.1,source_batch/1549178/markov_0.5s/seed6,0.0,True,False,duration,9.999999999999831,,,,1.5528550052170764,1.5528550052170766,0.6375036305211272,3.279999999999974,3.279999999999974,-8.3385,0,200,200,41,0.205,20,1,0.205,20,False
aeb,1549178,markov,0.5,7,0.1,source_batch/1549178/markov_0.5s/seed7,0.0,True,False,duration,9.999999999999831,,,,1.5528550052170764,1.5528550052170766,0.6375036305211272,3.279999999999974,3.279999999999974,-8.3385,0,200,200,7,0.035,6,0.30000000000000004,0.035,6,False
aeb,1549178,markov,0.5,8,0.1,source_batch/1549178/markov_0.5s/seed8,0.0,True,False,duration,9.999999999999831,,,,1.5528550052170764,1.5528550052170766,0.6375036305211272,3.279999999999974,3.279999999999974,-8.3385,0,200,200,31,0.155,31,1.55,0.155,31,False
aeb,1549178,markov,0.5,9,0.1,source_batch/1549178/markov_0.5s/seed9,0.0,True,False,duration,9.999999999999831,,,,1.5528550052170764,1.5528550052170766,0.6375036305211272,3.279999999999974,3.279999999999974,-8.3385,0,200,200,64,0.32,20,1,0.32,20,False
aeb,1549178,markov,0.5,10,0.1,source_batch/1549178/markov_0.5s/seed10,0.26999999999999424,True,True,collision,4.569999999999947,4.569999999999947,7.1075339379654565,4.107533983640007,0,-0.011500409127358502,0,3.5499999999999683,3.5499999999999683,-8.3385,7.1075339379654565,92,92,33,0.358695652173913,17,0.8500000000000001,0.358695652173913,17,False
aeb,1549178,markov,0.5,11,0.1,source_batch/1549178/markov_0.5s/seed11,0.0,True,False,duration,9.999999999999831,,,,1.5528550052170764,1.5528550052170766,0.6375036305211272,3.279999999999974,3.279999999999974,-8.3385,0,200,200,25,0.125,17,0.8500000000000001,0.125,17,False
aeb,1549178,markov,0.5,12,0.1,source_batch/1549178/markov_0.5s/seed12,0.0,True,False,duration,9.999999999999831,,,,1.5528550052170764,1.5528550052170766,0.6375036305211272,3.279999999999974,3.279999999999974,-8.3385,0,200,200,81,0.405,44,2.2,0.405,44,False
aeb,1549178,markov,0.5,13,0.1,source_batch/1549178/markov_0.5s/seed13,0.0,True,False,duration,9.999999999999831,,,,1.5528550052170764,1.5528550052170766,0.6375036305211272,3.279999999999974,3.279999999999974,-8.3385,0,200,200,5,0.025,5,0.25,0.025,5,False
aeb,1549178,markov,0.5,14,0.1,source_batch/1549178/markov_0.5s/seed14,0.0,True,False,duration,9.999999999999831,,,,1.5528550052170764,1.5528550052170766,0.6375036305211272,3.279999999999974,3.279999999999974,-8.3385,0,200,200,56,0.28,35,1.75,0.28,35,False
aeb,1549178,markov,0.5,15,0.1,source_batch/1549178/markov_0.5s/seed15,0.0,True,False,duration,9.999999999999831,,,,1.5528550052170764,1.5528550052170766,0.6375036305211272,3.279999999999974,3.279999999999974,-8.3385,0,200,200,8,0.04,4,0.2,0.04,4,False
aeb,1549178,markov,0.5,16,0.1,source_batch/1549178/markov_0.5s/seed16,0.0,True,False,duration,9.999999999999831,,,,1.5528550052170764,1.5528550052170766,0.6375036305211272,3.279999999999974,3.279999999999974,-8.3385,0,200,200,31,0.155,21,1.05,0.155,21,False
aeb,1549178,markov,0.5,17,0.1,source_batch/1549178/markov_0.5s/seed17,0.0,True,False,duration,9.999999999999831,,,,1.5528550052170764,1.5528550052170766,0.6375036305211272,3.279999999999974,3.279999999999974,-8.3385,0,200,200,0,0,0,0,0,0,False
aeb,1549178,markov,0.5,18,0.1,source_batch/1549178/markov_0.5s/seed18,0.41999999999999105,True,True,collision,4.42999999999995,4.42999999999995,9.525698937965451,6.363421325938606,0,-0.027144769282189785,0,3.699999999999965,3.699999999999965,-8.3385,9.525698937965451,89,89,19,0.21348314606741572,10,0.5,0.21348314606741572,10,False
aeb,1549178,markov,0.5,19,0.1,source_batch/1549178/markov_0.5s/seed19,0.6699999999999857,True,True,collision,4.349999999999952,4.349999999999952,12.01335143796545,8.013351498865326,0,-0.01973495635748801,0,3.9499999999999598,3.9499999999999598,-5.559000000000002,12.01335143796545,87,87,59,0.6781609195402298,59,2.95,0.6781609195402298,59,False
aeb,1549178,markov,0.5,20,0.1,source_batch/1549178/markov_0.5s/seed20,0.0,True,False,duration,9.999999999999831,,,,1.5528550052170764,1.5528550052170766,0.6375036305211272,3.279999999999974,3.279999999999974,-8.3385,0,200,200,17,0.085,9,0.45,0.085,9,False
aeb,1549178,markov,0.5,21,0.1,source_batch/1549178/markov_0.5s/seed21,0.0,True,False,duration,9.999999999999831,,,,1.5528550052170764,1.5528550052170766,0.6375036305211272,3.279999999999974,3.279999999999974,-8.3385,0,200,200,34,0.17,15,0.75,0.17,15,False
aeb,1549178,markov,0.5,22,0.1,source_batch/1549178/markov_0.5s/seed22,0.0,True,False,duration,9.999999999999831,,,,1.5528550052170764,1.5528550052170766,0.6375036305211272,3.279999999999974,3.279999999999974,-8.3385,0,200,200,10,0.05,4,0.2,0.05,4,False
aeb,1549178,markov,0.5,23,0.1,source_batch/1549178/markov_0.5s/seed23,0.0,True,False,duration,9.999999999999831,,,,1.5528550052170764,1.5528550052170766,0.6375036305211272,3.279999999999974,3.279999999999974,-8.3385,0,200,200,48,0.24,22,1.1,0.24,22,False
aeb,1549178,markov,0.5,24,0.1,source_batch/1549178/markov_0.5s/seed24,0.0,True,False,duration,9.999999999999831,,,,1.5528550052170764,1.5528550052170766,0.6375036305211272,3.279999999999974,3.279999999999974,-8.3385,0,200,200,11,0.055,11,0.55,0.055,11,False
aeb,1549178,markov,0.5,25,0.1,source_batch/1549178/markov_0.5s/seed25,0.0,True,False,duration,9.999999999999831,,,,1.5528550052170764,1.5528550052170766,0.6375036305211272,3.279999999999974,3.279999999999974,-8.3385,0,200,200,50,0.25,31,1.55,0.25,31,False
aeb,1549178,markov,0.5,26,0.1,source_batch/1549178/markov_0.5s/seed26,0.0,True,False,duration,9.999999999999831,,,,1.5528550052170764,1.5528550052170766,0.6375036305211272,3.279999999999974,3.279999999999974,-8.3385,0,200,200,77,0.385,57,2.85,0.385,57,False
aeb,1549178,markov,0.5,27,0.1,source_batch/1549178/markov_0.5s/seed27,0.0,True,False,duration,9.999999999999831,,,,1.5528550052170764,1.5528550052170766,0.6375036305211272,3.279999999999974,3.279999999999974,-8.3385,0,200,200,31,0.155,18,0.9,0.155,18,False
aeb,1549178,markov,0.5,28,0.1,source_batch/1549178/markov_0.5s/seed28,0.0,True,False,duration,9.999999999999831,,,,1.5528550052170764,1.5528550052170766,0.6375036305211272,3.279999999999974,3.279999999999974,-8.3385,0,200,200,25,0.125,20,1,0.125,20,False
aeb,1549178,markov,0.5,29,0.1,source_batch/1549178/markov_0.5s/seed29,0.0,True,False,duration,9.999999999999831,,,,1.5528550052170764,1.5528550052170766,0.6375036305211272,3.279999999999974,3.279999999999974,-8.3385,0,200,200,0,0,0,0,0,0,False
aeb,1549178,markov,0.5,30,0.1,source_batch/1549178/markov_0.5s/seed30,0.0,True,False,duration,9.999999999999831,,,,1.5528550052170764,1.5528550052170766,0.6375036305211272,3.279999999999974,3.279999999999974,-8.3385,0,200,200,4,0.02,4,0.2,0.02,4,False
aeb,1549178,markov,0.5,31,0.1,source_batch/1549178/markov_0.5s/seed31,0.0,True,False,duration,9.999999999999831,,,,1.5528550052170764,1.5528550052170766,0.6375036305211272,3.279999999999974,3.279999999999974,-8.3385,0,200,200,7,0.035,7,0.35000000000000003,0.035,7,False
aeb,1549178,markov,0.5,32,0.1,source_batch/1549178/markov_0.5s/seed32,0.0,True,False,duration,9.999999999999831,,,,1.5528550052170764,1.5528550052170766,0.6375036305211272,3.279999999999974,3.279999999999974,-8.3385,0,200,200,14,0.07,6,0.30000000000000004,0.07,6,False
aeb,1549178,markov,0.5,33,0.1,source_batch/1549178/markov_0.5s/seed33,0.0,True,False,duration,9.999999999999831,,,,1.5528550052170764,1.5528550052170766,0.6375036305211272,3.279999999999974,3.279999999999974,-8.3385,0,200,200,23,0.115,17,0.8500000000000001,0.115,17,False
aeb,1549178,markov,0.5,34,0.1,source_batch/1549178/markov_0.5s/seed34,0.0,True,False,duration,9.999999999999831,,,,1.5528550052170764,1.5528550052170766,0.6375036305211272,3.279999999999974,3.279999999999974,-8.3385,0,200,200,5,0.025,4,0.2,0.025,4,False
aeb,1549178,markov,0.5,35,0.1,source_batch/1549178/markov_0.5s/seed35,0.0,True,False,duration,9.999999999999831,,,,1.5528550052170764,1.5528550052170766,0.6375036305211272,3.279999999999974,3.279999999999974,-8.3385,0,200,200,20,0.1,11,0.55,0.1,11,False
aeb,1549178,markov,0.5,36,0.1,source_batch/1549178/markov_0.5s/seed36,0.0,True,False,duration,9.999999999999831,,,,1.5528550052170764,1.5528550052170766,0.6375036305211272,3.279999999999974,3.279999999999974,-8.3385,0,200,200,1,0.005,1,0.05,0.005,1,False
aeb,1549178,markov,0.5,37,0.1,source_batch/1549178/markov_0.5s/seed37,0.0,True,False,duration,9.999999999999831,,,,1.5528550052170764,1.5528550052170766,0.6375036305211272,3.279999999999974,3.279999999999974,-8.3385,0,200,200,36,0.18,29,1.4500000000000002,0.18,29,False
aeb,1549178,markov,0.5,38,0.1,source_batch/1549178/markov_0.5s/seed38,0.0,True,False,duration,9.999999999999831,,,,1.5528550052170764,1.5528550052170766,0.6375036305211272,3.279999999999974,3.279999999999974,-8.3385,0,200,200,19,0.095,15,0.75,0.095,15,False
aeb,1549178,markov,0.5,39,0.1,source_batch/1549178/markov_0.5s/seed39,0.16999999999999638,True,True,collision,4.809999999999942,4.809999999999942,4.272443937965463,2.2724439684082944,0,-0.013413125163940443,0,3.4499999999999704,3.4499999999999704,-8.3385,4.272443937965463,97,97,13,0.13402061855670103,13,0.65,0.13402061855670103,13,False
aeb,1549178,markov,0.5,40,0.1,source_batch/1549178/markov_0.5s/seed40,0.0,True,False,duration,9.999999999999831,,,,1.5528550052170764,1.5528550052170766,0.6375036305211272,3.279999999999974,3.279999999999974,-8.3385,0,200,200,15,0.075,6,0.30000000000000004,0.075,6,False
aeb,1549178,markov,0.5,41,0.1,source_batch/1549178/markov_0.5s/seed41,0.0,True,False,duration,9.999999999999831,,,,1.5528550052170764,1.5528550052170766,0.6375036305211272,3.279999999999974,3.279999999999974,-8.3385,0,200,200,36,0.18,18,0.9,0.18,18,False
aeb,1549178,markov,0.5,42,0.1,source_batch/1549178/markov_0.5s/seed42,0.3199999999999932,True,True,collision,4.509999999999948,4.509999999999948,8.024768937965455,5.024768983635031,0,-0.019543290071423414,0,3.5999999999999672,3.5999999999999672,-8.3385,8.024768937965455,91,91,9,0.0989010989010989,8,0.4,0.0989010989010989,8,False
aeb,1549178,markov,0.5,43,0.1,source_batch/1549178/markov_0.5s/seed43,0.0,True,False,duration,9.999999999999831,,,,1.5528550052170764,1.5528550052170766,0.6375036305211272,3.279999999999974,3.279999999999974,-8.3385,0,200,200,18,0.09,8,0.4,0.09,8,False
aeb,1549178,markov,0.5,44,0.1,source_batch/1549178/markov_0.5s/seed44,0.0,True,False,duration,9.999999999999831,,,,1.5528550052170764,1.5528550052170766,0.6375036305211272,3.279999999999974,3.279999999999974,-8.3385,0,200,200,0,0,0,0,0,0,False
aeb,1549178,markov,0.5,45,0.1,source_batch/1549178/markov_0.5s/seed45,0.0,True,False,duration,9.999999999999831,,,,1.5528550052170764,1.5528550052170766,0.6375036305211272,3.279999999999974,3.279999999999974,-8.3385,0,200,200,6,0.03,5,0.25,0.03,5,False
aeb,1549178,markov,0.5,46,0.1,source_batch/1549178/markov_0.5s/seed46,0.0,True,False,duration,9.999999999999831,,,,1.5528550052170764,1.5528550052170766,0.6375036305211272,3.279999999999974,3.279999999999974,-8.3385,0,200,200,23,0.115,10,0.5,0.115,10,False
aeb,1549178,markov,0.5,47,0.1,source_batch/1549178/markov_0.5s/seed47,0.0,True,False,duration,9.999999999999831,,,,1.5528550052170764,1.5528550052170766,0.6375036305211272,3.279999999999974,3.279999999999974,-8.3385,0,200,200,6,0.03,4,0.2,0.03,4,False
aeb,1549178,markov,0.5,48,0.1,source_batch/1549178/markov_0.5s/seed48,0.0,True,False,duration,9.999999999999831,,,,1.5528550052170764,1.5528550052170766,0.6375036305211272,3.279999999999974,3.279999999999974,-8.3385,0,200,200,8,0.04,4,0.2,0.04,4,False
aeb,1549178,markov,0.5,49,0.1,source_batch/1549178/markov_0.5s/seed49,0.0,True,False,duration,9.999999999999831,,,,1.5528550052170764,1.5528550052170766,0.6375036305211272,3.279999999999974,3.279999999999974,-8.3385,0,200,200,1,0.005,1,0.05,0.005,1,False
aeb,1549178,markov,0.5,50,0.1,source_batch/1549178/markov_0.5s/seed50,0.0,True,False,duration,9.999999999999831,,,,1.5528550052170764,1.5528550052170766,0.6375036305211272,3.279999999999974,3.279999999999974,-8.3385,0,200,200,33,0.165,16,0.8,0.165,16,False
aeb,1549178,markov,0.5,51,0.1,source_batch/1549178/markov_0.5s/seed51,0.0,True,False,duration,9.999999999999831,,,,1.5528550052170764,1.5528550052170766,0.6375036305211272,3.279999999999974,3.279999999999974,-8.3385,0,200,200,0,0,0,0,0,0,False
aeb,1549178,markov,0.5,52,0.1,source_batch/1549178/markov_0.5s/seed52,0.0,True,False,duration,9.999999999999831,,,,1.5528550052170764,1.5528550052170766,0.6375036305211272,3.279999999999974,3.279999999999974,-8.3385,0,200,200,0,0,0,0,0,0,False
aeb,1549178,markov,0.5,53,0.1,source_batch/1549178/markov_0.5s/seed53,0.0,True,False,duration,9.999999999999831,,,,1.5528550052170764,1.5528550052170766,0.6375036305211272,3.279999999999974,3.279999999999974,-8.3385,0,200,200,16,0.08,12,0.6000000000000001,0.08,12,False
aeb,1549178,markov,0.5,54,0.1,source_batch/1549178/markov_0.5s/seed54,0.0,True,False,duration,9.999999999999831,,,,1.5528550052170764,1.5528550052170766,0.6375036305211272,3.279999999999974,3.279999999999974,-8.3385,0,200,200,26,0.13,17,0.8500000000000001,0.13,17,False
aeb,1549178,markov,0.5,55,0.1,source_batch/1549178/markov_0.5s/seed55,0.0,True,False,duration,9.999999999999831,,,,1.5528550052170764,1.5528550052170766,0.6375036305211272,3.279999999999974,3.279999999999974,-8.3385,0,200,200,23,0.115,15,0.75,0.115,15,False
aeb,1549178,markov,0.5,56,0.1,source_batch/1549178/markov_0.5s/seed56,0.0,True,False,duration,9.999999999999831,,,,1.5528550052170764,1.5528550052170766,0.6375036305211272,3.279999999999974,3.279999999999974,-8.3385,0,200,200,17,0.085,9,0.45,0.085,9,False
aeb,1549178,markov,0.5,57,0.1,source_batch/1549178/markov_0.5s/seed57,0.0,True,False,duration,9.999999999999831,,,,1.5528550052170764,1.5528550052170766,0.6375036305211272,3.279999999999974,3.279999999999974,-8.3385,0,200,200,56,0.28,54,2.7,0.28,54,False
aeb,1549178,markov,0.5,58,0.1,source_batch/1549178/markov_0.5s/seed58,0.0,True,False,duration,9.999999999999831,,,,1.5528550052170764,1.5528550052170766,0.6375036305211272,3.279999999999974,3.279999999999974,-8.3385,0,200,200,8,0.04,7,0.35000000000000003,0.04,7,False
aeb,1549178,markov,0.5,59,0.1,source_batch/1549178/markov_0.5s/seed59,0.2199999999999953,True,True,collision,4.659999999999945,4.659999999999945,5.940143937965459,3.7040759945058097,0,-0.013806691048401376,0,3.4999999999999694,3.4999999999999694,-8.3385,5.940143937965459,94,94,14,0.14893617021276595,14,0.7000000000000001,0.14893617021276595,14,False
aeb,1549178,markov,0.5,60,0.1,source_batch/1549178/markov_0.5s/seed60,0.0,True,False,duration,9.999999999999831,,,,1.5528550052170764,1.5528550052170766,0.6375036305211272,3.279999999999974,3.279999999999974,-8.3385,0,200,200,25,0.125,14,0.7000000000000001,0.125,14,False
aeb,1549178,markov,0.5,61,0.1,source_batch/1549178/markov_0.5s/seed61,0.0,True,False,duration,9.999999999999831,,,,1.5528550052170764,1.5528550052170766,0.6375036305211272,3.279999999999974,3.279999999999974,-8.3385,0,200,200,0,0,0,0,0,0,False
aeb,1549178,markov,0.5,62,0.1,source_batch/1549178/markov_0.5s/seed62,0.06999999999999851,True,False,duration,9.999999999999831,,,,0.7400275642597623,0.7400275642597629,0.4527311491695507,3.3499999999999726,3.3499999999999726,-8.3385,0,200,200,39,0.195,11,0.55,0.195,11,False
aeb,1549178,markov,0.5,63,0.1,source_batch/1549178/markov_0.5s/seed63,0.0,True,False,duration,9.999999999999831,,,,1.5528550052170764,1.5528550052170766,0.6375036305211272,3.279999999999974,3.279999999999974,-8.3385,0,200,200,0,0,0,0,0,0,False
aeb,1549178,markov,0.5,64,0.1,source_batch/1549178/markov_0.5s/seed64,0.0,True,False,duration,9.999999999999831,,,,1.5528550052170764,1.5528550052170766,0.6375036305211272,3.279999999999974,3.279999999999974,-8.3385,0,200,200,36,0.18,16,0.8,0.18,16,False
aeb,1549178,markov,0.5,65,0.1,source_batch/1549178/markov_0.5s/seed65,0.0,True,False,duration,9.999999999999831,,,,1.5528550052170764,1.5528550052170766,0.6375036305211272,3.279999999999974,3.279999999999974,-8.3385,0,200,200,0,0,0,0,0,0,False
aeb,1549178,markov,0.5,66,0.1,source_batch/1549178/markov_0.5s/seed66,0.0,True,False,duration,9.999999999999831,,,,1.5528550052170764,1.5528550052170766,0.6375036305211272,3.279999999999974,3.279999999999974,-8.3385,0,200,200,3,0.015,3,0.15000000000000002,0.015,3,False
aeb,1549178,markov,0.5,67,0.1,source_batch/1549178/markov_0.5s/seed67,0.0,True,False,duration,9.999999999999831,,,,1.5528550052170764,1.5528550052170766,0.6375036305211272,3.279999999999974,3.279999999999974,-8.3385,0,200,200,5,0.025,5,0.25,0.025,5,False
aeb,1549178,markov,0.5,68,0.1,source_batch/1549178/markov_0.5s/seed68,0.0,True,False,duration,9.999999999999831,,,,1.5528550052170764,1.5528550052170766,0.6375036305211272,3.279999999999974,3.279999999999974,-8.3385,0,200,200,36,0.18,22,1.1,0.18,22,False
aeb,1549178,markov,0.5,69,0.1,source_batch/1549178/markov_0.5s/seed69,0.0,True,False,duration,9.999999999999831,,,,1.5528550052170764,1.5528550052170766,0.6375036305211272,3.279999999999974,3.279999999999974,-8.3385,0,200,200,12,0.06,8,0.4,0.06,8,False
aeb,1549178,markov,0.5,70,0.1,source_batch/1549178/markov_0.5s/seed70,0.0,True,False,duration,9.999999999999831,,,,1.5528550052170764,1.5528550052170766,0.6375036305211272,3.279999999999974,3.279999999999974,-8.3385,0,200,200,8,0.04,5,0.25,0.04,5,False
aeb,1549178,markov,0.5,71,0.1,source_batch/1549178/markov_0.5s/seed71,0.0,True,False,duration,9.999999999999831,,,,1.5528550052170764,1.5528550052170766,0.6375036305211272,3.279999999999974,3.279999999999974,-8.3385,0,200,200,17,0.085,9,0.45,0.085,9,False
aeb,1549178,markov,0.5,72,0.1,source_batch/1549178/markov_0.5s/seed72,0.0,True,False,duration,9.999999999999831,,,,1.5528550052170764,1.5528550052170766,0.6375036305211272,3.279999999999974,3.279999999999974,-8.3385,0,200,200,6,0.03,5,0.25,0.03,5,False
aeb,1549178,markov,0.5,73,0.1,source_batch/1549178/markov_0.5s/seed73,0.0,True,False,duration,9.999999999999831,,,,1.5528550052170764,1.5528550052170766,0.6375036305211272,3.279999999999974,3.279999999999974,-8.3385,0,200,200,14,0.07,13,0.65,0.07,13,False
aeb,1549178,markov,0.5,74,0.1,source_batch/1549178/markov_0.5s/seed74,0.0,True,False,duration,9.999999999999831,,,,1.5528550052170764,1.5528550052170766,0.6375036305211272,3.279999999999974,3.279999999999974,-8.3385,0,200,200,17,0.085,16,0.8,0.085,16,False
aeb,1549178,markov,0.5,75,0.1,source_batch/1549178/markov_0.5s/seed75,0.0,True,False,duration,9.999999999999831,,,,1.5528550052170764,1.5528550052170766,0.6375036305211272,3.279999999999974,3.279999999999974,-8.3385,0,200,200,10,0.05,6,0.30000000000000004,0.05,6,False
aeb,1549178,markov,0.5,76,0.1,source_batch/1549178/markov_0.5s/seed76,0.0,True,False,duration,9.999999999999831,,,,1.5528550052170764,1.5528550052170766,0.6375036305211272,3.279999999999974,3.279999999999974,-8.3385,0,200,200,21,0.105,18,0.9,0.105,18,False
aeb,1549178,markov,0.5,77,0.1,source_batch/1549178/markov_0.5s/seed77,0.0,True,False,duration,9.999999999999831,,,,1.5528550052170764,1.5528550052170766,0.6375036305211272,3.279999999999974,3.279999999999974,-8.3385,0,200,200,0,0,0,0,0,0,False
aeb,1549178,markov,0.5,78,0.1,source_batch/1549178/markov_0.5s/seed78,0.0,True,False,duration,9.999999999999831,,,,1.5528550052170764,1.5528550052170766,0.6375036305211272,3.279999999999974,3.279999999999974,-8.3385,0,200,200,2,0.01,2,0.1,0.01,2,False
aeb,1549178,markov,0.5,79,0.1,source_batch/1549178/markov_0.5s/seed79,0.0,True,False,duration,9.999999999999831,,,,1.5528550052170764,1.5528550052170766,0.6375036305211272,3.279999999999974,3.279999999999974,-8.3385,0,200,200,30,0.15,12,0.6000000000000001,0.15,12,False
aeb,1549178,markov,0.5,80,0.1,source_batch/1549178/markov_0.5s/seed80,0.3199999999999932,True,True,collision,4.509999999999948,4.509999999999948,8.024768937965455,5.024768983635031,0,-0.019543290071423414,0,3.5999999999999672,3.5999999999999672,-8.3385,8.024768937965455,91,91,31,0.34065934065934067,31,1.55,0.34065934065934067,31,False
aeb,1549178,markov,0.5,81,0.1,source_batch/1549178/markov_0.5s/seed81,0.0,True,False,duration,9.999999999999831,,,,1.5528550052170764,1.5528550052170766,0.6375036305211272,3.279999999999974,3.279999999999974,-8.3385,0,200,200,16,0.08,10,0.5,0.08,10,False
aeb,1549178,markov,0.5,82,0.1,source_batch/1549178/markov_0.5s/seed82,0.0,True,False,duration,9.999999999999831,,,,1.5528550052170764,1.5528550052170766,0.6375036305211272,3.279999999999974,3.279999999999974,-8.3385,0,200,200,21,0.105,10,0.5,0.105,10,False
aeb,1549178,markov,0.5,83,0.1,source_batch/1549178/markov_0.5s/seed83,0.0,True,False,duration,9.999999999999831,,,,1.5528550052170764,1.5528550052170766,0.6375036305211272,3.279999999999974,3.279999999999974,-8.3385,0,200,200,11,0.055,11,0.55,0.055,11,False
aeb,1549178,markov,0.5,84,0.1,source_batch/1549178/markov_0.5s/seed84,0.0,True,False,duration,9.999999999999831,,,,1.5528550052170764,1.5528550052170766,0.6375036305211272,3.279999999999974,3.279999999999974,-8.3385,0,200,200,1,0.005,1,0.05,0.005,1,False
aeb,1549178,markov,0.5,85,0.1,source_batch/1549178/markov_0.5s/seed85,0.0,True,False,duration,9.999999999999831,,,,1.5528550052170764,1.5528550052170766,0.6375036305211272,3.279999999999974,3.279999999999974,-8.3385,0,200,200,28,0.14,15,0.75,0.14,15,False
aeb,1549178,markov,0.5,86,0.1,source_batch/1549178/markov_0.5s/seed86,0.0,True,False,duration,9.999999999999831,,,,1.5528550052170764,1.5528550052170766,0.6375036305211272,3.279999999999974,3.279999999999974,-8.3385,0,200,200,22,0.11,18,0.9,0.11,18,False
aeb,1549178,markov,0.5,87,0.1,source_batch/1549178/markov_0.5s/seed87,0.0,True,False,duration,9.999999999999831,,,,1.5528550052170764,1.5528550052170766,0.6375036305211272,3.279999999999974,3.279999999999974,-8.3385,0,200,200,11,0.055,11,0.55,0.055,11,False
aeb,1549178,markov,0.5,88,0.1,source_batch/1549178/markov_0.5s/seed88,,True,True,collision,4.339999999999952,4.339999999999952,13.15294643796545,9.029840875122964,0,-0.08161536386375712,0,,,0,13.15294643796545,87,87,25,0.28735632183908044,25,1.25,0.28735632183908044,25,False
aeb,1549178,markov,0.5,89,0.1,source_batch/1549178/markov_0.5s/seed89,0.0,True,False,duration,9.999999999999831,,,,1.5528550052170764,1.5528550052170766,0.6375036305211272,3.279999999999974,3.279999999999974,-8.3385,0,200,200,0,0,0,0,0,0,False
aeb,1549178,markov,0.5,90,0.1,source_batch/1549178/markov_0.5s/seed90,0.0,True,False,duration,9.999999999999831,,,,1.5528550052170764,1.5528550052170766,0.6375036305211272,3.279999999999974,3.279999999999974,-8.3385,0,200,200,39,0.195,16,0.8,0.195,16,False
aeb,1549178,markov,0.5,91,0.1,source_batch/1549178/markov_0.5s/seed91,0.0,True,False,duration,9.999999999999831,,,,1.5528550052170764,1.5528550052170766,0.6375036305211272,3.279999999999974,3.279999999999974,-8.3385,0,200,200,0,0,0,0,0,0,False
aeb,1549178,markov,0.5,92,0.1,source_batch/1549178/markov_0.5s/seed92,0.0,True,False,duration,9.999999999999831,,,,1.5528550052170764,1.5528550052170766,0.6375036305211272,3.279999999999974,3.279999999999974,-8.3385,0,200,200,49,0.245,46,2.3000000000000003,0.245,46,False
aeb,1549178,markov,0.5,93,0.1,source_batch/1549178/markov_0.5s/seed93,0.0,True,False,duration,9.999999999999831,,,,1.5528550052170764,1.5528550052170766,0.6375036305211272,3.279999999999974,3.279999999999974,-8.3385,0,200,200,0,0,0,0,0,0,False
aeb,1549178,markov,0.5,94,0.1,source_batch/1549178/markov_0.5s/seed94,0.0,True,False,duration,9.999999999999831,,,,1.5528550052170764,1.5528550052170766,0.6375036305211272,3.279999999999974,3.279999999999974,-8.3385,0,200,200,35,0.175,17,0.8500000000000001,0.175,17,False
aeb,1549178,markov,0.5,95,0.1,source_batch/1549178/markov_0.5s/seed95,0.0,True,False,duration,9.999999999999831,,,,1.5528550052170764,1.5528550052170766,0.6375036305211272,3.279999999999974,3.279999999999974,-8.3385,0,200,200,12,0.06,5,0.25,0.06,5,False
aeb,1549178,markov,0.5,96,0.1,source_batch/1549178/markov_0.5s/seed96,0.02999999999999936,True,False,duration,9.999999999999831,,,,1.204763100436956,1.2047631004369563,0.5580848937982049,3.3099999999999734,3.3099999999999734,-8.3385,0,200,200,56,0.28,14,0.7000000000000001,0.28,14,False
aeb,1549178,markov,0.5,97,0.1,source_batch/1549178/markov_0.5s/seed97,0.0,True,False,duration,9.999999999999831,,,,1.5528550052170764,1.5528550052170766,0.6375036305211272,3.279999999999974,3.279999999999974,-8.3385,0,200,200,21,0.105,21,1.05,0.105,21,False
aeb,1549178,markov,0.5,98,0.1,source_batch/1549178/markov_0.5s/seed98,0.0,True,False,duration,9.999999999999831,,,,1.5528550052170764,1.5528550052170766,0.6375036305211272,3.279999999999974,3.279999999999974,-8.3385,0,200,200,27,0.135,17,0.8500000000000001,0.135,17,False
aeb,1549178,markov,0.5,99,0.1,source_batch/1549178/markov_0.5s/seed99,0.0,True,False,duration,9.999999999999831,,,,1.5528550052170764,1.5528550052170766,0.6375036305211272,3.279999999999974,3.279999999999974,-8.3385,0,200,200,96,0.48,55,2.75,0.48,55,False
aeb,1549178,markov,1.0,0,0.1,source_batch/1549178/markov_1s/seed0,0.0,True,False,duration,9.999999999999831,,,,1.5528550052170764,1.5528550052170766,0.6375036305211272,3.279999999999974,3.279999999999974,-8.3385,0,200,200,9,0.045,9,0.45,0.045,9,False
aeb,1549178,markov,1.0,1,0.1,source_batch/1549178/markov_1s/seed1,0.0,True,False,duration,9.999999999999831,,,,1.5528550052170764,1.5528550052170766,0.6375036305211272,3.279999999999974,3.279999999999974,-8.3385,0,200,200,29,0.145,29,1.4500000000000002,0.145,29,False
aeb,1549178,markov,1.0,2,0.1,source_batch/1549178/markov_1s/seed2,0.0,True,False,duration,9.999999999999831,,,,1.5528550052170764,1.5528550052170766,0.6375036305211272,3.279999999999974,3.279999999999974,-8.3385,0,200,200,51,0.255,39,1.9500000000000002,0.255,39,False
aeb,1549178,markov,1.0,3,0.1,source_batch/1549178/markov_1s/seed3,0.0,True,False,duration,9.999999999999831,,,,1.5528550052170764,1.5528550052170766,0.6375036305211272,3.279999999999974,3.279999999999974,-8.3385,0,200,200,64,0.32,34,1.7000000000000002,0.32,34,False
aeb,1549178,markov,1.0,4,0.1,source_batch/1549178/markov_1s/seed4,0.0,True,False,duration,9.999999999999831,,,,1.5528550052170764,1.5528550052170766,0.6375036305211272,3.279999999999974,3.279999999999974,-8.3385,0,200,200,4,0.02,4,0.2,0.02,4,False
aeb,1549178,markov,1.0,5,0.1,source_batch/1549178/markov_1s/seed5,0.0,True,False,duration,9.999999999999831,,,,1.5528550052170764,1.5528550052170766,0.6375036305211272,3.279999999999974,3.279999999999974,-8.3385,0,200,200,10,0.05,5,0.25,0.05,5,False
aeb,1549178,markov,1.0,6,0.1,source_batch/1549178/markov_1s/seed6,0.0,True,False,duration,9.999999999999831,,,,1.5528550052170764,1.5528550052170766,0.6375036305211272,3.279999999999974,3.279999999999974,-8.3385,0,200,200,65,0.325,44,2.2,0.325,44,False
aeb,1549178,markov,1.0,7,0.1,source_batch/1549178/markov_1s/seed7,0.0,True,False,duration,9.999999999999831,,,,1.5528550052170764,1.5528550052170766,0.6375036305211272,3.279999999999974,3.279999999999974,-8.3385,0,200,200,6,0.03,6,0.30000000000000004,0.03,6,False
aeb,1549178,markov,1.0,8,0.1,source_batch/1549178/markov_1s/seed8,0.0,True,False,duration,9.999999999999831,,,,1.5528550052170764,1.5528550052170766,0.6375036305211272,3.279999999999974,3.279999999999974,-8.3385,0,200,200,0,0,0,0,0,0,False
aeb,1549178,markov,1.0,9,0.1,source_batch/1549178/markov_1s/seed9,0.02999999999999936,True,False,duration,9.999999999999831,,,,1.204763100436956,1.2047631004369563,0.5580848937982049,3.3099999999999734,3.3099999999999734,-8.3385,0,200,200,64,0.32,28,1.4000000000000001,0.32,28,False
aeb,1549178,markov,1.0,10,0.1,source_batch/1549178/markov_1s/seed10,0.26999999999999424,True,True,collision,4.569999999999947,4.569999999999947,7.1075339379654565,4.107533983640007,0,-0.011500409127358502,0,3.5499999999999683,3.5499999999999683,-8.3385,7.1075339379654565,92,92,25,0.2717391304347826,17,0.8500000000000001,0.2717391304347826,17,False
aeb,1549178,markov,1.0,11,0.1,source_batch/1549178/markov_1s/seed11,0.0,True,False,duration,9.999999999999831,,,,1.5528550052170764,1.5528550052170766,0.6375036305211272,3.279999999999974,3.279999999999974,-8.3385,0,200,200,13,0.065,13,0.65,0.065,13,False
aeb,1549178,markov,1.0,12,0.1,source_batch/1549178/markov_1s/seed12,0.06999999999999851,True,False,duration,9.999999999999831,,,,0.7400275642597623,0.7400275642597629,0.4527311491695507,3.3499999999999726,3.3499999999999726,-8.3385,0,200,200,117,0.585,52,2.6,0.585,52,False
aeb,1549178,markov,1.0,13,0.1,source_batch/1549178/markov_1s/seed13,0.0,True,False,duration,9.999999999999831,,,,1.5528550052170764,1.5528550052170766,0.6375036305211272,3.279999999999974,3.279999999999974,-8.3385,0,200,200,5,0.025,5,0.25,0.025,5,False
aeb,1549178,markov,1.0,14,0.1,source_batch/1549178/markov_1s/seed14,0.0,True,False,duration,9.999999999999831,,,,1.5528550052170764,1.5528550052170766,0.6375036305211272,3.279999999999974,3.279999999999974,-8.3385,0,200,200,23,0.115,16,0.8,0.115,16,False
aeb,1549178,markov,1.0,15,0.1,source_batch/1549178/markov_1s/seed15,0.0,True,False,duration,9.999999999999831,,,,1.5528550052170764,1.5528550052170766,0.6375036305211272,3.279999999999974,3.279999999999974,-8.3385,0,200,200,4,0.02,4,0.2,0.02,4,False
aeb,1549178,markov,1.0,16,0.1,source_batch/1549178/markov_1s/seed16,0.0,True,False,duration,9.999999999999831,,,,1.5528550052170764,1.5528550052170766,0.6375036305211272,3.279999999999974,3.279999999999974,-8.3385,0,200,200,0,0,0,0,0,0,False
aeb,1549178,markov,1.0,17,0.1,source_batch/1549178/markov_1s/seed17,0.0,True,False,duration,9.999999999999831,,,,1.5528550052170764,1.5528550052170766,0.6375036305211272,3.279999999999974,3.279999999999974,-8.3385,0,200,200,0,0,0,0,0,0,False
aeb,1549178,markov,1.0,18,0.1,source_batch/1549178/markov_1s/seed18,0.0,True,False,duration,9.999999999999831,,,,1.5528550052170764,1.5528550052170766,0.6375036305211272,3.279999999999974,3.279999999999974,-8.3385,0,200,200,6,0.03,6,0.30000000000000004,0.03,6,False
aeb,1549178,markov,1.0,19,0.1,source_batch/1549178/markov_1s/seed19,,True,True,collision,4.339999999999952,4.339999999999952,13.15294643796545,9.029840875122964,0,-0.08161536386375712,0,,,0,13.15294643796545,87,87,67,0.7701149425287356,67,3.35,0.7701149425287356,67,False
aeb,1549178,markov,1.0,20,0.1,source_batch/1549178/markov_1s/seed20,0.0,True,False,duration,9.999999999999831,,,,1.5528550052170764,1.5528550052170766,0.6375036305211272,3.279999999999974,3.279999999999974,-8.3385,0,200,200,15,0.075,9,0.45,0.075,9,False
aeb,1549178,markov,1.0,21,0.1,source_batch/1549178/markov_1s/seed21,0.0,True,False,duration,9.999999999999831,,,,1.5528550052170764,1.5528550052170766,0.6375036305211272,3.279999999999974,3.279999999999974,-8.3385,0,200,200,15,0.075,8,0.4,0.075,8,False
aeb,1549178,markov,1.0,22,0.1,source_batch/1549178/markov_1s/seed22,0.0,True,False,duration,9.999999999999831,,,,1.5528550052170764,1.5528550052170766,0.6375036305211272,3.279999999999974,3.279999999999974,-8.3385,0,200,200,4,0.02,4,0.2,0.02,4,False
aeb,1549178,markov,1.0,23,0.1,source_batch/1549178/markov_1s/seed23,0.0,True,False,duration,9.999999999999831,,,,1.5528550052170764,1.5528550052170766,0.6375036305211272,3.279999999999974,3.279999999999974,-8.3385,0,200,200,0,0,0,0,0,0,False
aeb,1549178,markov,1.0,24,0.1,source_batch/1549178/markov_1s/seed24,0.0,True,False,duration,9.999999999999831,,,,1.5528550052170764,1.5528550052170766,0.6375036305211272,3.279999999999974,3.279999999999974,-8.3385,0,200,200,11,0.055,11,0.55,0.055,11,False
aeb,1549178,markov,1.0,25,0.1,source_batch/1549178/markov_1s/seed25,0.0,True,False,duration,9.999999999999831,,,,1.5528550052170764,1.5528550052170766,0.6375036305211272,3.279999999999974,3.279999999999974,-8.3385,0,200,200,84,0.42,44,2.2,0.42,44,False
aeb,1549178,markov,1.0,26,0.1,source_batch/1549178/markov_1s/seed26,0.0,True,False,duration,9.999999999999831,,,,1.5528550052170764,1.5528550052170766,0.6375036305211272,3.279999999999974,3.279999999999974,-8.3385,0,200,200,57,0.285,57,2.85,0.285,57,False
aeb,1549178,markov,1.0,27,0.1,source_batch/1549178/markov_1s/seed27,0.0,True,False,duration,9.999999999999831,,,,1.5528550052170764,1.5528550052170766,0.6375036305211272,3.279999999999974,3.279999999999974,-8.3385,0,200,200,18,0.09,18,0.9,0.09,18,False
aeb,1549178,markov,1.0,28,0.1,source_batch/1549178/markov_1s/seed28,0.0,True,False,duration,9.999999999999831,,,,1.5528550052170764,1.5528550052170766,0.6375036305211272,3.279999999999974,3.279999999999974,-8.3385,0,200,200,22,0.11,20,1,0.11,20,False
aeb,1549178,markov,1.0,29,0.1,source_batch/1549178/markov_1s/seed29,0.0,True,False,duration,9.999999999999831,,,,1.5528550052170764,1.5528550052170766,0.6375036305211272,3.279999999999974,3.279999999999974,-8.3385,0,200,200,0,0,0,0,0,0,False
aeb,1549178,markov,1.0,30,0.1,source_batch/1549178/markov_1s/seed30,0.0,True,False,duration,9.999999999999831,,,,1.5528550052170764,1.5528550052170766,0.6375036305211272,3.279999999999974,3.279999999999974,-8.3385,0,200,200,4,0.02,4,0.2,0.02,4,False
aeb,1549178,markov,1.0,31,0.1,source_batch/1549178/markov_1s/seed31,0.0,True,False,duration,9.999999999999831,,,,1.5528550052170764,1.5528550052170766,0.6375036305211272,3.279999999999974,3.279999999999974,-8.3385,0,200,200,0,0,0,0,0,0,False
aeb,1549178,markov,1.0,32,0.1,source_batch/1549178/markov_1s/seed32,0.0,True,False,duration,9.999999999999831,,,,1.5528550052170764,1.5528550052170766,0.6375036305211272,3.279999999999974,3.279999999999974,-8.3385,0,200,200,49,0.245,40,2,0.245,40,False
aeb,1549178,markov,1.0,33,0.1,source_batch/1549178/markov_1s/seed33,0.0,True,False,duration,9.999999999999831,,,,1.5528550052170764,1.5528550052170766,0.6375036305211272,3.279999999999974,3.279999999999974,-8.3385,0,200,200,17,0.085,17,0.8500000000000001,0.085,17,False
aeb,1549178,markov,1.0,34,0.1,source_batch/1549178/markov_1s/seed34,0.0,True,False,duration,9.999999999999831,,,,1.5528550052170764,1.5528550052170766,0.6375036305211272,3.279999999999974,3.279999999999974,-8.3385,0,200,200,14,0.07,14,0.7000000000000001,0.07,14,False
aeb,1549178,markov,1.0,35,0.1,source_batch/1549178/markov_1s/seed35,0.0,True,False,duration,9.999999999999831,,,,1.5528550052170764,1.5528550052170766,0.6375036305211272,3.279999999999974,3.279999999999974,-8.3385,0,200,200,20,0.1,11,0.55,0.1,11,False
aeb,1549178,markov,1.0,36,0.1,source_batch/1549178/markov_1s/seed36,0.0,True,False,duration,9.999999999999831,,,,1.5528550052170764,1.5528550052170766,0.6375036305211272,3.279999999999974,3.279999999999974,-8.3385,0,200,200,0,0,0,0,0,0,False
aeb,1549178,markov,1.0,37,0.1,source_batch/1549178/markov_1s/seed37,0.0,True,False,duration,9.999999999999831,,,,1.5528550052170764,1.5528550052170766,0.6375036305211272,3.279999999999974,3.279999999999974,-8.3385,0,200,200,1,0.005,1,0.05,0.005,1,False
aeb,1549178,markov,1.0,38,0.1,source_batch/1549178/markov_1s/seed38,0.0,True,False,duration,9.999999999999831,,,,1.5528550052170764,1.5528550052170766,0.6375036305211272,3.279999999999974,3.279999999999974,-8.3385,0,200,200,44,0.22,41,2.0500000000000003,0.22,41,False
aeb,1549178,markov,1.0,39,0.1,source_batch/1549178/markov_1s/seed39,0.16999999999999638,True,True,collision,4.809999999999942,4.809999999999942,4.272443937965463,2.2724439684082944,0,-0.013413125163940443,0,3.4499999999999704,3.4499999999999704,-8.3385,4.272443937965463,97,97,13,0.13402061855670103,13,0.65,0.13402061855670103,13,False
aeb,1549178,markov,1.0,40,0.1,source_batch/1549178/markov_1s/seed40,0.0,True,False,duration,9.999999999999831,,,,1.5528550052170764,1.5528550052170766,0.6375036305211272,3.279999999999974,3.279999999999974,-8.3385,0,200,200,6,0.03,6,0.30000000000000004,0.03,6,False
aeb,1549178,markov,1.0,41,0.1,source_batch/1549178/markov_1s/seed41,0.0,True,False,duration,9.999999999999831,,,,1.5528550052170764,1.5528550052170766,0.6375036305211272,3.279999999999974,3.279999999999974,-8.3385,0,200,200,34,0.17,34,1.7000000000000002,0.17,34,False
aeb,1549178,markov,1.0,42,0.1,source_batch/1549178/markov_1s/seed42,,True,True,collision,4.339999999999952,4.339999999999952,13.15294643796545,9.029840875122964,0,-0.08161536386375712,0,,,0,13.15294643796545,87,87,85,0.9770114942528736,62,3.1,0.9770114942528736,62,False
aeb,1549178,markov,1.0,43,0.1,source_batch/1549178/markov_1s/seed43,0.0,True,False,duration,9.999999999999831,,,,1.5528550052170764,1.5528550052170766,0.6375036305211272,3.279999999999974,3.279999999999974,-8.3385,0,200,200,31,0.155,19,0.9500000000000001,0.155,19,False
aeb,1549178,markov,1.0,44,0.1,source_batch/1549178/markov_1s/seed44,0.0,True,False,duration,9.999999999999831,,,,1.5528550052170764,1.5528550052170766,0.6375036305211272,3.279999999999974,3.279999999999974,-8.3385,0,200,200,0,0,0,0,0,0,False
aeb,1549178,markov,1.0,45,0.1,source_batch/1549178/markov_1s/seed45,0.0,True,False,duration,9.999999999999831,,,,1.5528550052170764,1.5528550052170766,0.6375036305211272,3.279999999999974,3.279999999999974,-8.3385,0,200,200,0,0,0,0,0,0,False
aeb,1549178,markov,1.0,46,0.1,source_batch/1549178/markov_1s/seed46,0.0,True,False,duration,9.999999999999831,,,,1.5528550052170764,1.5528550052170766,0.6375036305211272,3.279999999999974,3.279999999999974,-8.3385,0,200,200,18,0.09,10,0.5,0.09,10,False
aeb,1549178,markov,1.0,47,0.1,source_batch/1549178/markov_1s/seed47,0.0,True,False,duration,9.999999999999831,,,,1.5528550052170764,1.5528550052170766,0.6375036305211272,3.279999999999974,3.279999999999974,-8.3385,0,200,200,6,0.03,4,0.2,0.03,4,False
aeb,1549178,markov,1.0,48,0.1,source_batch/1549178/markov_1s/seed48,0.0,True,False,duration,9.999999999999831,,,,1.5528550052170764,1.5528550052170766,0.6375036305211272,3.279999999999974,3.279999999999974,-8.3385,0,200,200,0,0,0,0,0,0,False
aeb,1549178,markov,1.0,49,0.1,source_batch/1549178/markov_1s/seed49,0.0,True,False,duration,9.999999999999831,,,,1.5528550052170764,1.5528550052170766,0.6375036305211272,3.279999999999974,3.279999999999974,-8.3385,0,200,200,32,0.16,32,1.6,0.16,32,False
aeb,1549178,markov,1.0,50,0.1,source_batch/1549178/markov_1s/seed50,0.0,True,False,duration,9.999999999999831,,,,1.5528550052170764,1.5528550052170766,0.6375036305211272,3.279999999999974,3.279999999999974,-8.3385,0,200,200,7,0.035,7,0.35000000000000003,0.035,7,False
aeb,1549178,markov,1.0,51,0.1,source_batch/1549178/markov_1s/seed51,0.0,True,False,duration,9.999999999999831,,,,1.5528550052170764,1.5528550052170766,0.6375036305211272,3.279999999999974,3.279999999999974,-8.3385,0,200,200,0,0,0,0,0,0,False
aeb,1549178,markov,1.0,52,0.1,source_batch/1549178/markov_1s/seed52,0.0,True,False,duration,9.999999999999831,,,,1.5528550052170764,1.5528550052170766,0.6375036305211272,3.279999999999974,3.279999999999974,-8.3385,0,200,200,0,0,0,0,0,0,False
aeb,1549178,markov,1.0,53,0.1,source_batch/1549178/markov_1s/seed53,0.0,True,False,duration,9.999999999999831,,,,1.5528550052170764,1.5528550052170766,0.6375036305211272,3.279999999999974,3.279999999999974,-8.3385,0,200,200,16,0.08,12,0.6000000000000001,0.08,12,False
aeb,1549178,markov,1.0,54,0.1,source_batch/1549178/markov_1s/seed54,0.0,True,False,duration,9.999999999999831,,,,1.5528550052170764,1.5528550052170766,0.6375036305211272,3.279999999999974,3.279999999999974,-8.3385,0,200,200,14,0.07,10,0.5,0.07,10,False
aeb,1549178,markov,1.0,55,0.1,source_batch/1549178/markov_1s/seed55,0.0,True,False,duration,9.999999999999831,,,,1.5528550052170764,1.5528550052170766,0.6375036305211272,3.279999999999974,3.279999999999974,-8.3385,0,200,200,5,0.025,5,0.25,0.025,5,False
aeb,1549178,markov,1.0,56,0.1,source_batch/1549178/markov_1s/seed56,0.819999999999983,True,True,collision,4.339999999999952,4.339999999999952,12.736021437965451,8.612915875122965,0,-0.047587019653057006,0,4.099999999999957,4.099999999999957,-3.3353999999999995,12.736021437965451,87,87,40,0.45977011494252873,20,1,0.45977011494252873,20,False
aeb,1549178,markov,1.0,57,0.1,source_batch/1549178/markov_1s/seed57,0.0,True,False,duration,9.999999999999831,,,,1.5528550052170764,1.5528550052170766,0.6375036305211272,3.279999999999974,3.279999999999974,-8.3385,0,200,200,54,0.27,54,2.7,0.27,54,False
aeb,1549178,markov,1.0,58,0.1,source_batch/1549178/markov_1s/seed58,0.6199999999999868,True,True,collision,4.3599999999999515,4.3599999999999515,11.65062668796545,8.488349075939315,0,-0.041074723097114685,0,3.899999999999961,3.899999999999961,-6.392850000000004,11.65062668796545,88,88,43,0.48863636363636365,43,2.15,0.48863636363636365,43,False
aeb,1549178,markov,1.0,59,0.1,source_batch/1549178/markov_1s/seed59,0.0,True,False,duration,9.999999999999831,,,,1.5528550052170764,1.5528550052170766,0.6375036305211272,3.279999999999974,3.279999999999974,-8.3385,0,200,200,33,0.165,33,1.6500000000000001,0.165,33,False
aeb,1549178,markov,1.0,60,0.1,source_batch/1549178/markov_1s/seed60,0.0,True,False,duration,9.999999999999831,,,,1.5528550052170764,1.5528550052170766,0.6375036305211272,3.279999999999974,3.279999999999974,-8.3385,0,200,200,51,0.255,41,2.0500000000000003,0.255,41,False
aeb,1549178,markov,1.0,61,0.1,source_batch/1549178/markov_1s/seed61,0.0,True,False,duration,9.999999999999831,,,,1.5528550052170764,1.5528550052170766,0.6375036305211272,3.279999999999974,3.279999999999974,-8.3385,0,200,200,0,0,0,0,0,0,False
aeb,1549178,markov,1.0,62,0.1,source_batch/1549178/markov_1s/seed62,0.06999999999999851,True,False,duration,9.999999999999831,,,,0.7400275642597623,0.7400275642597629,0.4527311491695507,3.3499999999999726,3.3499999999999726,-8.3385,0,200,200,34,0.17,11,0.55,0.17,11,False
aeb,1549178,markov,1.0,63,0.1,source_batch/1549178/markov_1s/seed63,0.0,True,False,duration,9.999999999999831,,,,1.5528550052170764,1.5528550052170766,0.6375036305211272,3.279999999999974,3.279999999999974,-8.3385,0,200,200,0,0,0,0,0,0,False
aeb,1549178,markov,1.0,64,0.1,source_batch/1549178/markov_1s/seed64,0.0,True,False,duration,9.999999999999831,,,,1.5528550052170764,1.5528550052170766,0.6375036305211272,3.279999999999974,3.279999999999974,-8.3385,0,200,200,47,0.235,35,1.75,0.235,35,False
aeb,1549178,markov,1.0,65,0.1,source_batch/1549178/markov_1s/seed65,0.0,True,False,duration,9.999999999999831,,,,1.5528550052170764,1.5528550052170766,0.6375036305211272,3.279999999999974,3.279999999999974,-8.3385,0,200,200,0,0,0,0,0,0,False
aeb,1549178,markov,1.0,66,0.1,source_batch/1549178/markov_1s/seed66,0.0,True,False,duration,9.999999999999831,,,,1.5528550052170764,1.5528550052170766,0.6375036305211272,3.279999999999974,3.279999999999974,-8.3385,0,200,200,22,0.11,22,1.1,0.11,22,False
aeb,1549178,markov,1.0,67,0.1,source_batch/1549178/markov_1s/seed67,0.0,True,False,duration,9.999999999999831,,,,1.5528550052170764,1.5528550052170766,0.6375036305211272,3.279999999999974,3.279999999999974,-8.3385,0,200,200,5,0.025,5,0.25,0.025,5,False
aeb,1549178,markov,1.0,68,0.1,source_batch/1549178/markov_1s/seed68,0.0,True,False,duration,9.999999999999831,,,,1.5528550052170764,1.5528550052170766,0.6375036305211272,3.279999999999974,3.279999999999974,-8.3385,0,200,200,10,0.05,10,0.5,0.05,10,False
aeb,1549178,markov,1.0,69,0.1,source_batch/1549178/markov_1s/seed69,0.0,True,False,duration,9.999999999999831,,,,1.5528550052170764,1.5528550052170766,0.6375036305211272,3.279999999999974,3.279999999999974,-8.3385,0,200,200,12,0.06,8,0.4,0.06,8,False
aeb,1549178,markov,1.0,70,0.1,source_batch/1549178/markov_1s/seed70,0.0,True,False,duration,9.999999999999831,,,,1.5528550052170764,1.5528550052170766,0.6375036305211272,3.279999999999974,3.279999999999974,-8.3385,0,200,200,47,0.235,47,2.35,0.235,47,False
aeb,1549178,markov,1.0,71,0.1,source_batch/1549178/markov_1s/seed71,0.0,True,False,duration,9.999999999999831,,,,1.5528550052170764,1.5528550052170766,0.6375036305211272,3.279999999999974,3.279999999999974,-8.3385,0,200,200,53,0.265,45,2.25,0.265,45,False
aeb,1549178,markov,1.0,72,0.1,source_batch/1549178/markov_1s/seed72,0.0,True,False,duration,9.999999999999831,,,,1.5528550052170764,1.5528550052170766,0.6375036305211272,3.279999999999974,3.279999999999974,-8.3385,0,200,200,0,0,0,0,0,0,False
aeb,1549178,markov,1.0,73,0.1,source_batch/1549178/markov_1s/seed73,0.0,True,False,duration,9.999999999999831,,,,1.5528550052170764,1.5528550052170766,0.6375036305211272,3.279999999999974,3.279999999999974,-8.3385,0,200,200,1,0.005,1,0.05,0.005,1,False
aeb,1549178,markov,1.0,74,0.1,source_batch/1549178/markov_1s/seed74,0.0,True,False,duration,9.999999999999831,,,,1.5528550052170764,1.5528550052170766,0.6375036305211272,3.279999999999974,3.279999999999974,-8.3385,0,200,200,0,0,0,0,0,0,False
aeb,1549178,markov,1.0,75,0.1,source_batch/1549178/markov_1s/seed75,0.0,True,False,duration,9.999999999999831,,,,1.5528550052170764,1.5528550052170766,0.6375036305211272,3.279999999999974,3.279999999999974,-8.3385,0,200,200,3,0.015,3,0.15000000000000002,0.015,3,False
aeb,1549178,markov,1.0,76,0.1,source_batch/1549178/markov_1s/seed76,0.0,True,False,duration,9.999999999999831,,,,1.5528550052170764,1.5528550052170766,0.6375036305211272,3.279999999999974,3.279999999999974,-8.3385,0,200,200,18,0.09,18,0.9,0.09,18,False
aeb,1549178,markov,1.0,77,0.1,source_batch/1549178/markov_1s/seed77,0.0,True,False,duration,9.999999999999831,,,,1.5528550052170764,1.5528550052170766,0.6375036305211272,3.279999999999974,3.279999999999974,-8.3385,0,200,200,0,0,0,0,0,0,False
aeb,1549178,markov,1.0,78,0.1,source_batch/1549178/markov_1s/seed78,0.0,True,False,duration,9.999999999999831,,,,1.5528550052170764,1.5528550052170766,0.6375036305211272,3.279999999999974,3.279999999999974,-8.3385,0,200,200,0,0,0,0,0,0,False
aeb,1549178,markov,1.0,79,0.1,source_batch/1549178/markov_1s/seed79,0.0,True,False,duration,9.999999999999831,,,,1.5528550052170764,1.5528550052170766,0.6375036305211272,3.279999999999974,3.279999999999974,-8.3385,0,200,200,13,0.065,9,0.45,0.065,9,False
aeb,1549178,markov,1.0,80,0.1,source_batch/1549178/markov_1s/seed80,0.0,True,False,duration,9.999999999999831,,,,1.5528550052170764,1.5528550052170766,0.6375036305211272,3.279999999999974,3.279999999999974,-8.3385,0,200,200,0,0,0,0,0,0,False
aeb,1549178,markov,1.0,81,0.1,source_batch/1549178/markov_1s/seed81,0.0,True,False,duration,9.999999999999831,,,,1.5528550052170764,1.5528550052170766,0.6375036305211272,3.279999999999974,3.279999999999974,-8.3385,0,200,200,72,0.36,36,1.8,0.36,36,False
aeb,1549178,markov,1.0,82,0.1,source_batch/1549178/markov_1s/seed82,0.0,True,False,duration,9.999999999999831,,,,1.5528550052170764,1.5528550052170766,0.6375036305211272,3.279999999999974,3.279999999999974,-8.3385,0,200,200,57,0.285,27,1.35,0.285,27,False
aeb,1549178,markov,1.0,83,0.1,source_batch/1549178/markov_1s/seed83,0.16999999999999638,True,True,collision,4.809999999999942,4.809999999999942,4.272443937965463,2.2724439684082944,0,-0.013413125163940443,0,3.4499999999999704,3.4499999999999704,-8.3385,4.272443937965463,97,97,22,0.2268041237113402,22,1.1,0.2268041237113402,22,False
aeb,1549178,markov,1.0,84,0.1,source_batch/1549178/markov_1s/seed84,0.0,True,False,duration,9.999999999999831,,,,1.5528550052170764,1.5528550052170766,0.6375036305211272,3.279999999999974,3.279999999999974,-8.3385,0,200,200,7,0.035,7,0.35000000000000003,0.035,7,False
aeb,1549178,markov,1.0,85,0.1,source_batch/1549178/markov_1s/seed85,0.0,True,False,duration,9.999999999999831,,,,1.5528550052170764,1.5528550052170766,0.6375036305211272,3.279999999999974,3.279999999999974,-8.3385,0,200,200,67,0.335,57,2.85,0.335,57,False
aeb,1549178,markov,1.0,86,0.1,source_batch/1549178/markov_1s/seed86,0.0,True,False,duration,9.999999999999831,,,,1.5528550052170764,1.5528550052170766,0.6375036305211272,3.279999999999974,3.279999999999974,-8.3385,0,200,200,23,0.115,18,0.9,0.115,18,False
aeb,1549178,markov,1.0,87,0.1,source_batch/1549178/markov_1s/seed87,0.0,True,False,duration,9.999999999999831,,,,1.5528550052170764,1.5528550052170766,0.6375036305211272,3.279999999999974,3.279999999999974,-8.3385,0,200,200,20,0.1,20,1,0.1,20,False
aeb,1549178,markov,1.0,88,0.1,source_batch/1549178/markov_1s/seed88,,True,True,collision,4.339999999999952,4.339999999999952,13.15294643796545,9.029840875122964,0,-0.08161536386375712,0,,,0,13.15294643796545,87,87,25,0.28735632183908044,25,1.25,0.28735632183908044,25,False
aeb,1549178,markov,1.0,89,0.1,source_batch/1549178/markov_1s/seed89,0.0,True,False,duration,9.999999999999831,,,,1.5528550052170764,1.5528550052170766,0.6375036305211272,3.279999999999974,3.279999999999974,-8.3385,0,200,200,0,0,0,0,0,0,False
aeb,1549178,markov,1.0,90,0.1,source_batch/1549178/markov_1s/seed90,0.9699999999999798,True,True,collision,4.339999999999952,4.339999999999952,13.09040768796545,8.967302125122965,0,-0.07963616425151088,0,4.249999999999954,4.249999999999954,-1.2507750000000004,13.09040768796545,87,87,74,0.8505747126436781,74,3.7,0.8505747126436781,74,False
aeb,1549178,markov,1.0,91,0.1,source_batch/1549178/markov_1s/seed91,0.0,True,False,duration,9.999999999999831,,,,1.5528550052170764,1.5528550052170766,0.6375036305211272,3.279999999999974,3.279999999999974,-8.3385,0,200,200,0,0,0,0,0,0,False
aeb,1549178,markov,1.0,92,0.1,source_batch/1549178/markov_1s/seed92,0.0,True,False,duration,9.999999999999831,,,,1.5528550052170764,1.5528550052170766,0.6375036305211272,3.279999999999974,3.279999999999974,-8.3385,0,200,200,75,0.375,46,2.3000000000000003,0.375,46,False
aeb,1549178,markov,1.0,93,0.1,source_batch/1549178/markov_1s/seed93,0.0,True,False,duration,9.999999999999831,,,,1.5528550052170764,1.5528550052170766,0.6375036305211272,3.279999999999974,3.279999999999974,-8.3385,0,200,200,0,0,0,0,0,0,False
aeb,1549178,markov,1.0,94,0.1,source_batch/1549178/markov_1s/seed94,0.0,True,False,duration,9.999999999999831,,,,1.5528550052170764,1.5528550052170766,0.6375036305211272,3.279999999999974,3.279999999999974,-8.3385,0,200,200,49,0.245,29,1.4500000000000002,0.245,29,False
aeb,1549178,markov,1.0,95,0.1,source_batch/1549178/markov_1s/seed95,0.0,True,False,duration,9.999999999999831,,,,1.5528550052170764,1.5528550052170766,0.6375036305211272,3.279999999999974,3.279999999999974,-8.3385,0,200,200,13,0.065,13,0.65,0.065,13,False
aeb,1549178,markov,1.0,96,0.1,source_batch/1549178/markov_1s/seed96,0.0,True,False,duration,9.999999999999831,,,,1.5528550052170764,1.5528550052170766,0.6375036305211272,3.279999999999974,3.279999999999974,-8.3385,0,200,200,22,0.11,11,0.55,0.11,11,False
aeb,1549178,markov,1.0,97,0.1,source_batch/1549178/markov_1s/seed97,0.0,True,False,duration,9.999999999999831,,,,1.5528550052170764,1.5528550052170766,0.6375036305211272,3.279999999999974,3.279999999999974,-8.3385,0,200,200,26,0.13,26,1.3,0.13,26,False
aeb,1549178,markov,1.0,98,0.1,source_batch/1549178/markov_1s/seed98,0.0,True,False,duration,9.999999999999831,,,,1.5528550052170764,1.5528550052170766,0.6375036305211272,3.279999999999974,3.279999999999974,-8.3385,0,200,200,50,0.25,50,2.5,0.25,50,False
aeb,1549178,markov,1.0,99,0.1,source_batch/1549178/markov_1s/seed99,0.0,True,False,duration,9.999999999999831,,,,1.5528550052170764,1.5528550052170766,0.6375036305211272,3.279999999999974,3.279999999999974,-8.3385,0,200,200,68,0.34,68,3.4000000000000004,0.34,68,False
aeb,1554254,ideal,,,0,source_batch/1554254/ideal,0,True,False,duration,9.999999999999831,,,,0.8800582818971814,0.8800507462689411,0.35771381406216657,3.5299999999999687,3.5299999999999687,-8.3385,0,200,200,0,0,0,0,,,False
aeb,1554254,iid,,0,0.1,source_batch/1554254/iid/seed0,0.0,True,False,duration,9.999999999999831,,,,0.8800582818971814,0.8800507462689411,0.35771381406216657,3.5299999999999687,3.5299999999999687,-8.3385,0,200,200,25,0.125,3,0.15000000000000002,,,False
aeb,1554254,iid,,1,0.1,source_batch/1554254/iid/seed1,0.0,True,False,duration,9.999999999999831,,,,0.8800582818971814,0.8800507462689411,0.35771381406216657,3.5299999999999687,3.5299999999999687,-8.3385,0,200,200,21,0.105,2,0.1,,,False
aeb,1554254,iid,,2,0.1,source_batch/1554254/iid/seed2,0.0,True,False,duration,9.999999999999831,,,,0.8800582818971814,0.8800507462689411,0.35771381406216657,3.5299999999999687,3.5299999999999687,-8.3385,0,200,200,15,0.075,2,0.1,,,False
aeb,1554254,iid,,3,0.1,source_batch/1554254/iid/seed3,0.0,True,False,duration,9.999999999999831,,,,0.8800582818971814,0.8800507462689411,0.35771381406216657,3.5299999999999687,3.5299999999999687,-8.3385,0,200,200,30,0.15,3,0.15000000000000002,,,False
aeb,1554254,iid,,4,0.1,source_batch/1554254/iid/seed4,0.019999999999999574,True,False,duration,9.999999999999831,,,,0.5848909850218839,0.5848853360991022,0.2780092663009952,3.5499999999999683,3.5499999999999683,-8.3385,0,200,200,26,0.13,3,0.15000000000000002,,,False
aeb,1554254,iid,,5,0.1,source_batch/1554254/iid/seed5,0.0,True,False,duration,9.999999999999831,,,,0.8800582818971814,0.8800507462689411,0.35771381406216657,3.5299999999999687,3.5299999999999687,-8.3385,0,200,200,19,0.095,1,0.05,,,False
aeb,1554254,iid,,6,0.1,source_batch/1554254/iid/seed6,0.16999999999999638,True,True,collision,5.139999999999935,5.139999999999935,8.340961319997948,5.178683852413582,0,-0.03678188541725369,0,3.699999999999965,3.699999999999965,-8.3385,8.340961319997948,103,103,10,0.0970873786407767,2,0.1,,,False
aeb,1554254,iid,,7,0.1,source_batch/1554254/iid/seed7,0.019999999999999574,True,False,duration,9.999999999999831,,,,0.5848909850218839,0.5848853360991022,0.2780092663009952,3.5499999999999683,3.5499999999999683,-8.3385,0,200,200,18,0.09,1,0.05,,,False
aeb,1554254,iid,,8,0.1,source_batch/1554254/iid/seed8,0.0,True,False,duration,9.999999999999831,,,,0.8800582818971814,0.8800507462689411,0.35771381406216657,3.5299999999999687,3.5299999999999687,-8.3385,0,200,200,22,0.11,2,0.1,,,False
aeb,1554254,iid,,9,0.1,source_batch/1554254/iid/seed9,0.0,True,False,duration,9.999999999999831,,,,0.8800582818971814,0.8800507462689411,0.35771381406216657,3.5299999999999687,3.5299999999999687,-8.3385,0,200,200,18,0.09,2,0.1,,,False
aeb,1554254,iid,,10,0.1,source_batch/1554254/iid/seed10,0.0,True,False,duration,9.999999999999831,,,,0.8800582818971814,0.8800507462689411,0.35771381406216657,3.5299999999999687,3.5299999999999687,-8.3385,0,200,200,15,0.075,2,0.1,,,False
aeb,1554254,iid,,11,0.1,source_batch/1554254/iid/seed11,0.0,True,False,duration,9.999999999999831,,,,0.8800582818971814,0.8800507462689411,0.35771381406216657,3.5299999999999687,3.5299999999999687,-8.3385,0,200,200,29,0.145,2,0.1,,,False
aeb,1554254,iid,,12,0.1,source_batch/1554254/iid/seed12,0.0,True,False,duration,9.999999999999831,,,,0.8800582818971814,0.8800507462689411,0.35771381406216657,3.5299999999999687,3.5299999999999687,-8.3385,0,200,200,20,0.1,2,0.1,,,False
aeb,1554254,iid,,13,0.1,source_batch/1554254/iid/seed13,0.0,True,False,duration,9.999999999999831,,,,0.8800582818971814,0.8800507462689411,0.35771381406216657,3.5299999999999687,3.5299999999999687,-8.3385,0,200,200,22,0.11,2,0.1,,,False
aeb,1554254,iid,,14,0.1,source_batch/1554254/iid/seed14,0.0,True,False,duration,9.999999999999831,,,,0.8800582818971814,0.8800507462689411,0.35771381406216657,3.5299999999999687,3.5299999999999687,-8.3385,0,200,200,27,0.135,3,0.15000000000000002,,,False
aeb,1554254,iid,,15,0.1,source_batch/1554254/iid/seed15,0.0,True,False,duration,9.999999999999831,,,,0.8800582818971814,0.8800507462689411,0.35771381406216657,3.5299999999999687,3.5299999999999687,-8.3385,0,200,200,16,0.08,1,0.05,,,False
aeb,1554254,iid,,16,0.1,source_batch/1554254/iid/seed16,0.0,True,False,duration,9.999999999999831,,,,0.8800582818971814,0.8800507462689411,0.35771381406216657,3.5299999999999687,3.5299999999999687,-8.3385,0,200,200,17,0.085,2,0.1,,,False
aeb,1554254,iid,,17,0.1,source_batch/1554254/iid/seed17,0.0,True,False,duration,9.999999999999831,,,,0.8800582818971814,0.8800507462689411,0.35771381406216657,3.5299999999999687,3.5299999999999687,-8.3385,0,200,200,19,0.095,1,0.05,,,False
aeb,1554254,iid,,18,0.1,source_batch/1554254/iid/seed18,0.0,True,False,duration,9.999999999999831,,,,0.8800582818971814,0.8800507462689411,0.35771381406216657,3.5299999999999687,3.5299999999999687,-8.3385,0,200,200,31,0.155,2,0.1,,,False
aeb,1554254,iid,,19,0.1,source_batch/1554254/iid/seed19,0.0,True,False,duration,9.999999999999831,,,,0.8800582818971814,0.8800507462689411,0.35771381406216657,3.5299999999999687,3.5299999999999687,-8.3385,0,200,200,18,0.09,3,0.15000000000000002,,,False
aeb,1554254,iid,,20,0.1,source_batch/1554254/iid/seed20,0.0,True,False,duration,9.999999999999831,,,,0.8800582818971814,0.8800507462689411,0.35771381406216657,3.5299999999999687,3.5299999999999687,-8.3385,0,200,200,16,0.08,1,0.05,,,False
aeb,1554254,iid,,21,0.1,source_batch/1554254/iid/seed21,0.0,True,False,duration,9.999999999999831,,,,0.8800582818971814,0.8800507462689411,0.35771381406216657,3.5299999999999687,3.5299999999999687,-8.3385,0,200,200,11,0.055,2,0.1,,,False
aeb,1554254,iid,,22,0.1,source_batch/1554254/iid/seed22,0.0,True,False,duration,9.999999999999831,,,,0.8800582818971814,0.8800507462689411,0.35771381406216657,3.5299999999999687,3.5299999999999687,-8.3385,0,200,200,22,0.11,2,0.1,,,False
aeb,1554254,iid,,23,0.1,source_batch/1554254/iid/seed23,0.0,True,False,duration,9.999999999999831,,,,0.8800582818971814,0.8800507462689411,0.35771381406216657,3.5299999999999687,3.5299999999999687,-8.3385,0,200,200,18,0.09,2,0.1,,,False
aeb,1554254,iid,,24,0.1,source_batch/1554254/iid/seed24,0.0,True,False,duration,9.999999999999831,,,,0.8800582818971814,0.8800507462689411,0.35771381406216657,3.5299999999999687,3.5299999999999687,-8.3385,0,200,200,23,0.115,1,0.05,,,False
aeb,1554254,iid,,25,0.1,source_batch/1554254/iid/seed25,0.019999999999999574,True,False,duration,9.999999999999831,,,,0.5848909850218839,0.5848853360991022,0.2780092663009952,3.5499999999999683,3.5499999999999683,-8.3385,0,200,200,16,0.08,2,0.1,,,False
aeb,1554254,iid,,26,0.1,source_batch/1554254/iid/seed26,0.0,True,False,duration,9.999999999999831,,,,0.8800582818971814,0.8800507462689411,0.35771381406216657,3.5299999999999687,3.5299999999999687,-8.3385,0,200,200,21,0.105,2,0.1,,,False
aeb,1554254,iid,,27,0.1,source_batch/1554254/iid/seed27,0.0,True,False,duration,9.999999999999831,,,,0.8800582818971814,0.8800507462689411,0.35771381406216657,3.5299999999999687,3.5299999999999687,-8.3385,0,200,200,29,0.145,3,0.15000000000000002,,,False
aeb,1554254,iid,,28,0.1,source_batch/1554254/iid/seed28,0.0,True,False,duration,9.999999999999831,,,,0.8800582818971814,0.8800507462689411,0.35771381406216657,3.5299999999999687,3.5299999999999687,-8.3385,0,200,200,13,0.065,2,0.1,,,False
aeb,1554254,iid,,29,0.1,source_batch/1554254/iid/seed29,0.0,True,False,duration,9.999999999999831,,,,0.8800582818971814,0.8800507462689411,0.35771381406216657,3.5299999999999687,3.5299999999999687,-8.3385,0,200,200,25,0.125,2,0.1,,,False
aeb,1554254,iid,,30,0.1,source_batch/1554254/iid/seed30,0.0,True,False,duration,9.999999999999831,,,,0.8800582818971814,0.8800507462689411,0.35771381406216657,3.5299999999999687,3.5299999999999687,-8.3385,0,200,200,18,0.09,1,0.05,,,False
aeb,1554254,iid,,31,0.1,source_batch/1554254/iid/seed31,0.0,True,False,duration,9.999999999999831,,,,0.8800582818971814,0.8800507462689411,0.35771381406216657,3.5299999999999687,3.5299999999999687,-8.3385,0,200,200,19,0.095,3,0.15000000000000002,,,False
aeb,1554254,iid,,32,0.1,source_batch/1554254/iid/seed32,0.0,True,False,duration,9.999999999999831,,,,0.8800582818971814,0.8800507462689411,0.35771381406216657,3.5299999999999687,3.5299999999999687,-8.3385,0,200,200,24,0.12,2,0.1,,,False
aeb,1554254,iid,,33,0.1,source_batch/1554254/iid/seed33,0.0,True,False,duration,9.999999999999831,,,,0.8800582818971814,0.8800507462689411,0.35771381406216657,3.5299999999999687,3.5299999999999687,-8.3385,0,200,200,14,0.07,1,0.05,,,False
aeb,1554254,iid,,34,0.1,source_batch/1554254/iid/seed34,0.0,True,False,duration,9.999999999999831,,,,0.8800582818971814,0.8800507462689411,0.35771381406216657,3.5299999999999687,3.5299999999999687,-8.3385,0,200,200,24,0.12,3,0.15000000000000002,,,False
aeb,1554254,iid,,35,0.1,source_batch/1554254/iid/seed35,0.0,True,False,duration,9.999999999999831,,,,0.8800582818971814,0.8800507462689411,0.35771381406216657,3.5299999999999687,3.5299999999999687,-8.3385,0,200,200,24,0.12,3,0.15000000000000002,,,False
aeb,1554254,iid,,36,0.1,source_batch/1554254/iid/seed36,0.0,True,False,duration,9.999999999999831,,,,0.8800582818971814,0.8800507462689411,0.35771381406216657,3.5299999999999687,3.5299999999999687,-8.3385,0,200,200,17,0.085,1,0.05,,,False
aeb,1554254,iid,,37,0.1,source_batch/1554254/iid/seed37,0.0,True,False,duration,9.999999999999831,,,,0.8800582818971814,0.8800507462689411,0.35771381406216657,3.5299999999999687,3.5299999999999687,-8.3385,0,200,200,19,0.095,2,0.1,,,False
aeb,1554254,iid,,38,0.1,source_batch/1554254/iid/seed38,0.0,True,False,duration,9.999999999999831,,,,0.8800582818971814,0.8800507462689411,0.35771381406216657,3.5299999999999687,3.5299999999999687,-8.3385,0,200,200,21,0.105,1,0.05,,,False
aeb,1554254,iid,,39,0.1,source_batch/1554254/iid/seed39,0.0,True,False,duration,9.999999999999831,,,,0.8800582818971814,0.8800507462689411,0.35771381406216657,3.5299999999999687,3.5299999999999687,-8.3385,0,200,200,13,0.065,1,0.05,,,False
aeb,1554254,iid,,40,0.1,source_batch/1554254/iid/seed40,0.0,True,False,duration,9.999999999999831,,,,0.8800582818971814,0.8800507462689411,0.35771381406216657,3.5299999999999687,3.5299999999999687,-8.3385,0,200,200,17,0.085,2,0.1,,,False
aeb,1554254,iid,,41,0.1,source_batch/1554254/iid/seed41,0.0,True,False,duration,9.999999999999831,,,,0.8800582818971814,0.8800507462689411,0.35771381406216657,3.5299999999999687,3.5299999999999687,-8.3385,0,200,200,28,0.14,2,0.1,,,False
aeb,1554254,iid,,42,0.1,source_batch/1554254/iid/seed42,0.0,True,False,duration,9.999999999999831,,,,0.8800582818971814,0.8800507462689411,0.35771381406216657,3.5299999999999687,3.5299999999999687,-8.3385,0,200,200,26,0.13,2,0.1,,,False
aeb,1554254,iid,,43,0.1,source_batch/1554254/iid/seed43,0.0,True,False,duration,9.999999999999831,,,,0.8800582818971814,0.8800507462689411,0.35771381406216657,3.5299999999999687,3.5299999999999687,-8.3385,0,200,200,14,0.07,2,0.1,,,False
aeb,1554254,iid,,44,0.1,source_batch/1554254/iid/seed44,0.0,True,False,duration,9.999999999999831,,,,0.8800582818971814,0.8800507462689411,0.35771381406216657,3.5299999999999687,3.5299999999999687,-8.3385,0,200,200,24,0.12,1,0.05,,,False
aeb,1554254,iid,,45,0.1,source_batch/1554254/iid/seed45,0.0,True,False,duration,9.999999999999831,,,,0.8800582818971814,0.8800507462689411,0.35771381406216657,3.5299999999999687,3.5299999999999687,-8.3385,0,200,200,24,0.12,3,0.15000000000000002,,,False
aeb,1554254,iid,,46,0.1,source_batch/1554254/iid/seed46,0.0,True,False,duration,9.999999999999831,,,,0.8800582818971814,0.8800507462689411,0.35771381406216657,3.5299999999999687,3.5299999999999687,-8.3385,0,200,200,18,0.09,1,0.05,,,False
aeb,1554254,iid,,47,0.1,source_batch/1554254/iid/seed47,0.0,True,False,duration,9.999999999999831,,,,0.8800582818971814,0.8800507462689411,0.35771381406216657,3.5299999999999687,3.5299999999999687,-8.3385,0,200,200,21,0.105,3,0.15000000000000002,,,False
aeb,1554254,iid,,48,0.1,source_batch/1554254/iid/seed48,0.0,True,False,duration,9.999999999999831,,,,0.8800582818971814,0.8800507462689411,0.35771381406216657,3.5299999999999687,3.5299999999999687,-8.3385,0,200,200,16,0.08,1,0.05,,,False
aeb,1554254,iid,,49,0.1,source_batch/1554254/iid/seed49,0.0,True,False,duration,9.999999999999831,,,,0.8800582818971814,0.8800507462689411,0.35771381406216657,3.5299999999999687,3.5299999999999687,-8.3385,0,200,200,26,0.13,2,0.1,,,False
aeb,1554254,iid,,50,0.1,source_batch/1554254/iid/seed50,0.019999999999999574,True,False,duration,9.999999999999831,,,,0.5848909850218839,0.5848853360991022,0.2780092663009952,3.5499999999999683,3.5499999999999683,-8.3385,0,200,200,26,0.13,2,0.1,,,False
aeb,1554254,iid,,51,0.1,source_batch/1554254/iid/seed51,0.0,True,False,duration,9.999999999999831,,,,0.8800582818971814,0.8800507462689411,0.35771381406216657,3.5299999999999687,3.5299999999999687,-8.3385,0,200,200,19,0.095,2,0.1,,,False
aeb,1554254,iid,,52,0.1,source_batch/1554254/iid/seed52,0.0,True,False,duration,9.999999999999831,,,,0.8800582818971814,0.8800507462689411,0.35771381406216657,3.5299999999999687,3.5299999999999687,-8.3385,0,200,200,14,0.07,2,0.1,,,False
aeb,1554254,iid,,53,0.1,source_batch/1554254/iid/seed53,0.0,True,False,duration,9.999999999999831,,,,0.8800582818971814,0.8800507462689411,0.35771381406216657,3.5299999999999687,3.5299999999999687,-8.3385,0,200,200,19,0.095,2,0.1,,,False
aeb,1554254,iid,,54,0.1,source_batch/1554254/iid/seed54,0.0,True,False,duration,9.999999999999831,,,,0.8800582818971814,0.8800507462689411,0.35771381406216657,3.5299999999999687,3.5299999999999687,-8.3385,0,200,200,27,0.135,3,0.15000000000000002,,,False
aeb,1554254,iid,,55,0.1,source_batch/1554254/iid/seed55,0.0,True,False,duration,9.999999999999831,,,,0.8800582818971814,0.8800507462689411,0.35771381406216657,3.5299999999999687,3.5299999999999687,-8.3385,0,200,200,16,0.08,2,0.1,,,False
aeb,1554254,iid,,56,0.1,source_batch/1554254/iid/seed56,0.0,True,False,duration,9.999999999999831,,,,0.8800582818971814,0.8800507462689411,0.35771381406216657,3.5299999999999687,3.5299999999999687,-8.3385,0,200,200,27,0.135,2,0.1,,,False
aeb,1554254,iid,,57,0.1,source_batch/1554254/iid/seed57,0.0,True,False,duration,9.999999999999831,,,,0.8800582818971814,0.8800507462689411,0.35771381406216657,3.5299999999999687,3.5299999999999687,-8.3385,0,200,200,26,0.13,3,0.15000000000000002,,,False
aeb,1554254,iid,,58,0.1,source_batch/1554254/iid/seed58,0.0,True,False,duration,9.999999999999831,,,,0.8800582818971814,0.8800507462689411,0.35771381406216657,3.5299999999999687,3.5299999999999687,-8.3385,0,200,200,12,0.06,2,0.1,,,False
aeb,1554254,iid,,59,0.1,source_batch/1554254/iid/seed59,0.019999999999999574,True,False,duration,9.999999999999831,,,,0.5848909850218839,0.5848853360991022,0.2780092663009952,3.5499999999999683,3.5499999999999683,-8.3385,0,200,200,12,0.06,1,0.05,,,False
aeb,1554254,iid,,60,0.1,source_batch/1554254/iid/seed60,0.0,True,False,duration,9.999999999999831,,,,0.8800582818971814,0.8800507462689411,0.35771381406216657,3.5299999999999687,3.5299999999999687,-8.3385,0,200,200,22,0.11,3,0.15000000000000002,,,False
aeb,1554254,iid,,61,0.1,source_batch/1554254/iid/seed61,0.0,True,False,duration,9.999999999999831,,,,0.8800582818971814,0.8800507462689411,0.35771381406216657,3.5299999999999687,3.5299999999999687,-8.3385,0,200,200,20,0.1,2,0.1,,,False
aeb,1554254,iid,,62,0.1,source_batch/1554254/iid/seed62,0.0,True,False,duration,9.999999999999831,,,,0.8800582818971814,0.8800507462689411,0.35771381406216657,3.5299999999999687,3.5299999999999687,-8.3385,0,200,200,17,0.085,3,0.15000000000000002,,,False
aeb,1554254,iid,,63,0.1,source_batch/1554254/iid/seed63,0.0,True,False,duration,9.999999999999831,,,,0.8800582818971814,0.8800507462689411,0.35771381406216657,3.5299999999999687,3.5299999999999687,-8.3385,0,200,200,27,0.135,3,0.15000000000000002,,,False
aeb,1554254,iid,,64,0.1,source_batch/1554254/iid/seed64,0.0,True,False,duration,9.999999999999831,,,,0.8800582818971814,0.8800507462689411,0.35771381406216657,3.5299999999999687,3.5299999999999687,-8.3385,0,200,200,21,0.105,2,0.1,,,False
aeb,1554254,iid,,65,0.1,source_batch/1554254/iid/seed65,0.0,True,False,duration,9.999999999999831,,,,0.8800582818971814,0.8800507462689411,0.35771381406216657,3.5299999999999687,3.5299999999999687,-8.3385,0,200,200,16,0.08,2,0.1,,,False
aeb,1554254,iid,,66,0.1,source_batch/1554254/iid/seed66,0.0,True,False,duration,9.999999999999831,,,,0.8800582818971814,0.8800507462689411,0.35771381406216657,3.5299999999999687,3.5299999999999687,-8.3385,0,200,200,21,0.105,1,0.05,,,False
aeb,1554254,iid,,67,0.1,source_batch/1554254/iid/seed67,0.0,True,False,duration,9.999999999999831,,,,0.8800582818971814,0.8800507462689411,0.35771381406216657,3.5299999999999687,3.5299999999999687,-8.3385,0,200,200,17,0.085,2,0.1,,,False
aeb,1554254,iid,,68,0.1,source_batch/1554254/iid/seed68,0.0,True,False,duration,9.999999999999831,,,,0.8800582818971814,0.8800507462689411,0.35771381406216657,3.5299999999999687,3.5299999999999687,-8.3385,0,200,200,22,0.11,1,0.05,,,False
aeb,1554254,iid,,69,0.1,source_batch/1554254/iid/seed69,0.0,True,False,duration,9.999999999999831,,,,0.8800582818971814,0.8800507462689411,0.35771381406216657,3.5299999999999687,3.5299999999999687,-8.3385,0,200,200,17,0.085,2,0.1,,,False
aeb,1554254,iid,,70,0.1,source_batch/1554254/iid/seed70,0.0,True,False,duration,9.999999999999831,,,,0.8800582818971814,0.8800507462689411,0.35771381406216657,3.5299999999999687,3.5299999999999687,-8.3385,0,200,200,18,0.09,2,0.1,,,False
aeb,1554254,iid,,71,0.1,source_batch/1554254/iid/seed71,0.0,True,False,duration,9.999999999999831,,,,0.8800582818971814,0.8800507462689411,0.35771381406216657,3.5299999999999687,3.5299999999999687,-8.3385,0,200,200,24,0.12,3,0.15000000000000002,,,False
aeb,1554254,iid,,72,0.1,source_batch/1554254/iid/seed72,0.0,True,False,duration,9.999999999999831,,,,0.8800582818971814,0.8800507462689411,0.35771381406216657,3.5299999999999687,3.5299999999999687,-8.3385,0,200,200,13,0.065,2,0.1,,,False
aeb,1554254,iid,,73,0.1,source_batch/1554254/iid/seed73,0.0,True,False,duration,9.999999999999831,,,,0.8800582818971814,0.8800507462689411,0.35771381406216657,3.5299999999999687,3.5299999999999687,-8.3385,0,200,200,18,0.09,3,0.15000000000000002,,,False
aeb,1554254,iid,,74,0.1,source_batch/1554254/iid/seed74,0.0,True,False,duration,9.999999999999831,,,,0.8800582818971814,0.8800507462689411,0.35771381406216657,3.5299999999999687,3.5299999999999687,-8.3385,0,200,200,23,0.115,3,0.15000000000000002,,,False
aeb,1554254,iid,,75,0.1,source_batch/1554254/iid/seed75,0.0,True,False,duration,9.999999999999831,,,,0.8800582818971814,0.8800507462689411,0.35771381406216657,3.5299999999999687,3.5299999999999687,-8.3385,0,200,200,20,0.1,2,0.1,,,False
aeb,1554254,iid,,76,0.1,source_batch/1554254/iid/seed76,0.0,True,False,duration,9.999999999999831,,,,0.8800582818971814,0.8800507462689411,0.35771381406216657,3.5299999999999687,3.5299999999999687,-8.3385,0,200,200,13,0.065,2,0.1,,,False
aeb,1554254,iid,,77,0.1,source_batch/1554254/iid/seed77,0.0,True,False,duration,9.999999999999831,,,,0.8800582818971814,0.8800507462689411,0.35771381406216657,3.5299999999999687,3.5299999999999687,-8.3385,0,200,200,29,0.145,2,0.1,,,False
aeb,1554254,iid,,78,0.1,source_batch/1554254/iid/seed78,0.0,True,False,duration,9.999999999999831,,,,0.8800582818971814,0.8800507462689411,0.35771381406216657,3.5299999999999687,3.5299999999999687,-8.3385,0,200,200,14,0.07,2,0.1,,,False
aeb,1554254,iid,,79,0.1,source_batch/1554254/iid/seed79,0.0,True,False,duration,9.999999999999831,,,,0.8800582818971814,0.8800507462689411,0.35771381406216657,3.5299999999999687,3.5299999999999687,-8.3385,0,200,200,18,0.09,3,0.15000000000000002,,,False
aeb,1554254,iid,,80,0.1,source_batch/1554254/iid/seed80,0.0,True,False,duration,9.999999999999831,,,,0.8800582818971814,0.8800507462689411,0.35771381406216657,3.5299999999999687,3.5299999999999687,-8.3385,0,200,200,22,0.11,2,0.1,,,False
aeb,1554254,iid,,81,0.1,source_batch/1554254/iid/seed81,0.0,True,False,duration,9.999999999999831,,,,0.8800582818971814,0.8800507462689411,0.35771381406216657,3.5299999999999687,3.5299999999999687,-8.3385,0,200,200,19,0.095,3,0.15000000000000002,,,False
aeb,1554254,iid,,82,0.1,source_batch/1554254/iid/seed82,0.0,True,False,duration,9.999999999999831,,,,0.8800582818971814,0.8800507462689411,0.35771381406216657,3.5299999999999687,3.5299999999999687,-8.3385,0,200,200,13,0.065,2,0.1,,,False
aeb,1554254,iid,,83,0.1,source_batch/1554254/iid/seed83,0.0,True,False,duration,9.999999999999831,,,,0.8800582818971814,0.8800507462689411,0.35771381406216657,3.5299999999999687,3.5299999999999687,-8.3385,0,200,200,12,0.06,2,0.1,,,False
aeb,1554254,iid,,84,0.1,source_batch/1554254/iid/seed84,0.0,True,False,duration,9.999999999999831,,,,0.8800582818971814,0.8800507462689411,0.35771381406216657,3.5299999999999687,3.5299999999999687,-8.3385,0,200,200,17,0.085,1,0.05,,,False
aeb,1554254,iid,,85,0.1,source_batch/1554254/iid/seed85,0.0,True,False,duration,9.999999999999831,,,,0.8800582818971814,0.8800507462689411,0.35771381406216657,3.5299999999999687,3.5299999999999687,-8.3385,0,200,200,23,0.115,2,0.1,,,False
aeb,1554254,iid,,86,0.1,source_batch/1554254/iid/seed86,0.0,True,False,duration,9.999999999999831,,,,0.8800582818971814,0.8800507462689411,0.35771381406216657,3.5299999999999687,3.5299999999999687,-8.3385,0,200,200,24,0.12,2,0.1,,,False
aeb,1554254,iid,,87,0.1,source_batch/1554254/iid/seed87,0.0,True,False,duration,9.999999999999831,,,,0.8800582818971814,0.8800507462689411,0.35771381406216657,3.5299999999999687,3.5299999999999687,-8.3385,0,200,200,25,0.125,2,0.1,,,False
aeb,1554254,iid,,88,0.1,source_batch/1554254/iid/seed88,0.0,True,False,duration,9.999999999999831,,,,0.8800582818971814,0.8800507462689411,0.35771381406216657,3.5299999999999687,3.5299999999999687,-8.3385,0,200,200,23,0.115,2,0.1,,,False
aeb,1554254,iid,,89,0.1,source_batch/1554254/iid/seed89,0.0,True,False,duration,9.999999999999831,,,,0.8800582818971814,0.8800507462689411,0.35771381406216657,3.5299999999999687,3.5299999999999687,-8.3385,0,200,200,21,0.105,2,0.1,,,False
aeb,1554254,iid,,90,0.1,source_batch/1554254/iid/seed90,0.0,True,False,duration,9.999999999999831,,,,0.8800582818971814,0.8800507462689411,0.35771381406216657,3.5299999999999687,3.5299999999999687,-8.3385,0,200,200,12,0.06,2,0.1,,,False
aeb,1554254,iid,,91,0.1,source_batch/1554254/iid/seed91,0.0,True,False,duration,9.999999999999831,,,,0.8800582818971814,0.8800507462689411,0.35771381406216657,3.5299999999999687,3.5299999999999687,-8.3385,0,200,200,23,0.115,3,0.15000000000000002,,,False
aeb,1554254,iid,,92,0.1,source_batch/1554254/iid/seed92,0.0,True,False,duration,9.999999999999831,,,,0.8800582818971814,0.8800507462689411,0.35771381406216657,3.5299999999999687,3.5299999999999687,-8.3385,0,200,200,21,0.105,2,0.1,,,False
aeb,1554254,iid,,93,0.1,source_batch/1554254/iid/seed93,0.0,True,False,duration,9.999999999999831,,,,0.8800582818971814,0.8800507462689411,0.35771381406216657,3.5299999999999687,3.5299999999999687,-8.3385,0,200,200,15,0.075,2,0.1,,,False
aeb,1554254,iid,,94,0.1,source_batch/1554254/iid/seed94,0.0,True,False,duration,9.999999999999831,,,,0.8800582818971814,0.8800507462689411,0.35771381406216657,3.5299999999999687,3.5299999999999687,-8.3385,0,200,200,18,0.09,2,0.1,,,False
aeb,1554254,iid,,95,0.1,source_batch/1554254/iid/seed95,0.0,True,False,duration,9.999999999999831,,,,0.8800582818971814,0.8800507462689411,0.35771381406216657,3.5299999999999687,3.5299999999999687,-8.3385,0,200,200,20,0.1,2,0.1,,,False
aeb,1554254,iid,,96,0.1,source_batch/1554254/iid/seed96,0.0,True,False,duration,9.999999999999831,,,,0.8800582818971814,0.8800507462689411,0.35771381406216657,3.5299999999999687,3.5299999999999687,-8.3385,0,200,200,18,0.09,3,0.15000000000000002,,,False
aeb,1554254,iid,,97,0.1,source_batch/1554254/iid/seed97,0.0,True,False,duration,9.999999999999831,,,,0.8800582818971814,0.8800507462689411,0.35771381406216657,3.5299999999999687,3.5299999999999687,-8.3385,0,200,200,16,0.08,2,0.1,,,False
aeb,1554254,iid,,98,0.1,source_batch/1554254/iid/seed98,0.0,True,False,duration,9.999999999999831,,,,0.8800582818971814,0.8800507462689411,0.35771381406216657,3.5299999999999687,3.5299999999999687,-8.3385,0,200,200,20,0.1,2,0.1,,,False
aeb,1554254,iid,,99,0.1,source_batch/1554254/iid/seed99,0.0,True,False,duration,9.999999999999831,,,,0.8800582818971814,0.8800507462689411,0.35771381406216657,3.5299999999999687,3.5299999999999687,-8.3385,0,200,200,18,0.09,1,0.05,,,False
aeb,1554254,markov,0.2,0,0.1,source_batch/1554254/markov_0.2s/seed0,0.0,True,False,duration,9.999999999999831,,,,0.8800582818971814,0.8800507462689411,0.35771381406216657,3.5299999999999687,3.5299999999999687,-8.3385,0,200,200,33,0.165,11,0.55,0.165,11,False
aeb,1554254,markov,0.2,1,0.1,source_batch/1554254/markov_0.2s/seed1,0.0,True,False,duration,9.999999999999831,,,,0.8800582818971814,0.8800507462689411,0.35771381406216657,3.5299999999999687,3.5299999999999687,-8.3385,0,200,200,24,0.12,13,0.65,0.12,13,False
aeb,1554254,markov,0.2,2,0.1,source_batch/1554254/markov_0.2s/seed2,0.0,True,False,duration,9.999999999999831,,,,0.8800582818971814,0.8800507462689411,0.35771381406216657,3.5299999999999687,3.5299999999999687,-8.3385,0,200,200,16,0.08,7,0.35000000000000003,0.08,7,False
aeb,1554254,markov,0.2,3,0.1,source_batch/1554254/markov_0.2s/seed3,0.0,True,False,duration,9.999999999999831,,,,0.8800582818971814,0.8800507462689411,0.35771381406216657,3.5299999999999687,3.5299999999999687,-8.3385,0,200,200,11,0.055,4,0.2,0.055,4,False
aeb,1554254,markov,0.2,4,0.1,source_batch/1554254/markov_0.2s/seed4,0.0,True,False,duration,9.999999999999831,,,,0.8800582818971814,0.8800507462689411,0.35771381406216657,3.5299999999999687,3.5299999999999687,-8.3385,0,200,200,38,0.19,9,0.45,0.19,9,False
aeb,1554254,markov,0.2,5,0.1,source_batch/1554254/markov_0.2s/seed5,0.0,True,False,duration,9.999999999999831,,,,0.8800582818971814,0.8800507462689411,0.35771381406216657,3.5299999999999687,3.5299999999999687,-8.3385,0,200,200,19,0.095,6,0.30000000000000004,0.095,6,False
aeb,1554254,markov,0.2,6,0.1,source_batch/1554254/markov_0.2s/seed6,0.11999999999999744,True,True,collision,5.2499999999999325,5.2499999999999325,7.006801319997951,3.8445238524107426,0,-0.012305632378995845,0,3.649999999999966,3.649999999999966,-8.3385,7.006801319997951,105,105,15,0.14285714285714285,5,0.25,0.14285714285714285,5,False
aeb,1554254,markov,0.2,7,0.1,source_batch/1554254/markov_0.2s/seed7,0.11999999999999744,True,True,collision,5.2499999999999325,5.2499999999999325,7.006801319997951,3.8445238524107426,0,-0.012305632378995845,0,3.649999999999966,3.649999999999966,-8.3385,7.006801319997951,105,105,9,0.08571428571428572,6,0.30000000000000004,0.08571428571428572,6,False
aeb,1554254,markov,0.2,8,0.1,source_batch/1554254/markov_0.2s/seed8,0.0,True,False,duration,9.999999999999831,,,,0.8800582818971814,0.8800507462689411,0.35771381406216657,3.5299999999999687,3.5299999999999687,-8.3385,0,200,200,21,0.105,6,0.30000000000000004,0.105,6,False
aeb,1554254,markov,0.2,9,0.1,source_batch/1554254/markov_0.2s/seed9,0.0,True,False,duration,9.999999999999831,,,,0.8800582818971814,0.8800507462689411,0.35771381406216657,3.5299999999999687,3.5299999999999687,-8.3385,0,200,200,29,0.145,18,0.9,0.145,18,False
aeb,1554254,markov,0.2,10,0.1,source_batch/1554254/markov_0.2s/seed10,0.0,True,False,duration,9.999999999999831,,,,0.8800582818971814,0.8800507462689411,0.35771381406216657,3.5299999999999687,3.5299999999999687,-8.3385,0,200,200,47,0.235,13,0.65,0.235,13,False
aeb,1554254,markov,0.2,11,0.1,source_batch/1554254/markov_0.2s/seed11,0.0,True,False,duration,9.999999999999831,,,,0.8800582818971814,0.8800507462689411,0.35771381406216657,3.5299999999999687,3.5299999999999687,-8.3385,0,200,200,35,0.175,9,0.45,0.175,9,False
aeb,1554254,markov,0.2,12,0.1,source_batch/1554254/markov_0.2s/seed12,0.0,True,False,duration,9.999999999999831,,,,0.8800582818971814,0.8800507462689411,0.35771381406216657,3.5299999999999687,3.5299999999999687,-8.3385,0,200,200,11,0.055,3,0.15000000000000002,0.055,3,False
aeb,1554254,markov,0.2,13,0.1,source_batch/1554254/markov_0.2s/seed13,0.0,True,False,duration,9.999999999999831,,,,0.8800582818971814,0.8800507462689411,0.35771381406216657,3.5299999999999687,3.5299999999999687,-8.3385,0,200,200,10,0.05,4,0.2,0.05,4,False
aeb,1554254,markov,0.2,14,0.1,source_batch/1554254/markov_0.2s/seed14,0.0,True,False,duration,9.999999999999831,,,,0.8800582818971814,0.8800507462689411,0.35771381406216657,3.5299999999999687,3.5299999999999687,-8.3385,0,200,200,36,0.18,7,0.35000000000000003,0.18,7,False
aeb,1554254,markov,0.2,15,0.1,source_batch/1554254/markov_0.2s/seed15,0.0,True,False,duration,9.999999999999831,,,,0.8800582818971814,0.8800507462689411,0.35771381406216657,3.5299999999999687,3.5299999999999687,-8.3385,0,200,200,18,0.09,5,0.25,0.09,5,False
aeb,1554254,markov,0.2,16,0.1,source_batch/1554254/markov_0.2s/seed16,0.0,True,False,duration,9.999999999999831,,,,0.8800582818971814,0.8800507462689411,0.35771381406216657,3.5299999999999687,3.5299999999999687,-8.3385,0,200,200,35,0.175,11,0.55,0.175,11,False
aeb,1554254,markov,0.2,17,0.1,source_batch/1554254/markov_0.2s/seed17,0.0,True,False,duration,9.999999999999831,,,,0.8800582818971814,0.8800507462689411,0.35771381406216657,3.5299999999999687,3.5299999999999687,-8.3385,0,200,200,9,0.045,5,0.25,0.045,5,False
aeb,1554254,markov,0.2,18,0.1,source_batch/1554254/markov_0.2s/seed18,0.0,True,False,duration,9.999999999999831,,,,0.8800582818971814,0.8800507462689411,0.35771381406216657,3.5299999999999687,3.5299999999999687,-8.3385,0,200,200,16,0.08,8,0.4,0.08,8,False
aeb,1554254,markov,0.2,19,0.1,source_batch/1554254/markov_0.2s/seed19,0.0,True,False,duration,9.999999999999831,,,,0.8800582818971814,0.8800507462689411,0.35771381406216657,3.5299999999999687,3.5299999999999687,-8.3385,0,200,200,13,0.065,5,0.25,0.065,5,False
aeb,1554254,markov,0.2,20,0.1,source_batch/1554254/markov_0.2s/seed20,0.0,True,False,duration,9.999999999999831,,,,0.8800582818971814,0.8800507462689411,0.35771381406216657,3.5299999999999687,3.5299999999999687,-8.3385,0,200,200,26,0.13,7,0.35000000000000003,0.13,7,False
aeb,1554254,markov,0.2,21,0.1,source_batch/1554254/markov_0.2s/seed21,0.0,True,False,duration,9.999999999999831,,,,0.8800582818971814,0.8800507462689411,0.35771381406216657,3.5299999999999687,3.5299999999999687,-8.3385,0,200,200,26,0.13,7,0.35000000000000003,0.13,7,False
aeb,1554254,markov,0.2,22,0.1,source_batch/1554254/markov_0.2s/seed22,0.0,True,False,duration,9.999999999999831,,,,0.8800582818971814,0.8800507462689411,0.35771381406216657,3.5299999999999687,3.5299999999999687,-8.3385,0,200,200,18,0.09,7,0.35000000000000003,0.09,7,False
aeb,1554254,markov,0.2,23,0.1,source_batch/1554254/markov_0.2s/seed23,0.0,True,False,duration,9.999999999999831,,,,0.8800582818971814,0.8800507462689411,0.35771381406216657,3.5299999999999687,3.5299999999999687,-8.3385,0,200,200,12,0.06,5,0.25,0.06,5,False
aeb,1554254,markov,0.2,24,0.1,source_batch/1554254/markov_0.2s/seed24,0.0,True,False,duration,9.999999999999831,,,,0.8800582818971814,0.8800507462689411,0.35771381406216657,3.5299999999999687,3.5299999999999687,-8.3385,0,200,200,14,0.07,7,0.35000000000000003,0.07,7,False
aeb,1554254,markov,0.2,25,0.1,source_batch/1554254/markov_0.2s/seed25,0.0,True,False,duration,9.999999999999831,,,,0.8800582818971814,0.8800507462689411,0.35771381406216657,3.5299999999999687,3.5299999999999687,-8.3385,0,200,200,25,0.125,9,0.45,0.125,9,False
aeb,1554254,markov,0.2,26,0.1,source_batch/1554254/markov_0.2s/seed26,0.0,True,False,duration,9.999999999999831,,,,0.8800582818971814,0.8800507462689411,0.35771381406216657,3.5299999999999687,3.5299999999999687,-8.3385,0,200,200,4,0.02,2,0.1,0.02,2,False
aeb,1554254,markov,0.2,27,0.1,source_batch/1554254/markov_0.2s/seed27,0.0,True,False,duration,9.999999999999831,,,,0.8800582818971814,0.8800507462689411,0.35771381406216657,3.5299999999999687,3.5299999999999687,-8.3385,0,200,200,14,0.07,6,0.30000000000000004,0.07,6,False
aeb,1554254,markov,0.2,28,0.1,source_batch/1554254/markov_0.2s/seed28,0.6699999999999862,True,True,collision,4.789999999999942,4.789999999999942,15.428686319997933,10.95655063735862,0,-0.0694124612686462,0,4.199999999999955,4.199999999999955,-8.199525000000007,15.428686319997933,96,96,20,0.20833333333333334,17,0.8500000000000001,0.20833333333333334,17,False
aeb,1554254,markov,0.2,29,0.1,source_batch/1554254/markov_0.2s/seed29,0.0,True,False,duration,9.999999999999831,,,,0.8800582818971814,0.8800507462689411,0.35771381406216657,3.5299999999999687,3.5299999999999687,-8.3385,0,200,200,25,0.125,17,0.8500000000000001,0.125,17,False
aeb,1554254,markov,0.2,30,0.1,source_batch/1554254/markov_0.2s/seed30,0.0,True,False,duration,9.999999999999831,,,,0.8800582818971814,0.8800507462689411,0.35771381406216657,3.5299999999999687,3.5299999999999687,-8.3385,0,200,200,26,0.13,6,0.30000000000000004,0.13,6,False
aeb,1554254,markov,0.2,31,0.1,source_batch/1554254/markov_0.2s/seed31,0.0,True,False,duration,9.999999999999831,,,,0.8800582818971814,0.8800507462689411,0.35771381406216657,3.5299999999999687,3.5299999999999687,-8.3385,0,200,200,10,0.05,4,0.2,0.05,4,False
aeb,1554254,markov,0.2,32,0.1,source_batch/1554254/markov_0.2s/seed32,0.0,True,False,duration,9.999999999999831,,,,0.8800582818971814,0.8800507462689411,0.35771381406216657,3.5299999999999687,3.5299999999999687,-8.3385,0,200,200,19,0.095,6,0.30000000000000004,0.095,6,False
aeb,1554254,markov,0.2,33,0.1,source_batch/1554254/markov_0.2s/seed33,0.0,True,False,duration,9.999999999999831,,,,0.8800582818971814,0.8800507462689411,0.35771381406216657,3.5299999999999687,3.5299999999999687,-8.3385,0,200,200,34,0.17,17,0.8500000000000001,0.17,17,False
aeb,1554254,markov,0.2,34,0.1,source_batch/1554254/markov_0.2s/seed34,0.0,True,False,duration,9.999999999999831,,,,0.8800582818971814,0.8800507462689411,0.35771381406216657,3.5299999999999687,3.5299999999999687,-8.3385,0,200,200,33,0.165,13,0.65,0.165,13,False
aeb,1554254,markov,0.2,35,0.1,source_batch/1554254/markov_0.2s/seed35,0.0,True,False,duration,9.999999999999831,,,,0.8800582818971814,0.8800507462689411,0.35771381406216657,3.5299999999999687,3.5299999999999687,-8.3385,0,200,200,26,0.13,11,0.55,0.13,11,False
aeb,1554254,markov,0.2,36,0.1,source_batch/1554254/markov_0.2s/seed36,0.0,True,False,duration,9.999999999999831,,,,0.8800582818971814,0.8800507462689411,0.35771381406216657,3.5299999999999687,3.5299999999999687,-8.3385,0,200,200,6,0.03,5,0.25,0.03,5,False
aeb,1554254,markov,0.2,37,0.1,source_batch/1554254/markov_0.2s/seed37,0.0,True,False,duration,9.999999999999831,,,,0.8800582818971814,0.8800507462689411,0.35771381406216657,3.5299999999999687,3.5299999999999687,-8.3385,0,200,200,22,0.11,9,0.45,0.11,9,False
aeb,1554254,markov,0.2,38,0.1,source_batch/1554254/markov_0.2s/seed38,0.0,True,False,duration,9.999999999999831,,,,0.8800582818971814,0.8800507462689411,0.35771381406216657,3.5299999999999687,3.5299999999999687,-8.3385,0,200,200,23,0.115,14,0.7000000000000001,0.115,14,False
aeb,1554254,markov,0.2,39,0.1,source_batch/1554254/markov_0.2s/seed39,0.0,True,False,duration,9.999999999999831,,,,0.8800582818971814,0.8800507462689411,0.35771381406216657,3.5299999999999687,3.5299999999999687,-8.3385,0,200,200,7,0.035,5,0.25,0.035,5,False
aeb,1554254,markov,0.2,40,0.1,source_batch/1554254/markov_0.2s/seed40,0.019999999999999574,True,False,duration,9.999999999999831,,,,0.5848909850218839,0.5848853360991022,0.2780092663009952,3.5499999999999683,3.5499999999999683,-8.3385,0,200,200,29,0.145,6,0.30000000000000004,0.145,6,False
aeb,1554254,markov,0.2,41,0.1,source_batch/1554254/markov_0.2s/seed41,0.46999999999999,True,True,collision,4.859999999999941,4.859999999999941,13.177291319997938,9.5717402641085,0,-0.0850466867484414,0,3.9999999999999587,3.9999999999999587,-8.3385,13.177291319997938,98,98,31,0.3163265306122449,17,0.8500000000000001,0.3163265306122449,17,False
aeb,1554254,markov,0.2,42,0.1,source_batch/1554254/markov_0.2s/seed42,0.0,True,False,duration,9.999999999999831,,,,0.8800582818971814,0.8800507462689411,0.35771381406216657,3.5299999999999687,3.5299999999999687,-8.3385,0,200,200,16,0.08,5,0.25,0.08,5,False
aeb,1554254,markov,0.2,43,0.1,source_batch/1554254/markov_0.2s/seed43,0.0,True,False,duration,9.999999999999831,,,,0.8800582818971814,0.8800507462689411,0.35771381406216657,3.5299999999999687,3.5299999999999687,-8.3385,0,200,200,10,0.05,3,0.15000000000000002,0.05,3,False
aeb,1554254,markov,0.2,44,0.1,source_batch/1554254/markov_0.2s/seed44,0.0,True,False,duration,9.999999999999831,,,,0.8800582818971814,0.8800507462689411,0.35771381406216657,3.5299999999999687,3.5299999999999687,-8.3385,0,200,200,30,0.15,16,0.8,0.15,16,False
aeb,1554254,markov,0.2,45,0.1,source_batch/1554254/markov_0.2s/seed45,0.0,True,False,duration,9.999999999999831,,,,0.8800582818971814,0.8800507462689411,0.35771381406216657,3.5299999999999687,3.5299999999999687,-8.3385,0,200,200,22,0.11,8,0.4,0.11,8,False
aeb,1554254,markov,0.2,46,0.1,source_batch/1554254/markov_0.2s/seed46,0.0,True,False,duration,9.999999999999831,,,,0.8800582818971814,0.8800507462689411,0.35771381406216657,3.5299999999999687,3.5299999999999687,-8.3385,0,200,200,36,0.18,13,0.65,0.18,13,False
aeb,1554254,markov,0.2,47,0.1,source_batch/1554254/markov_0.2s/seed47,0.0,True,False,duration,9.999999999999831,,,,0.8800582818971814,0.8800507462689411,0.35771381406216657,3.5299999999999687,3.5299999999999687,-8.3385,0,200,200,20,0.1,14,0.7000000000000001,0.1,14,False
aeb,1554254,markov,0.2,48,0.1,source_batch/1554254/markov_0.2s/seed48,0.0,True,False,duration,9.999999999999831,,,,0.8800582818971814,0.8800507462689411,0.35771381406216657,3.5299999999999687,3.5299999999999687,-8.3385,0,200,200,19,0.095,6,0.30000000000000004,0.095,6,False
aeb,1554254,markov,0.2,49,0.1,source_batch/1554254/markov_0.2s/seed49,0.0,True,False,duration,9.999999999999831,,,,0.8800582818971814,0.8800507462689411,0.35771381406216657,3.5299999999999687,3.5299999999999687,-8.3385,0,200,200,10,0.05,8,0.4,0.05,8,False
aeb,1554254,markov,0.2,50,0.1,source_batch/1554254/markov_0.2s/seed50,0.0,True,False,duration,9.999999999999831,,,,0.8800582818971814,0.8800507462689411,0.35771381406216657,3.5299999999999687,3.5299999999999687,-8.3385,0,200,200,23,0.115,10,0.5,0.115,10,False
aeb,1554254,markov,0.2,51,0.1,source_batch/1554254/markov_0.2s/seed51,0.0,True,False,duration,9.999999999999831,,,,0.8800582818971814,0.8800507462689411,0.35771381406216657,3.5299999999999687,3.5299999999999687,-8.3385,0,200,200,4,0.02,4,0.2,0.02,4,False
aeb,1554254,markov,0.2,52,0.1,source_batch/1554254/markov_0.2s/seed52,0.0,True,False,duration,9.999999999999831,,,,0.8800582818971814,0.8800507462689411,0.35771381406216657,3.5299999999999687,3.5299999999999687,-8.3385,0,200,200,9,0.045,9,0.45,0.045,9,False
aeb,1554254,markov,0.2,53,0.1,source_batch/1554254/markov_0.2s/seed53,0.0,True,False,duration,9.999999999999831,,,,0.8800582818971814,0.8800507462689411,0.35771381406216657,3.5299999999999687,3.5299999999999687,-8.3385,0,200,200,32,0.16,9,0.45,0.16,9,False
aeb,1554254,markov,0.2,54,0.1,source_batch/1554254/markov_0.2s/seed54,0.0,True,False,duration,9.999999999999831,,,,0.8800582818971814,0.8800507462689411,0.35771381406216657,3.5299999999999687,3.5299999999999687,-8.3385,0,200,200,31,0.155,10,0.5,0.155,10,False
aeb,1554254,markov,0.2,55,0.1,source_batch/1554254/markov_0.2s/seed55,0.0,True,False,duration,9.999999999999831,,,,0.8800582818971814,0.8800507462689411,0.35771381406216657,3.5299999999999687,3.5299999999999687,-8.3385,0,200,200,22,0.11,11,0.55,0.11,11,False
aeb,1554254,markov,0.2,56,0.1,source_batch/1554254/markov_0.2s/seed56,0.0,True,False,duration,9.999999999999831,,,,0.8800582818971814,0.8800507462689411,0.35771381406216657,3.5299999999999687,3.5299999999999687,-8.3385,0,200,200,29,0.145,15,0.75,0.145,15,False
aeb,1554254,markov,0.2,57,0.1,source_batch/1554254/markov_0.2s/seed57,0.0,True,False,duration,9.999999999999831,,,,0.8800582818971814,0.8800507462689411,0.35771381406216657,3.5299999999999687,3.5299999999999687,-8.3385,0,200,200,38,0.19,18,0.9,0.19,18,False
aeb,1554254,markov,0.2,58,0.1,source_batch/1554254/markov_0.2s/seed58,0.0,True,False,duration,9.999999999999831,,,,0.8800582818971814,0.8800507462689411,0.35771381406216657,3.5299999999999687,3.5299999999999687,-8.3385,0,200,200,6,0.03,2,0.1,0.03,2,False
aeb,1554254,markov,0.2,59,0.1,source_batch/1554254/markov_0.2s/seed59,0.0,True,False,duration,9.999999999999831,,,,0.8800582818971814,0.8800507462689411,0.35771381406216657,3.5299999999999687,3.5299999999999687,-8.3385,0,200,200,34,0.17,18,0.9,0.17,18,False
aeb,1554254,markov,0.2,60,0.1,source_batch/1554254/markov_0.2s/seed60,0.0,True,False,duration,9.999999999999831,,,,0.8800582818971814,0.8800507462689411,0.35771381406216657,3.5299999999999687,3.5299999999999687,-8.3385,0,200,200,19,0.095,9,0.45,0.095,9,False
aeb,1554254,markov,0.2,61,0.1,source_batch/1554254/markov_0.2s/seed61,0.0,True,False,duration,9.999999999999831,,,,0.8800582818971814,0.8800507462689411,0.35771381406216657,3.5299999999999687,3.5299999999999687,-8.3385,0,200,200,7,0.035,7,0.35000000000000003,0.035,7,False
aeb,1554254,markov,0.2,62,0.1,source_batch/1554254/markov_0.2s/seed62,0.0,True,False,duration,9.999999999999831,,,,0.8800582818971814,0.8800507462689411,0.35771381406216657,3.5299999999999687,3.5299999999999687,-8.3385,0,200,200,40,0.2,11,0.55,0.2,11,False
aeb,1554254,markov,0.2,63,0.1,source_batch/1554254/markov_0.2s/seed63,0.0,True,False,duration,9.999999999999831,,,,0.8800582818971814,0.8800507462689411,0.35771381406216657,3.5299999999999687,3.5299999999999687,-8.3385,0,200,200,8,0.04,3,0.15000000000000002,0.04,3,False
aeb,1554254,markov,0.2,64,0.1,source_batch/1554254/markov_0.2s/seed64,0.0,True,False,duration,9.999999999999831,,,,0.8800582818971814,0.8800507462689411,0.35771381406216657,3.5299999999999687,3.5299999999999687,-8.3385,0,200,200,25,0.125,12,0.6000000000000001,0.125,12,False
aeb,1554254,markov,0.2,65,0.1,source_batch/1554254/markov_0.2s/seed65,0.0,True,False,duration,9.999999999999831,,,,0.8800582818971814,0.8800507462689411,0.35771381406216657,3.5299999999999687,3.5299999999999687,-8.3385,0,200,200,7,0.035,7,0.35000000000000003,0.035,7,False
aeb,1554254,markov,0.2,66,0.1,source_batch/1554254/markov_0.2s/seed66,0.0,True,False,duration,9.999999999999831,,,,0.8800582818971814,0.8800507462689411,0.35771381406216657,3.5299999999999687,3.5299999999999687,-8.3385,0,200,200,34,0.17,15,0.75,0.17,15,False
aeb,1554254,markov,0.2,67,0.1,source_batch/1554254/markov_0.2s/seed67,0.0,True,False,duration,9.999999999999831,,,,0.8800582818971814,0.8800507462689411,0.35771381406216657,3.5299999999999687,3.5299999999999687,-8.3385,0,200,200,17,0.085,9,0.45,0.085,9,False
aeb,1554254,markov,0.2,68,0.1,source_batch/1554254/markov_0.2s/seed68,0.0,True,False,duration,9.999999999999831,,,,0.8800582818971814,0.8800507462689411,0.35771381406216657,3.5299999999999687,3.5299999999999687,-8.3385,0,200,200,22,0.11,10,0.5,0.11,10,False
aeb,1554254,markov,0.2,69,0.1,source_batch/1554254/markov_0.2s/seed69,0.0,True,False,duration,9.999999999999831,,,,0.8800582818971814,0.8800507462689411,0.35771381406216657,3.5299999999999687,3.5299999999999687,-8.3385,0,200,200,17,0.085,5,0.25,0.085,5,False
aeb,1554254,markov,0.2,70,0.1,source_batch/1554254/markov_0.2s/seed70,0.0,True,False,duration,9.999999999999831,,,,0.8800582818971814,0.8800507462689411,0.35771381406216657,3.5299999999999687,3.5299999999999687,-8.3385,0,200,200,12,0.06,4,0.2,0.06,4,False
aeb,1554254,markov,0.2,71,0.1,source_batch/1554254/markov_0.2s/seed71,0.0,True,False,duration,9.999999999999831,,,,0.8800582818971814,0.8800507462689411,0.35771381406216657,3.5299999999999687,3.5299999999999687,-8.3385,0,200,200,22,0.11,6,0.30000000000000004,0.11,6,False
aeb,1554254,markov,0.2,72,0.1,source_batch/1554254/markov_0.2s/seed72,0.0,True,False,duration,9.999999999999831,,,,0.8800582818971814,0.8800507462689411,0.35771381406216657,3.5299999999999687,3.5299999999999687,-8.3385,0,200,200,24,0.12,8,0.4,0.12,8,False
aeb,1554254,markov,0.2,73,0.1,source_batch/1554254/markov_0.2s/seed73,0.0,True,False,duration,9.999999999999831,,,,0.8800582818971814,0.8800507462689411,0.35771381406216657,3.5299999999999687,3.5299999999999687,-8.3385,0,200,200,14,0.07,8,0.4,0.07,8,False
aeb,1554254,markov,0.2,74,0.1,source_batch/1554254/markov_0.2s/seed74,0.0,True,False,duration,9.999999999999831,,,,0.8800582818971814,0.8800507462689411,0.35771381406216657,3.5299999999999687,3.5299999999999687,-8.3385,0,200,200,14,0.07,6,0.30000000000000004,0.07,6,False
aeb,1554254,markov,0.2,75,0.1,source_batch/1554254/markov_0.2s/seed75,0.0,True,False,duration,9.999999999999831,,,,0.8800582818971814,0.8800507462689411,0.35771381406216657,3.5299999999999687,3.5299999999999687,-8.3385,0,200,200,17,0.085,6,0.30000000000000004,0.085,6,False
aeb,1554254,markov,0.2,76,0.1,source_batch/1554254/markov_0.2s/seed76,0.0,True,False,duration,9.999999999999831,,,,0.8800582818971814,0.8800507462689411,0.35771381406216657,3.5299999999999687,3.5299999999999687,-8.3385,0,200,200,18,0.09,7,0.35000000000000003,0.09,7,False
aeb,1554254,markov,0.2,77,0.1,source_batch/1554254/markov_0.2s/seed77,0.11999999999999744,True,True,collision,5.2499999999999325,5.2499999999999325,7.006801319997951,3.8445238524107426,0,-0.012305632378995845,0,3.649999999999966,3.649999999999966,-8.3385,7.006801319997951,105,105,12,0.11428571428571428,7,0.35000000000000003,0.11428571428571428,7,False
aeb,1554254,markov,0.2,78,0.1,source_batch/1554254/markov_0.2s/seed78,0.0,True,False,duration,9.999999999999831,,,,0.8800582818971814,0.8800507462689411,0.35771381406216657,3.5299999999999687,3.5299999999999687,-8.3385,0,200,200,17,0.085,10,0.5,0.085,10,False
aeb,1554254,markov,0.2,79,0.1,source_batch/1554254/markov_0.2s/seed79,0.0,True,False,duration,9.999999999999831,,,,0.8800582818971814,0.8800507462689411,0.35771381406216657,3.5299999999999687,3.5299999999999687,-8.3385,0,200,200,36,0.18,11,0.55,0.18,11,False
aeb,1554254,markov,0.2,80,0.1,source_batch/1554254/markov_0.2s/seed80,0.0,True,False,duration,9.999999999999831,,,,0.8800582818971814,0.8800507462689411,0.35771381406216657,3.5299999999999687,3.5299999999999687,-8.3385,0,200,200,27,0.135,19,0.9500000000000001,0.135,19,False
aeb,1554254,markov,0.2,81,0.1,source_batch/1554254/markov_0.2s/seed81,0.0,True,False,duration,9.999999999999831,,,,0.8800582818971814,0.8800507462689411,0.35771381406216657,3.5299999999999687,3.5299999999999687,-8.3385,0,200,200,14,0.07,4,0.2,0.07,4,False
aeb,1554254,markov,0.2,82,0.1,source_batch/1554254/markov_0.2s/seed82,0.019999999999999574,True,False,duration,9.999999999999831,,,,0.5848909850218839,0.5848853360991022,0.2780092663009952,3.5499999999999683,3.5499999999999683,-8.3385,0,200,200,36,0.18,13,0.65,0.18,13,False
aeb,1554254,markov,0.2,83,0.1,source_batch/1554254/markov_0.2s/seed83,0.0,True,False,duration,9.999999999999831,,,,0.8800582818971814,0.8800507462689411,0.35771381406216657,3.5299999999999687,3.5299999999999687,-8.3385,0,200,200,20,0.1,11,0.55,0.1,11,False
aeb,1554254,markov,0.2,84,0.1,source_batch/1554254/markov_0.2s/seed84,0.0,True,False,duration,9.999999999999831,,,,0.8800582818971814,0.8800507462689411,0.35771381406216657,3.5299999999999687,3.5299999999999687,-8.3385,0,200,200,6,0.03,3,0.15000000000000002,0.03,3,False
aeb,1554254,markov,0.2,85,0.1,source_batch/1554254/markov_0.2s/seed85,0.019999999999999574,True,False,duration,9.999999999999831,,,,0.5848909850218839,0.5848853360991022,0.2780092663009952,3.5499999999999683,3.5499999999999683,-8.3385,0,200,200,13,0.065,7,0.35000000000000003,0.065,7,False
aeb,1554254,markov,0.2,86,0.1,source_batch/1554254/markov_0.2s/seed86,0.0,True,False,duration,9.999999999999831,,,,0.8800582818971814,0.8800507462689411,0.35771381406216657,3.5299999999999687,3.5299999999999687,-8.3385,0,200,200,11,0.055,4,0.2,0.055,4,False
aeb,1554254,markov,0.2,87,0.1,source_batch/1554254/markov_0.2s/seed87,0.11999999999999744,True,True,collision,5.2499999999999325,5.2499999999999325,7.006801319997951,3.8445238524107426,0,-0.012305632378995845,0,3.649999999999966,3.649999999999966,-8.3385,7.006801319997951,105,105,21,0.2,9,0.45,0.2,9,False
aeb,1554254,markov,0.2,88,0.1,source_batch/1554254/markov_0.2s/seed88,0.0,True,False,duration,9.999999999999831,,,,0.8800582818971814,0.8800507462689411,0.35771381406216657,3.5299999999999687,3.5299999999999687,-8.3385,0,200,200,9,0.045,4,0.2,0.045,4,False
aeb,1554254,markov,0.2,89,0.1,source_batch/1554254/markov_0.2s/seed89,0.0,True,False,duration,9.999999999999831,,,,0.8800582818971814,0.8800507462689411,0.35771381406216657,3.5299999999999687,3.5299999999999687,-8.3385,0,200,200,40,0.2,13,0.65,0.2,13,False
aeb,1554254,markov,0.2,90,0.1,source_batch/1554254/markov_0.2s/seed90,0.0,True,False,duration,9.999999999999831,,,,0.8800582818971814,0.8800507462689411,0.35771381406216657,3.5299999999999687,3.5299999999999687,-8.3385,0,200,200,12,0.06,6,0.30000000000000004,0.06,6,False
aeb,1554254,markov,0.2,91,0.1,source_batch/1554254/markov_0.2s/seed91,0.019999999999999574,True,False,duration,9.999999999999831,,,,0.5848909850218839,0.5848853360991022,0.2780092663009952,3.5499999999999683,3.5499999999999683,-8.3385,0,200,200,28,0.14,9,0.45,0.14,9,False
aeb,1554254,markov,0.2,92,0.1,source_batch/1554254/markov_0.2s/seed92,0.0,True,False,duration,9.999999999999831,,,,0.8800582818971814,0.8800507462689411,0.35771381406216657,3.5299999999999687,3.5299999999999687,-8.3385,0,200,200,22,0.11,9,0.45,0.11,9,False
aeb,1554254,markov,0.2,93,0.1,source_batch/1554254/markov_0.2s/seed93,0.0,True,False,duration,9.999999999999831,,,,0.8800582818971814,0.8800507462689411,0.35771381406216657,3.5299999999999687,3.5299999999999687,-8.3385,0,200,200,0,0,0,0,0,0,False
aeb,1554254,markov,0.2,94,0.1,source_batch/1554254/markov_0.2s/seed94,0.0,True,False,duration,9.999999999999831,,,,0.8800582818971814,0.8800507462689411,0.35771381406216657,3.5299999999999687,3.5299999999999687,-8.3385,0,200,200,31,0.155,8,0.4,0.155,8,False
aeb,1554254,markov,0.2,95,0.1,source_batch/1554254/markov_0.2s/seed95,0.0,True,False,duration,9.999999999999831,,,,0.8800582818971814,0.8800507462689411,0.35771381406216657,3.5299999999999687,3.5299999999999687,-8.3385,0,200,200,15,0.075,5,0.25,0.075,5,False
aeb,1554254,markov,0.2,96,0.1,source_batch/1554254/markov_0.2s/seed96,0.0,True,False,duration,9.999999999999831,,,,0.8800582818971814,0.8800507462689411,0.35771381406216657,3.5299999999999687,3.5299999999999687,-8.3385,0,200,200,35,0.175,10,0.5,0.175,10,False
aeb,1554254,markov,0.2,97,0.1,source_batch/1554254/markov_0.2s/seed97,0.0,True,False,duration,9.999999999999831,,,,0.8800582818971814,0.8800507462689411,0.35771381406216657,3.5299999999999687,3.5299999999999687,-8.3385,0,200,200,11,0.055,4,0.2,0.055,4,False
aeb,1554254,markov,0.2,98,0.1,source_batch/1554254/markov_0.2s/seed98,0.3199999999999932,True,True,collision,4.949999999999939,4.949999999999939,11.176051319997942,7.570500264117032,0,-0.010984236366953226,0,3.849999999999962,3.849999999999962,-8.3385,11.176051319997942,99,99,16,0.16161616161616163,8,0.4,0.16161616161616163,8,False
aeb,1554254,markov,0.2,99,0.1,source_batch/1554254/markov_0.2s/seed99,0.0,True,False,duration,9.999999999999831,,,,0.8800582818971814,0.8800507462689411,0.35771381406216657,3.5299999999999687,3.5299999999999687,-8.3385,0,200,200,12,0.06,5,0.25,0.06,5,False
aeb,1554254,markov,0.5,0,0.1,source_batch/1554254/markov_0.5s/seed0,0.0,True,False,duration,9.999999999999831,,,,0.8800582818971814,0.8800507462689411,0.35771381406216657,3.5299999999999687,3.5299999999999687,-8.3385,0,200,200,62,0.31,53,2.6500000000000004,0.31,53,False
aeb,1554254,markov,0.5,1,0.1,source_batch/1554254/markov_0.5s/seed1,0.0,True,False,duration,9.999999999999831,,,,0.8800582818971814,0.8800507462689411,0.35771381406216657,3.5299999999999687,3.5299999999999687,-8.3385,0,200,200,6,0.03,6,0.30000000000000004,0.03,6,False
aeb,1554254,markov,0.5,2,0.1,source_batch/1554254/markov_0.5s/seed2,0.0,True,False,duration,9.999999999999831,,,,0.8800582818971814,0.8800507462689411,0.35771381406216657,3.5299999999999687,3.5299999999999687,-8.3385,0,200,200,28,0.14,15,0.75,0.14,15,False
aeb,1554254,markov,0.5,3,0.1,source_batch/1554254/markov_0.5s/seed3,0.0,True,False,duration,9.999999999999831,,,,0.8800582818971814,0.8800507462689411,0.35771381406216657,3.5299999999999687,3.5299999999999687,-8.3385,0,200,200,66,0.33,30,1.5,0.33,30,False
aeb,1554254,markov,0.5,4,0.1,source_batch/1554254/markov_0.5s/seed4,0.0,True,False,duration,9.999999999999831,,,,0.8800582818971814,0.8800507462689411,0.35771381406216657,3.5299999999999687,3.5299999999999687,-8.3385,0,200,200,9,0.045,5,0.25,0.045,5,False
aeb,1554254,markov,0.5,5,0.1,source_batch/1554254/markov_0.5s/seed5,0.0,True,False,duration,9.999999999999831,,,,0.8800582818971814,0.8800507462689411,0.35771381406216657,3.5299999999999687,3.5299999999999687,-8.3385,0,200,200,12,0.06,5,0.25,0.06,5,False
aeb,1554254,markov,0.5,6,0.1,source_batch/1554254/markov_0.5s/seed6,0.0,True,False,duration,9.999999999999831,,,,0.8800582818971814,0.8800507462689411,0.35771381406216657,3.5299999999999687,3.5299999999999687,-8.3385,0,200,200,41,0.205,20,1,0.205,20,False
aeb,1554254,markov,0.5,7,0.1,source_batch/1554254/markov_0.5s/seed7,0.11999999999999744,True,True,collision,5.2499999999999325,5.2499999999999325,7.006801319997951,3.8445238524107426,0,-0.012305632378995845,0,3.649999999999966,3.649999999999966,-8.3385,7.006801319997951,105,105,7,0.06666666666666667,6,0.30000000000000004,0.06666666666666667,6,False
aeb,1554254,markov,0.5,8,0.1,source_batch/1554254/markov_0.5s/seed8,0.0,True,False,duration,9.999999999999831,,,,0.8800582818971814,0.8800507462689411,0.35771381406216657,3.5299999999999687,3.5299999999999687,-8.3385,0,200,200,31,0.155,31,1.55,0.155,31,False
aeb,1554254,markov,0.5,9,0.1,source_batch/1554254/markov_0.5s/seed9,0.0,True,False,duration,9.999999999999831,,,,0.8800582818971814,0.8800507462689411,0.35771381406216657,3.5299999999999687,3.5299999999999687,-8.3385,0,200,200,64,0.32,20,1,0.32,20,False
aeb,1554254,markov,0.5,10,0.1,source_batch/1554254/markov_0.5s/seed10,0.019999999999999574,True,False,duration,9.999999999999831,,,,0.5848909850218839,0.5848853360991022,0.2780092663009952,3.5499999999999683,3.5499999999999683,-8.3385,0,200,200,47,0.235,20,1,0.235,20,False
aeb,1554254,markov,0.5,11,0.1,source_batch/1554254/markov_0.5s/seed11,0.0,True,False,duration,9.999999999999831,,,,0.8800582818971814,0.8800507462689411,0.35771381406216657,3.5299999999999687,3.5299999999999687,-8.3385,0,200,200,25,0.125,17,0.8500000000000001,0.125,17,False
aeb,1554254,markov,0.5,12,0.1,source_batch/1554254/markov_0.5s/seed12,,True,True,collision,4.749999999999943,4.749999999999943,17.888543819997935,14.282992764108497,0,-0.007373413940500839,0,,,0,17.888543819997935,95,95,58,0.6105263157894737,33,1.6500000000000001,0.6105263157894737,33,False
aeb,1554254,markov,0.5,13,0.1,source_batch/1554254/markov_0.5s/seed13,0.0,True,False,duration,9.999999999999831,,,,0.8800582818971814,0.8800507462689411,0.35771381406216657,3.5299999999999687,3.5299999999999687,-8.3385,0,200,200,5,0.025,5,0.25,0.025,5,False
aeb,1554254,markov,0.5,14,0.1,source_batch/1554254/markov_0.5s/seed14,0.0,True,False,duration,9.999999999999831,,,,0.8800582818971814,0.8800507462689411,0.35771381406216657,3.5299999999999687,3.5299999999999687,-8.3385,0,200,200,56,0.28,35,1.75,0.28,35,False
aeb,1554254,markov,0.5,15,0.1,source_batch/1554254/markov_0.5s/seed15,0.0,True,False,duration,9.999999999999831,,,,0.8800582818971814,0.8800507462689411,0.35771381406216657,3.5299999999999687,3.5299999999999687,-8.3385,0,200,200,8,0.04,4,0.2,0.04,4,False
aeb,1554254,markov,0.5,16,0.1,source_batch/1554254/markov_0.5s/seed16,0.0,True,False,duration,9.999999999999831,,,,0.8800582818971814,0.8800507462689411,0.35771381406216657,3.5299999999999687,3.5299999999999687,-8.3385,0,200,200,31,0.155,21,1.05,0.155,21,False
aeb,1554254,markov,0.5,17,0.1,source_batch/1554254/markov_0.5s/seed17,0.0,True,False,duration,9.999999999999831,,,,0.8800582818971814,0.8800507462689411,0.35771381406216657,3.5299999999999687,3.5299999999999687,-8.3385,0,200,200,0,0,0,0,0,0,False
aeb,1554254,markov,0.5,18,0.1,source_batch/1554254/markov_0.5s/seed18,0.16999999999999638,True,True,collision,5.139999999999935,5.139999999999935,8.340961319997948,5.178683852413582,0,-0.03678188541725369,0,3.699999999999965,3.699999999999965,-8.3385,8.340961319997948,103,103,19,0.18446601941747573,10,0.5,0.18446601941747573,10,False
aeb,1554254,markov,0.5,19,0.1,source_batch/1554254/markov_0.5s/seed19,0.41999999999999105,True,True,collision,4.87999999999994,4.87999999999994,12.593596319997939,8.121460637361468,0,-0.016545069599644968,0,3.9499999999999598,3.9499999999999598,-8.3385,12.593596319997939,98,98,59,0.6020408163265306,59,2.95,0.6020408163265306,59,False
aeb,1554254,markov,0.5,20,0.1,source_batch/1554254/markov_0.5s/seed20,0.0,True,False,duration,9.999999999999831,,,,0.8800582818971814,0.8800507462689411,0.35771381406216657,3.5299999999999687,3.5299999999999687,-8.3385,0,200,200,17,0.085,9,0.45,0.085,9,False
aeb,1554254,markov,0.5,21,0.1,source_batch/1554254/markov_0.5s/seed21,0.0,True,False,duration,9.999999999999831,,,,0.8800582818971814,0.8800507462689411,0.35771381406216657,3.5299999999999687,3.5299999999999687,-8.3385,0,200,200,34,0.17,15,0.75,0.17,15,False
aeb,1554254,markov,0.5,22,0.1,source_batch/1554254/markov_0.5s/seed22,0.0,True,False,duration,9.999999999999831,,,,0.8800582818971814,0.8800507462689411,0.35771381406216657,3.5299999999999687,3.5299999999999687,-8.3385,0,200,200,10,0.05,4,0.2,0.05,4,False
aeb,1554254,markov,0.5,23,0.1,source_batch/1554254/markov_0.5s/seed23,0.6199999999999872,True,True,collision,4.799999999999942,4.799999999999942,14.928376319997934,10.456240637353647,0,-0.040976305578038996,0,4.149999999999956,4.149999999999956,-8.3385,14.928376319997934,96,96,15,0.15625,15,0.75,0.15625,15,False
aeb,1554254,markov,0.5,24,0.1,source_batch/1554254/markov_0.5s/seed24,0.0,True,False,duration,9.999999999999831,,,,0.8800582818971814,0.8800507462689411,0.35771381406216657,3.5299999999999687,3.5299999999999687,-8.3385,0,200,200,11,0.055,11,0.55,0.055,11,False
aeb,1554254,markov,0.5,25,0.1,source_batch/1554254/markov_0.5s/seed25,0.0,True,False,duration,9.999999999999831,,,,0.8800582818971814,0.8800507462689411,0.35771381406216657,3.5299999999999687,3.5299999999999687,-8.3385,0,200,200,50,0.25,31,1.55,0.25,31,False
aeb,1554254,markov,0.5,26,0.1,source_batch/1554254/markov_0.5s/seed26,0.0,True,False,duration,9.999999999999831,,,,0.8800582818971814,0.8800507462689411,0.35771381406216657,3.5299999999999687,3.5299999999999687,-8.3385,0,200,200,77,0.385,57,2.85,0.385,57,False
aeb,1554254,markov,0.5,27,0.1,source_batch/1554254/markov_0.5s/seed27,0.0,True,False,duration,9.999999999999831,,,,0.8800582818971814,0.8800507462689411,0.35771381406216657,3.5299999999999687,3.5299999999999687,-8.3385,0,200,200,31,0.155,18,0.9,0.155,18,False
aeb,1554254,markov,0.5,28,0.1,source_batch/1554254/markov_0.5s/seed28,0.0,True,False,duration,9.999999999999831,,,,0.8800582818971814,0.8800507462689411,0.35771381406216657,3.5299999999999687,3.5299999999999687,-8.3385,0,200,200,25,0.125,20,1,0.125,20,False
aeb,1554254,markov,0.5,29,0.1,source_batch/1554254/markov_0.5s/seed29,0.0,True,False,duration,9.999999999999831,,,,0.8800582818971814,0.8800507462689411,0.35771381406216657,3.5299999999999687,3.5299999999999687,-8.3385,0,200,200,0,0,0,0,0,0,False
aeb,1554254,markov,0.5,30,0.1,source_batch/1554254/markov_0.5s/seed30,0.0,True,False,duration,9.999999999999831,,,,0.8800582818971814,0.8800507462689411,0.35771381406216657,3.5299999999999687,3.5299999999999687,-8.3385,0,200,200,4,0.02,4,0.2,0.02,4,False
aeb,1554254,markov,0.5,31,0.1,source_batch/1554254/markov_0.5s/seed31,0.0,True,False,duration,9.999999999999831,,,,0.8800582818971814,0.8800507462689411,0.35771381406216657,3.5299999999999687,3.5299999999999687,-8.3385,0,200,200,7,0.035,7,0.35000000000000003,0.035,7,False
aeb,1554254,markov,0.5,32,0.1,source_batch/1554254/markov_0.5s/seed32,0.0,True,False,duration,9.999999999999831,,,,0.8800582818971814,0.8800507462689411,0.35771381406216657,3.5299999999999687,3.5299999999999687,-8.3385,0,200,200,14,0.07,6,0.30000000000000004,0.07,6,False
aeb,1554254,markov,0.5,33,0.1,source_batch/1554254/markov_0.5s/seed33,0.0,True,False,duration,9.999999999999831,,,,0.8800582818971814,0.8800507462689411,0.35771381406216657,3.5299999999999687,3.5299999999999687,-8.3385,0,200,200,23,0.115,17,0.8500000000000001,0.115,17,False
aeb,1554254,markov,0.5,34,0.1,source_batch/1554254/markov_0.5s/seed34,0.0,True,False,duration,9.999999999999831,,,,0.8800582818971814,0.8800507462689411,0.35771381406216657,3.5299999999999687,3.5299999999999687,-8.3385,0,200,200,5,0.025,4,0.2,0.025,4,False
aeb,1554254,markov,0.5,35,0.1,source_batch/1554254/markov_0.5s/seed35,0.11999999999999744,True,True,collision,5.2499999999999325,5.2499999999999325,7.006801319997951,3.8445238524107426,0,-0.012305632378995845,0,3.649999999999966,3.649999999999966,-8.3385,7.006801319997951,105,105,9,0.08571428571428572,4,0.2,0.08571428571428572,4,False
aeb,1554254,markov,0.5,36,0.1,source_batch/1554254/markov_0.5s/seed36,0.0,True,False,duration,9.999999999999831,,,,0.8800582818971814,0.8800507462689411,0.35771381406216657,3.5299999999999687,3.5299999999999687,-8.3385,0,200,200,1,0.005,1,0.05,0.005,1,False
aeb,1554254,markov,0.5,37,0.1,source_batch/1554254/markov_0.5s/seed37,0.0,True,False,duration,9.999999999999831,,,,0.8800582818971814,0.8800507462689411,0.35771381406216657,3.5299999999999687,3.5299999999999687,-8.3385,0,200,200,36,0.18,29,1.4500000000000002,0.18,29,False
aeb,1554254,markov,0.5,38,0.1,source_batch/1554254/markov_0.5s/seed38,0.0,True,False,duration,9.999999999999831,,,,0.8800582818971814,0.8800507462689411,0.35771381406216657,3.5299999999999687,3.5299999999999687,-8.3385,0,200,200,19,0.095,15,0.75,0.095,15,False
aeb,1554254,markov,0.5,39,0.1,source_batch/1554254/markov_0.5s/seed39,0.0,True,False,duration,9.999999999999831,,,,0.8800582818971814,0.8800507462689411,0.35771381406216657,3.5299999999999687,3.5299999999999687,-8.3385,0,200,200,13,0.065,13,0.65,0.065,13,False
aeb,1554254,markov,0.5,40,0.1,source_batch/1554254/markov_0.5s/seed40,0.0,True,False,duration,9.999999999999831,,,,0.8800582818971814,0.8800507462689411,0.35771381406216657,3.5299999999999687,3.5299999999999687,-8.3385,0,200,200,15,0.075,6,0.30000000000000004,0.075,6,False
aeb,1554254,markov,0.5,41,0.1,source_batch/1554254/markov_0.5s/seed41,0.0,True,False,duration,9.999999999999831,,,,0.8800582818971814,0.8800507462689411,0.35771381406216657,3.5299999999999687,3.5299999999999687,-8.3385,0,200,200,36,0.18,18,0.9,0.18,18,False
aeb,1554254,markov,0.5,42,0.1,source_batch/1554254/markov_0.5s/seed42,0.11999999999999744,True,True,collision,5.2499999999999325,5.2499999999999325,7.006801319997951,3.8445238524107426,0,-0.012305632378995845,0,3.649999999999966,3.649999999999966,-8.3385,7.006801319997951,105,105,9,0.08571428571428572,8,0.4,0.08571428571428572,8,False
aeb,1554254,markov,0.5,43,0.1,source_batch/1554254/markov_0.5s/seed43,0.0,True,False,duration,9.999999999999831,,,,0.8800582818971814,0.8800507462689411,0.35771381406216657,3.5299999999999687,3.5299999999999687,-8.3385,0,200,200,18,0.09,8,0.4,0.09,8,False
aeb,1554254,markov,0.5,44,0.1,source_batch/1554254/markov_0.5s/seed44,0.0,True,False,duration,9.999999999999831,,,,0.8800582818971814,0.8800507462689411,0.35771381406216657,3.5299999999999687,3.5299999999999687,-8.3385,0,200,200,0,0,0,0,0,0,False
aeb,1554254,markov,0.5,45,0.1,source_batch/1554254/markov_0.5s/seed45,0.0,True,False,duration,9.999999999999831,,,,0.8800582818971814,0.8800507462689411,0.35771381406216657,3.5299999999999687,3.5299999999999687,-8.3385,0,200,200,6,0.03,5,0.25,0.03,5,False
aeb,1554254,markov,0.5,46,0.1,source_batch/1554254/markov_0.5s/seed46,0.0,True,False,duration,9.999999999999831,,,,0.8800582818971814,0.8800507462689411,0.35771381406216657,3.5299999999999687,3.5299999999999687,-8.3385,0,200,200,23,0.115,10,0.5,0.115,10,False
aeb,1554254,markov,0.5,47,0.1,source_batch/1554254/markov_0.5s/seed47,0.0,True,False,duration,9.999999999999831,,,,0.8800582818971814,0.8800507462689411,0.35771381406216657,3.5299999999999687,3.5299999999999687,-8.3385,0,200,200,6,0.03,4,0.2,0.03,4,False
aeb,1554254,markov,0.5,48,0.1,source_batch/1554254/markov_0.5s/seed48,0.0,True,False,duration,9.999999999999831,,,,0.8800582818971814,0.8800507462689411,0.35771381406216657,3.5299999999999687,3.5299999999999687,-8.3385,0,200,200,8,0.04,4,0.2,0.04,4,False
aeb,1554254,markov,0.5,49,0.1,source_batch/1554254/markov_0.5s/seed49,0.0,True,False,duration,9.999999999999831,,,,0.8800582818971814,0.8800507462689411,0.35771381406216657,3.5299999999999687,3.5299999999999687,-8.3385,0,200,200,1,0.005,1,0.05,0.005,1,False
aeb,1554254,markov,0.5,50,0.1,source_batch/1554254/markov_0.5s/seed50,0.0,True,False,duration,9.999999999999831,,,,0.8800582818971814,0.8800507462689411,0.35771381406216657,3.5299999999999687,3.5299999999999687,-8.3385,0,200,200,33,0.165,16,0.8,0.165,16,False
aeb,1554254,markov,0.5,51,0.1,source_batch/1554254/markov_0.5s/seed51,0.0,True,False,duration,9.999999999999831,,,,0.8800582818971814,0.8800507462689411,0.35771381406216657,3.5299999999999687,3.5299999999999687,-8.3385,0,200,200,0,0,0,0,0,0,False
aeb,1554254,markov,0.5,52,0.1,source_batch/1554254/markov_0.5s/seed52,0.0,True,False,duration,9.999999999999831,,,,0.8800582818971814,0.8800507462689411,0.35771381406216657,3.5299999999999687,3.5299999999999687,-8.3385,0,200,200,0,0,0,0,0,0,False
aeb,1554254,markov,0.5,53,0.1,source_batch/1554254/markov_0.5s/seed53,0.0,True,False,duration,9.999999999999831,,,,0.8800582818971814,0.8800507462689411,0.35771381406216657,3.5299999999999687,3.5299999999999687,-8.3385,0,200,200,16,0.08,12,0.6000000000000001,0.08,12,False
aeb,1554254,markov,0.5,54,0.1,source_batch/1554254/markov_0.5s/seed54,0.0,True,False,duration,9.999999999999831,,,,0.8800582818971814,0.8800507462689411,0.35771381406216657,3.5299999999999687,3.5299999999999687,-8.3385,0,200,200,26,0.13,17,0.8500000000000001,0.13,17,False
aeb,1554254,markov,0.5,55,0.1,source_batch/1554254/markov_0.5s/seed55,0.0,True,False,duration,9.999999999999831,,,,0.8800582818971814,0.8800507462689411,0.35771381406216657,3.5299999999999687,3.5299999999999687,-8.3385,0,200,200,23,0.115,15,0.75,0.115,15,False
aeb,1554254,markov,0.5,56,0.1,source_batch/1554254/markov_0.5s/seed56,0.0,True,False,duration,9.999999999999831,,,,0.8800582818971814,0.8800507462689411,0.35771381406216657,3.5299999999999687,3.5299999999999687,-8.3385,0,200,200,17,0.085,9,0.45,0.085,9,False
aeb,1554254,markov,0.5,57,0.1,source_batch/1554254/markov_0.5s/seed57,0.0,True,False,duration,9.999999999999831,,,,0.8800582818971814,0.8800507462689411,0.35771381406216657,3.5299999999999687,3.5299999999999687,-8.3385,0,200,200,56,0.28,54,2.7,0.28,54,False
aeb,1554254,markov,0.5,58,0.1,source_batch/1554254/markov_0.5s/seed58,0.0,True,False,duration,9.999999999999831,,,,0.8800582818971814,0.8800507462689411,0.35771381406216657,3.5299999999999687,3.5299999999999687,-8.3385,0,200,200,8,0.04,7,0.35000000000000003,0.04,7,False
aeb,1554254,markov,0.5,59,0.1,source_batch/1554254/markov_0.5s/seed59,0.0,True,False,duration,9.999999999999831,,,,0.8800582818971814,0.8800507462689411,0.35771381406216657,3.5299999999999687,3.5299999999999687,-8.3385,0,200,200,74,0.37,32,1.6,0.37,32,False
aeb,1554254,markov,0.5,60,0.1,source_batch/1554254/markov_0.5s/seed60,0.0,True,False,duration,9.999999999999831,,,,0.8800582818971814,0.8800507462689411,0.35771381406216657,3.5299999999999687,3.5299999999999687,-8.3385,0,200,200,25,0.125,14,0.7000000000000001,0.125,14,False
aeb,1554254,markov,0.5,61,0.1,source_batch/1554254/markov_0.5s/seed61,0.0,True,False,duration,9.999999999999831,,,,0.8800582818971814,0.8800507462689411,0.35771381406216657,3.5299999999999687,3.5299999999999687,-8.3385,0,200,200,0,0,0,0,0,0,False
aeb,1554254,markov,0.5,62,0.1,source_batch/1554254/markov_0.5s/seed62,0.0,True,False,duration,9.999999999999831,,,,0.8800582818971814,0.8800507462689411,0.35771381406216657,3.5299999999999687,3.5299999999999687,-8.3385,0,200,200,39,0.195,11,0.55,0.195,11,False
aeb,1554254,markov,0.5,63,0.1,source_batch/1554254/markov_0.5s/seed63,0.0,True,False,duration,9.999999999999831,,,,0.8800582818971814,0.8800507462689411,0.35771381406216657,3.5299999999999687,3.5299999999999687,-8.3385,0,200,200,0,0,0,0,0,0,False
aeb,1554254,markov,0.5,64,0.1,source_batch/1554254/markov_0.5s/seed64,0.0,True,False,duration,9.999999999999831,,,,0.8800582818971814,0.8800507462689411,0.35771381406216657,3.5299999999999687,3.5299999999999687,-8.3385,0,200,200,36,0.18,16,0.8,0.18,16,False
aeb,1554254,markov,0.5,65,0.1,source_batch/1554254/markov_0.5s/seed65,0.0,True,False,duration,9.999999999999831,,,,0.8800582818971814,0.8800507462689411,0.35771381406216657,3.5299999999999687,3.5299999999999687,-8.3385,0,200,200,0,0,0,0,0,0,False
aeb,1554254,markov,0.5,66,0.1,source_batch/1554254/markov_0.5s/seed66,0.0,True,False,duration,9.999999999999831,,,,0.8800582818971814,0.8800507462689411,0.35771381406216657,3.5299999999999687,3.5299999999999687,-8.3385,0,200,200,3,0.015,3,0.15000000000000002,0.015,3,False
aeb,1554254,markov,0.5,67,0.1,source_batch/1554254/markov_0.5s/seed67,0.0,True,False,duration,9.999999999999831,,,,0.8800582818971814,0.8800507462689411,0.35771381406216657,3.5299999999999687,3.5299999999999687,-8.3385,0,200,200,5,0.025,5,0.25,0.025,5,False
aeb,1554254,markov,0.5,68,0.1,source_batch/1554254/markov_0.5s/seed68,0.0,True,False,duration,9.999999999999831,,,,0.8800582818971814,0.8800507462689411,0.35771381406216657,3.5299999999999687,3.5299999999999687,-8.3385,0,200,200,36,0.18,22,1.1,0.18,22,False
aeb,1554254,markov,0.5,69,0.1,source_batch/1554254/markov_0.5s/seed69,0.0,True,False,duration,9.999999999999831,,,,0.8800582818971814,0.8800507462689411,0.35771381406216657,3.5299999999999687,3.5299999999999687,-8.3385,0,200,200,12,0.06,8,0.4,0.06,8,False
aeb,1554254,markov,0.5,70,0.1,source_batch/1554254/markov_0.5s/seed70,0.0,True,False,duration,9.999999999999831,,,,0.8800582818971814,0.8800507462689411,0.35771381406216657,3.5299999999999687,3.5299999999999687,-8.3385,0,200,200,8,0.04,5,0.25,0.04,5,False
aeb,1554254,markov,0.5,71,0.1,source_batch/1554254/markov_0.5s/seed71,0.0,True,False,duration,9.999999999999831,,,,0.8800582818971814,0.8800507462689411,0.35771381406216657,3.5299999999999687,3.5299999999999687,-8.3385,0,200,200,17,0.085,9,0.45,0.085,9,False
aeb,1554254,markov,0.5,72,0.1,source_batch/1554254/markov_0.5s/seed72,0.0,True,False,duration,9.999999999999831,,,,0.8800582818971814,0.8800507462689411,0.35771381406216657,3.5299999999999687,3.5299999999999687,-8.3385,0,200,200,6,0.03,5,0.25,0.03,5,False
aeb,1554254,markov,0.5,73,0.1,source_batch/1554254/markov_0.5s/seed73,0.0,True,False,duration,9.999999999999831,,,,0.8800582818971814,0.8800507462689411,0.35771381406216657,3.5299999999999687,3.5299999999999687,-8.3385,0,200,200,14,0.07,13,0.65,0.07,13,False
aeb,1554254,markov,0.5,74,0.1,source_batch/1554254/markov_0.5s/seed74,0.0,True,False,duration,9.999999999999831,,,,0.8800582818971814,0.8800507462689411,0.35771381406216657,3.5299999999999687,3.5299999999999687,-8.3385,0,200,200,17,0.085,16,0.8,0.085,16,False
aeb,1554254,markov,0.5,75,0.1,source_batch/1554254/markov_0.5s/seed75,0.0,True,False,duration,9.999999999999831,,,,0.8800582818971814,0.8800507462689411,0.35771381406216657,3.5299999999999687,3.5299999999999687,-8.3385,0,200,200,10,0.05,6,0.30000000000000004,0.05,6,False
aeb,1554254,markov,0.5,76,0.1,source_batch/1554254/markov_0.5s/seed76,0.0,True,False,duration,9.999999999999831,,,,0.8800582818971814,0.8800507462689411,0.35771381406216657,3.5299999999999687,3.5299999999999687,-8.3385,0,200,200,21,0.105,18,0.9,0.105,18,False
aeb,1554254,markov,0.5,77,0.1,source_batch/1554254/markov_0.5s/seed77,0.0,True,False,duration,9.999999999999831,,,,0.8800582818971814,0.8800507462689411,0.35771381406216657,3.5299999999999687,3.5299999999999687,-8.3385,0,200,200,0,0,0,0,0,0,False
aeb,1554254,markov,0.5,78,0.1,source_batch/1554254/markov_0.5s/seed78,0.0,True,False,duration,9.999999999999831,,,,0.8800582818971814,0.8800507462689411,0.35771381406216657,3.5299999999999687,3.5299999999999687,-8.3385,0,200,200,2,0.01,2,0.1,0.01,2,False
aeb,1554254,markov,0.5,79,0.1,source_batch/1554254/markov_0.5s/seed79,0.0,True,False,duration,9.999999999999831,,,,0.8800582818971814,0.8800507462689411,0.35771381406216657,3.5299999999999687,3.5299999999999687,-8.3385,0,200,200,30,0.15,12,0.6000000000000001,0.15,12,False
aeb,1554254,markov,0.5,80,0.1,source_batch/1554254/markov_0.5s/seed80,0.11999999999999744,True,True,collision,5.2499999999999325,5.2499999999999325,7.006801319997951,3.8445238524107426,0,-0.012305632378995845,0,3.649999999999966,3.649999999999966,-8.3385,7.006801319997951,105,105,31,0.29523809523809524,31,1.55,0.29523809523809524,31,False
aeb,1554254,markov,0.5,81,0.1,source_batch/1554254/markov_0.5s/seed81,0.0,True,False,duration,9.999999999999831,,,,0.8800582818971814,0.8800507462689411,0.35771381406216657,3.5299999999999687,3.5299999999999687,-8.3385,0,200,200,16,0.08,10,0.5,0.08,10,False
aeb,1554254,markov,0.5,82,0.1,source_batch/1554254/markov_0.5s/seed82,0.019999999999999574,True,False,duration,9.999999999999831,,,,0.5848909850218839,0.5848853360991022,0.2780092663009952,3.5499999999999683,3.5499999999999683,-8.3385,0,200,200,21,0.105,10,0.5,0.105,10,False
aeb,1554254,markov,0.5,83,0.1,source_batch/1554254/markov_0.5s/seed83,0.0,True,False,duration,9.999999999999831,,,,0.8800582818971814,0.8800507462689411,0.35771381406216657,3.5299999999999687,3.5299999999999687,-8.3385,0,200,200,11,0.055,11,0.55,0.055,11,False
aeb,1554254,markov,0.5,84,0.1,source_batch/1554254/markov_0.5s/seed84,0.0,True,False,duration,9.999999999999831,,,,0.8800582818971814,0.8800507462689411,0.35771381406216657,3.5299999999999687,3.5299999999999687,-8.3385,0,200,200,1,0.005,1,0.05,0.005,1,False
aeb,1554254,markov,0.5,85,0.1,source_batch/1554254/markov_0.5s/seed85,0.0,True,False,duration,9.999999999999831,,,,0.8800582818971814,0.8800507462689411,0.35771381406216657,3.5299999999999687,3.5299999999999687,-8.3385,0,200,200,28,0.14,15,0.75,0.14,15,False
aeb,1554254,markov,0.5,86,0.1,source_batch/1554254/markov_0.5s/seed86,0.0,True,False,duration,9.999999999999831,,,,0.8800582818971814,0.8800507462689411,0.35771381406216657,3.5299999999999687,3.5299999999999687,-8.3385,0,200,200,22,0.11,18,0.9,0.11,18,False
aeb,1554254,markov,0.5,87,0.1,source_batch/1554254/markov_0.5s/seed87,0.0,True,False,duration,9.999999999999831,,,,0.8800582818971814,0.8800507462689411,0.35771381406216657,3.5299999999999687,3.5299999999999687,-8.3385,0,200,200,11,0.055,11,0.55,0.055,11,False
aeb,1554254,markov,0.5,88,0.1,source_batch/1554254/markov_0.5s/seed88,,True,True,collision,4.749999999999943,4.749999999999943,17.888543819997935,14.282992764108497,0,-0.007373413940500839,0,,,0,17.888543819997935,95,95,33,0.3473684210526316,33,1.6500000000000001,0.3473684210526316,33,False
aeb,1554254,markov,0.5,89,0.1,source_batch/1554254/markov_0.5s/seed89,0.0,True,False,duration,9.999999999999831,,,,0.8800582818971814,0.8800507462689411,0.35771381406216657,3.5299999999999687,3.5299999999999687,-8.3385,0,200,200,0,0,0,0,0,0,False
aeb,1554254,markov,0.5,90,0.1,source_batch/1554254/markov_0.5s/seed90,0.0,True,False,duration,9.999999999999831,,,,0.8800582818971814,0.8800507462689411,0.35771381406216657,3.5299999999999687,3.5299999999999687,-8.3385,0,200,200,39,0.195,16,0.8,0.195,16,False
aeb,1554254,markov,0.5,91,0.1,source_batch/1554254/markov_0.5s/seed91,0.0,True,False,duration,9.999999999999831,,,,0.8800582818971814,0.8800507462689411,0.35771381406216657,3.5299999999999687,3.5299999999999687,-8.3385,0,200,200,0,0,0,0,0,0,False
aeb,1554254,markov,0.5,92,0.1,source_batch/1554254/markov_0.5s/seed92,0.0,True,False,duration,9.999999999999831,,,,0.8800582818971814,0.8800507462689411,0.35771381406216657,3.5299999999999687,3.5299999999999687,-8.3385,0,200,200,49,0.245,46,2.3000000000000003,0.245,46,False
aeb,1554254,markov,0.5,93,0.1,source_batch/1554254/markov_0.5s/seed93,0.0,True,False,duration,9.999999999999831,,,,0.8800582818971814,0.8800507462689411,0.35771381406216657,3.5299999999999687,3.5299999999999687,-8.3385,0,200,200,0,0,0,0,0,0,False
aeb,1554254,markov,0.5,94,0.1,source_batch/1554254/markov_0.5s/seed94,0.0,True,False,duration,9.999999999999831,,,,0.8800582818971814,0.8800507462689411,0.35771381406216657,3.5299999999999687,3.5299999999999687,-8.3385,0,200,200,35,0.175,17,0.8500000000000001,0.175,17,False
aeb,1554254,markov,0.5,95,0.1,source_batch/1554254/markov_0.5s/seed95,0.0,True,False,duration,9.999999999999831,,,,0.8800582818971814,0.8800507462689411,0.35771381406216657,3.5299999999999687,3.5299999999999687,-8.3385,0,200,200,12,0.06,5,0.25,0.06,5,False
aeb,1554254,markov,0.5,96,0.1,source_batch/1554254/markov_0.5s/seed96,0.0,True,False,duration,9.999999999999831,,,,0.8800582818971814,0.8800507462689411,0.35771381406216657,3.5299999999999687,3.5299999999999687,-8.3385,0,200,200,56,0.28,14,0.7000000000000001,0.28,14,False
aeb,1554254,markov,0.5,97,0.1,source_batch/1554254/markov_0.5s/seed97,0.0,True,False,duration,9.999999999999831,,,,0.8800582818971814,0.8800507462689411,0.35771381406216657,3.5299999999999687,3.5299999999999687,-8.3385,0,200,200,21,0.105,21,1.05,0.105,21,False
aeb,1554254,markov,0.5,98,0.1,source_batch/1554254/markov_0.5s/seed98,0.0,True,False,duration,9.999999999999831,,,,0.8800582818971814,0.8800507462689411,0.35771381406216657,3.5299999999999687,3.5299999999999687,-8.3385,0,200,200,27,0.135,17,0.8500000000000001,0.135,17,False
aeb,1554254,markov,0.5,99,0.1,source_batch/1554254/markov_0.5s/seed99,0.0,True,False,duration,9.999999999999831,,,,0.8800582818971814,0.8800507462689411,0.35771381406216657,3.5299999999999687,3.5299999999999687,-8.3385,0,200,200,96,0.48,55,2.75,0.48,55,False
aeb,1554254,markov,1.0,0,0.1,source_batch/1554254/markov_1s/seed0,0.0,True,False,duration,9.999999999999831,,,,0.8800582818971814,0.8800507462689411,0.35771381406216657,3.5299999999999687,3.5299999999999687,-8.3385,0,200,200,9,0.045,9,0.45,0.045,9,False
aeb,1554254,markov,1.0,1,0.1,source_batch/1554254/markov_1s/seed1,0.0,True,False,duration,9.999999999999831,,,,0.8800582818971814,0.8800507462689411,0.35771381406216657,3.5299999999999687,3.5299999999999687,-8.3385,0,200,200,29,0.145,29,1.4500000000000002,0.145,29,False
aeb,1554254,markov,1.0,2,0.1,source_batch/1554254/markov_1s/seed2,0.0,True,False,duration,9.999999999999831,,,,0.8800582818971814,0.8800507462689411,0.35771381406216657,3.5299999999999687,3.5299999999999687,-8.3385,0,200,200,51,0.255,39,1.9500000000000002,0.255,39,False
aeb,1554254,markov,1.0,3,0.1,source_batch/1554254/markov_1s/seed3,0.0,True,False,duration,9.999999999999831,,,,0.8800582818971814,0.8800507462689411,0.35771381406216657,3.5299999999999687,3.5299999999999687,-8.3385,0,200,200,64,0.32,34,1.7000000000000002,0.32,34,False
aeb,1554254,markov,1.0,4,0.1,source_batch/1554254/markov_1s/seed4,0.0,True,False,duration,9.999999999999831,,,,0.8800582818971814,0.8800507462689411,0.35771381406216657,3.5299999999999687,3.5299999999999687,-8.3385,0,200,200,4,0.02,4,0.2,0.02,4,False
aeb,1554254,markov,1.0,5,0.1,source_batch/1554254/markov_1s/seed5,0.0,True,False,duration,9.999999999999831,,,,0.8800582818971814,0.8800507462689411,0.35771381406216657,3.5299999999999687,3.5299999999999687,-8.3385,0,200,200,10,0.05,5,0.25,0.05,5,False
aeb,1554254,markov,1.0,6,0.1,source_batch/1554254/markov_1s/seed6,0.0,True,False,duration,9.999999999999831,,,,0.8800582818971814,0.8800507462689411,0.35771381406216657,3.5299999999999687,3.5299999999999687,-8.3385,0,200,200,65,0.325,44,2.2,0.325,44,False
aeb,1554254,markov,1.0,7,0.1,source_batch/1554254/markov_1s/seed7,0.11999999999999744,True,True,collision,5.2499999999999325,5.2499999999999325,7.006801319997951,3.8445238524107426,0,-0.012305632378995845,0,3.649999999999966,3.649999999999966,-8.3385,7.006801319997951,105,105,6,0.05714285714285714,6,0.30000000000000004,0.05714285714285714,6,False
aeb,1554254,markov,1.0,8,0.1,source_batch/1554254/markov_1s/seed8,0.0,True,False,duration,9.999999999999831,,,,0.8800582818971814,0.8800507462689411,0.35771381406216657,3.5299999999999687,3.5299999999999687,-8.3385,0,200,200,0,0,0,0,0,0,False
aeb,1554254,markov,1.0,9,0.1,source_batch/1554254/markov_1s/seed9,0.0,True,False,duration,9.999999999999831,,,,0.8800582818971814,0.8800507462689411,0.35771381406216657,3.5299999999999687,3.5299999999999687,-8.3385,0,200,200,64,0.32,28,1.4000000000000001,0.32,28,False
aeb,1554254,markov,1.0,10,0.1,source_batch/1554254/markov_1s/seed10,0.019999999999999574,True,False,duration,9.999999999999831,,,,0.5848909850218839,0.5848853360991022,0.2780092663009952,3.5499999999999683,3.5499999999999683,-8.3385,0,200,200,39,0.195,20,1,0.195,20,False
aeb,1554254,markov,1.0,11,0.1,source_batch/1554254/markov_1s/seed11,0.0,True,False,duration,9.999999999999831,,,,0.8800582818971814,0.8800507462689411,0.35771381406216657,3.5299999999999687,3.5299999999999687,-8.3385,0,200,200,13,0.065,13,0.65,0.065,13,False
aeb,1554254,markov,1.0,12,0.1,source_batch/1554254/markov_1s/seed12,,True,True,collision,4.749999999999943,4.749999999999943,17.888543819997935,14.282992764108497,0,-0.007373413940500839,0,,,0,17.888543819997935,95,95,77,0.8105263157894737,52,2.6,0.8105263157894737,52,False
aeb,1554254,markov,1.0,13,0.1,source_batch/1554254/markov_1s/seed13,0.0,True,False,duration,9.999999999999831,,,,0.8800582818971814,0.8800507462689411,0.35771381406216657,3.5299999999999687,3.5299999999999687,-8.3385,0,200,200,5,0.025,5,0.25,0.025,5,False
aeb,1554254,markov,1.0,14,0.1,source_batch/1554254/markov_1s/seed14,0.0,True,False,duration,9.999999999999831,,,,0.8800582818971814,0.8800507462689411,0.35771381406216657,3.5299999999999687,3.5299999999999687,-8.3385,0,200,200,23,0.115,16,0.8,0.115,16,False
aeb,1554254,markov,1.0,15,0.1,source_batch/1554254/markov_1s/seed15,0.0,True,False,duration,9.999999999999831,,,,0.8800582818971814,0.8800507462689411,0.35771381406216657,3.5299999999999687,3.5299999999999687,-8.3385,0,200,200,4,0.02,4,0.2,0.02,4,False
aeb,1554254,markov,1.0,16,0.1,source_batch/1554254/markov_1s/seed16,0.0,True,False,duration,9.999999999999831,,,,0.8800582818971814,0.8800507462689411,0.35771381406216657,3.5299999999999687,3.5299999999999687,-8.3385,0,200,200,0,0,0,0,0,0,False
aeb,1554254,markov,1.0,17,0.1,source_batch/1554254/markov_1s/seed17,0.0,True,False,duration,9.999999999999831,,,,0.8800582818971814,0.8800507462689411,0.35771381406216657,3.5299999999999687,3.5299999999999687,-8.3385,0,200,200,0,0,0,0,0,0,False
aeb,1554254,markov,1.0,18,0.1,source_batch/1554254/markov_1s/seed18,0.0,True,False,duration,9.999999999999831,,,,0.8800582818971814,0.8800507462689411,0.35771381406216657,3.5299999999999687,3.5299999999999687,-8.3385,0,200,200,6,0.03,6,0.30000000000000004,0.03,6,False
aeb,1554254,markov,1.0,19,0.1,source_batch/1554254/markov_1s/seed19,,True,True,collision,4.749999999999943,4.749999999999943,17.888543819997935,14.282992764108497,0,-0.007373413940500839,0,,,0,17.888543819997935,95,95,75,0.7894736842105263,75,3.75,0.7894736842105263,75,False
aeb,1554254,markov,1.0,20,0.1,source_batch/1554254/markov_1s/seed20,0.0,True,False,duration,9.999999999999831,,,,0.8800582818971814,0.8800507462689411,0.35771381406216657,3.5299999999999687,3.5299999999999687,-8.3385,0,200,200,15,0.075,9,0.45,0.075,9,False
aeb,1554254,markov,1.0,21,0.1,source_batch/1554254/markov_1s/seed21,0.0,True,False,duration,9.999999999999831,,,,0.8800582818971814,0.8800507462689411,0.35771381406216657,3.5299999999999687,3.5299999999999687,-8.3385,0,200,200,15,0.075,8,0.4,0.075,8,False
aeb,1554254,markov,1.0,22,0.1,source_batch/1554254/markov_1s/seed22,0.0,True,False,duration,9.999999999999831,,,,0.8800582818971814,0.8800507462689411,0.35771381406216657,3.5299999999999687,3.5299999999999687,-8.3385,0,200,200,4,0.02,4,0.2,0.02,4,False
aeb,1554254,markov,1.0,23,0.1,source_batch/1554254/markov_1s/seed23,0.0,True,False,duration,9.999999999999831,,,,0.8800582818971814,0.8800507462689411,0.35771381406216657,3.5299999999999687,3.5299999999999687,-8.3385,0,200,200,0,0,0,0,0,0,False
aeb,1554254,markov,1.0,24,0.1,source_batch/1554254/markov_1s/seed24,0.0,True,False,duration,9.999999999999831,,,,0.8800582818971814,0.8800507462689411,0.35771381406216657,3.5299999999999687,3.5299999999999687,-8.3385,0,200,200,11,0.055,11,0.55,0.055,11,False
aeb,1554254,markov,1.0,25,0.1,source_batch/1554254/markov_1s/seed25,0.0,True,False,duration,9.999999999999831,,,,0.8800582818971814,0.8800507462689411,0.35771381406216657,3.5299999999999687,3.5299999999999687,-8.3385,0,200,200,84,0.42,44,2.2,0.42,44,False
aeb,1554254,markov,1.0,26,0.1,source_batch/1554254/markov_1s/seed26,0.0,True,False,duration,9.999999999999831,,,,0.8800582818971814,0.8800507462689411,0.35771381406216657,3.5299999999999687,3.5299999999999687,-8.3385,0,200,200,57,0.285,57,2.85,0.285,57,False
aeb,1554254,markov,1.0,27,0.1,source_batch/1554254/markov_1s/seed27,0.0,True,False,duration,9.999999999999831,,,,0.8800582818971814,0.8800507462689411,0.35771381406216657,3.5299999999999687,3.5299999999999687,-8.3385,0,200,200,18,0.09,18,0.9,0.09,18,False
aeb,1554254,markov,1.0,28,0.1,source_batch/1554254/markov_1s/seed28,0.0,True,False,duration,9.999999999999831,,,,0.8800582818971814,0.8800507462689411,0.35771381406216657,3.5299999999999687,3.5299999999999687,-8.3385,0,200,200,22,0.11,20,1,0.11,20,False
aeb,1554254,markov,1.0,29,0.1,source_batch/1554254/markov_1s/seed29,0.0,True,False,duration,9.999999999999831,,,,0.8800582818971814,0.8800507462689411,0.35771381406216657,3.5299999999999687,3.5299999999999687,-8.3385,0,200,200,0,0,0,0,0,0,False
aeb,1554254,markov,1.0,30,0.1,source_batch/1554254/markov_1s/seed30,0.0,True,False,duration,9.999999999999831,,,,0.8800582818971814,0.8800507462689411,0.35771381406216657,3.5299999999999687,3.5299999999999687,-8.3385,0,200,200,4,0.02,4,0.2,0.02,4,False
aeb,1554254,markov,1.0,31,0.1,source_batch/1554254/markov_1s/seed31,0.0,True,False,duration,9.999999999999831,,,,0.8800582818971814,0.8800507462689411,0.35771381406216657,3.5299999999999687,3.5299999999999687,-8.3385,0,200,200,0,0,0,0,0,0,False
aeb,1554254,markov,1.0,32,0.1,source_batch/1554254/markov_1s/seed32,0.0,True,False,duration,9.999999999999831,,,,0.8800582818971814,0.8800507462689411,0.35771381406216657,3.5299999999999687,3.5299999999999687,-8.3385,0,200,200,49,0.245,40,2,0.245,40,False
aeb,1554254,markov,1.0,33,0.1,source_batch/1554254/markov_1s/seed33,0.0,True,False,duration,9.999999999999831,,,,0.8800582818971814,0.8800507462689411,0.35771381406216657,3.5299999999999687,3.5299999999999687,-8.3385,0,200,200,17,0.085,17,0.8500000000000001,0.085,17,False
aeb,1554254,markov,1.0,34,0.1,source_batch/1554254/markov_1s/seed34,0.0,True,False,duration,9.999999999999831,,,,0.8800582818971814,0.8800507462689411,0.35771381406216657,3.5299999999999687,3.5299999999999687,-8.3385,0,200,200,14,0.07,14,0.7000000000000001,0.07,14,False
aeb,1554254,markov,1.0,35,0.1,source_batch/1554254/markov_1s/seed35,0.11999999999999744,True,True,collision,5.2499999999999325,5.2499999999999325,7.006801319997951,3.8445238524107426,0,-0.012305632378995845,0,3.649999999999966,3.649999999999966,-8.3385,7.006801319997951,105,105,9,0.08571428571428572,4,0.2,0.08571428571428572,4,False
aeb,1554254,markov,1.0,36,0.1,source_batch/1554254/markov_1s/seed36,0.0,True,False,duration,9.999999999999831,,,,0.8800582818971814,0.8800507462689411,0.35771381406216657,3.5299999999999687,3.5299999999999687,-8.3385,0,200,200,0,0,0,0,0,0,False
aeb,1554254,markov,1.0,37,0.1,source_batch/1554254/markov_1s/seed37,0.0,True,False,duration,9.999999999999831,,,,0.8800582818971814,0.8800507462689411,0.35771381406216657,3.5299999999999687,3.5299999999999687,-8.3385,0,200,200,1,0.005,1,0.05,0.005,1,False
aeb,1554254,markov,1.0,38,0.1,source_batch/1554254/markov_1s/seed38,0.0,True,False,duration,9.999999999999831,,,,0.8800582818971814,0.8800507462689411,0.35771381406216657,3.5299999999999687,3.5299999999999687,-8.3385,0,200,200,44,0.22,41,2.0500000000000003,0.22,41,False
aeb,1554254,markov,1.0,39,0.1,source_batch/1554254/markov_1s/seed39,0.0,True,False,duration,9.999999999999831,,,,0.8800582818971814,0.8800507462689411,0.35771381406216657,3.5299999999999687,3.5299999999999687,-8.3385,0,200,200,13,0.065,13,0.65,0.065,13,False
aeb,1554254,markov,1.0,40,0.1,source_batch/1554254/markov_1s/seed40,0.0,True,False,duration,9.999999999999831,,,,0.8800582818971814,0.8800507462689411,0.35771381406216657,3.5299999999999687,3.5299999999999687,-8.3385,0,200,200,6,0.03,6,0.30000000000000004,0.03,6,False
aeb,1554254,markov,1.0,41,0.1,source_batch/1554254/markov_1s/seed41,0.0,True,False,duration,9.999999999999831,,,,0.8800582818971814,0.8800507462689411,0.35771381406216657,3.5299999999999687,3.5299999999999687,-8.3385,0,200,200,34,0.17,34,1.7000000000000002,0.17,34,False
aeb,1554254,markov,1.0,42,0.1,source_batch/1554254/markov_1s/seed42,,True,True,collision,4.749999999999943,4.749999999999943,17.888543819997935,14.282992764108497,0,-0.007373413940500839,0,,,0,17.888543819997935,95,95,93,0.9789473684210527,62,3.1,0.9789473684210527,62,False
aeb,1554254,markov,1.0,43,0.1,source_batch/1554254/markov_1s/seed43,0.0,True,False,duration,9.999999999999831,,,,0.8800582818971814,0.8800507462689411,0.35771381406216657,3.5299999999999687,3.5299999999999687,-8.3385,0,200,200,31,0.155,19,0.9500000000000001,0.155,19,False
aeb,1554254,markov,1.0,44,0.1,source_batch/1554254/markov_1s/seed44,0.0,True,False,duration,9.999999999999831,,,,0.8800582818971814,0.8800507462689411,0.35771381406216657,3.5299999999999687,3.5299999999999687,-8.3385,0,200,200,0,0,0,0,0,0,False
aeb,1554254,markov,1.0,45,0.1,source_batch/1554254/markov_1s/seed45,0.0,True,False,duration,9.999999999999831,,,,0.8800582818971814,0.8800507462689411,0.35771381406216657,3.5299999999999687,3.5299999999999687,-8.3385,0,200,200,0,0,0,0,0,0,False
aeb,1554254,markov,1.0,46,0.1,source_batch/1554254/markov_1s/seed46,0.0,True,False,duration,9.999999999999831,,,,0.8800582818971814,0.8800507462689411,0.35771381406216657,3.5299999999999687,3.5299999999999687,-8.3385,0,200,200,18,0.09,10,0.5,0.09,10,False
aeb,1554254,markov,1.0,47,0.1,source_batch/1554254/markov_1s/seed47,0.0,True,False,duration,9.999999999999831,,,,0.8800582818971814,0.8800507462689411,0.35771381406216657,3.5299999999999687,3.5299999999999687,-8.3385,0,200,200,6,0.03,4,0.2,0.03,4,False
aeb,1554254,markov,1.0,48,0.1,source_batch/1554254/markov_1s/seed48,0.0,True,False,duration,9.999999999999831,,,,0.8800582818971814,0.8800507462689411,0.35771381406216657,3.5299999999999687,3.5299999999999687,-8.3385,0,200,200,0,0,0,0,0,0,False
aeb,1554254,markov,1.0,49,0.1,source_batch/1554254/markov_1s/seed49,0.0,True,False,duration,9.999999999999831,,,,0.8800582818971814,0.8800507462689411,0.35771381406216657,3.5299999999999687,3.5299999999999687,-8.3385,0,200,200,32,0.16,32,1.6,0.16,32,False
aeb,1554254,markov,1.0,50,0.1,source_batch/1554254/markov_1s/seed50,0.0,True,False,duration,9.999999999999831,,,,0.8800582818971814,0.8800507462689411,0.35771381406216657,3.5299999999999687,3.5299999999999687,-8.3385,0,200,200,7,0.035,7,0.35000000000000003,0.035,7,False
aeb,1554254,markov,1.0,51,0.1,source_batch/1554254/markov_1s/seed51,0.0,True,False,duration,9.999999999999831,,,,0.8800582818971814,0.8800507462689411,0.35771381406216657,3.5299999999999687,3.5299999999999687,-8.3385,0,200,200,0,0,0,0,0,0,False
aeb,1554254,markov,1.0,52,0.1,source_batch/1554254/markov_1s/seed52,0.0,True,False,duration,9.999999999999831,,,,0.8800582818971814,0.8800507462689411,0.35771381406216657,3.5299999999999687,3.5299999999999687,-8.3385,0,200,200,0,0,0,0,0,0,False
aeb,1554254,markov,1.0,53,0.1,source_batch/1554254/markov_1s/seed53,0.0,True,False,duration,9.999999999999831,,,,0.8800582818971814,0.8800507462689411,0.35771381406216657,3.5299999999999687,3.5299999999999687,-8.3385,0,200,200,16,0.08,12,0.6000000000000001,0.08,12,False
aeb,1554254,markov,1.0,54,0.1,source_batch/1554254/markov_1s/seed54,0.0,True,False,duration,9.999999999999831,,,,0.8800582818971814,0.8800507462689411,0.35771381406216657,3.5299999999999687,3.5299999999999687,-8.3385,0,200,200,14,0.07,10,0.5,0.07,10,False
aeb,1554254,markov,1.0,55,0.1,source_batch/1554254/markov_1s/seed55,0.0,True,False,duration,9.999999999999831,,,,0.8800582818971814,0.8800507462689411,0.35771381406216657,3.5299999999999687,3.5299999999999687,-8.3385,0,200,200,5,0.025,5,0.25,0.025,5,False
aeb,1554254,markov,1.0,56,0.1,source_batch/1554254/markov_1s/seed56,0.5699999999999883,True,True,collision,4.819999999999942,4.819999999999942,14.344681319997935,9.872545637361464,0,-0.09500940314801465,0,4.099999999999957,4.099999999999957,-8.3385,14.344681319997935,97,97,40,0.41237113402061853,20,1,0.41237113402061853,20,False
aeb,1554254,markov,1.0,57,0.1,source_batch/1554254/markov_1s/seed57,0.0,True,False,duration,9.999999999999831,,,,0.8800582818971814,0.8800507462689411,0.35771381406216657,3.5299999999999687,3.5299999999999687,-8.3385,0,200,200,54,0.27,54,2.7,0.27,54,False
aeb,1554254,markov,1.0,58,0.1,source_batch/1554254/markov_1s/seed58,0.3699999999999921,True,True,collision,4.90999999999994,4.90999999999994,11.92651631999794,8.320965264114188,0,-5.055923541963381e-05,0,3.899999999999961,3.899999999999961,-8.3385,11.92651631999794,99,99,43,0.43434343434343436,43,2.15,0.43434343434343436,43,False
aeb,1554254,markov,1.0,59,0.1,source_batch/1554254/markov_1s/seed59,0.0,True,False,duration,9.999999999999831,,,,0.8800582818971814,0.8800507462689411,0.35771381406216657,3.5299999999999687,3.5299999999999687,-8.3385,0,200,200,33,0.165,33,1.6500000000000001,0.165,33,False
aeb,1554254,markov,1.0,60,0.1,source_batch/1554254/markov_1s/seed60,0.0,True,False,duration,9.999999999999831,,,,0.8800582818971814,0.8800507462689411,0.35771381406216657,3.5299999999999687,3.5299999999999687,-8.3385,0,200,200,51,0.255,41,2.0500000000000003,0.255,41,False
aeb,1554254,markov,1.0,61,0.1,source_batch/1554254/markov_1s/seed61,0.0,True,False,duration,9.999999999999831,,,,0.8800582818971814,0.8800507462689411,0.35771381406216657,3.5299999999999687,3.5299999999999687,-8.3385,0,200,200,0,0,0,0,0,0,False
aeb,1554254,markov,1.0,62,0.1,source_batch/1554254/markov_1s/seed62,0.0,True,False,duration,9.999999999999831,,,,0.8800582818971814,0.8800507462689411,0.35771381406216657,3.5299999999999687,3.5299999999999687,-8.3385,0,200,200,34,0.17,11,0.55,0.17,11,False
aeb,1554254,markov,1.0,63,0.1,source_batch/1554254/markov_1s/seed63,0.0,True,False,duration,9.999999999999831,,,,0.8800582818971814,0.8800507462689411,0.35771381406216657,3.5299999999999687,3.5299999999999687,-8.3385,0,200,200,0,0,0,0,0,0,False
aeb,1554254,markov,1.0,64,0.1,source_batch/1554254/markov_1s/seed64,0.0,True,False,duration,9.999999999999831,,,,0.8800582818971814,0.8800507462689411,0.35771381406216657,3.5299999999999687,3.5299999999999687,-8.3385,0,200,200,47,0.235,35,1.75,0.235,35,False
aeb,1554254,markov,1.0,65,0.1,source_batch/1554254/markov_1s/seed65,0.0,True,False,duration,9.999999999999831,,,,0.8800582818971814,0.8800507462689411,0.35771381406216657,3.5299999999999687,3.5299999999999687,-8.3385,0,200,200,0,0,0,0,0,0,False
aeb,1554254,markov,1.0,66,0.1,source_batch/1554254/markov_1s/seed66,0.0,True,False,duration,9.999999999999831,,,,0.8800582818971814,0.8800507462689411,0.35771381406216657,3.5299999999999687,3.5299999999999687,-8.3385,0,200,200,22,0.11,22,1.1,0.11,22,False
aeb,1554254,markov,1.0,67,0.1,source_batch/1554254/markov_1s/seed67,0.0,True,False,duration,9.999999999999831,,,,0.8800582818971814,0.8800507462689411,0.35771381406216657,3.5299999999999687,3.5299999999999687,-8.3385,0,200,200,5,0.025,5,0.25,0.025,5,False
aeb,1554254,markov,1.0,68,0.1,source_batch/1554254/markov_1s/seed68,0.0,True,False,duration,9.999999999999831,,,,0.8800582818971814,0.8800507462689411,0.35771381406216657,3.5299999999999687,3.5299999999999687,-8.3385,0,200,200,10,0.05,10,0.5,0.05,10,False
aeb,1554254,markov,1.0,69,0.1,source_batch/1554254/markov_1s/seed69,0.0,True,False,duration,9.999999999999831,,,,0.8800582818971814,0.8800507462689411,0.35771381406216657,3.5299999999999687,3.5299999999999687,-8.3385,0,200,200,12,0.06,8,0.4,0.06,8,False
aeb,1554254,markov,1.0,70,0.1,source_batch/1554254/markov_1s/seed70,0.0,True,False,duration,9.999999999999831,,,,0.8800582818971814,0.8800507462689411,0.35771381406216657,3.5299999999999687,3.5299999999999687,-8.3385,0,200,200,47,0.235,47,2.35,0.235,47,False
aeb,1554254,markov,1.0,71,0.1,source_batch/1554254/markov_1s/seed71,0.0,True,False,duration,9.999999999999831,,,,0.8800582818971814,0.8800507462689411,0.35771381406216657,3.5299999999999687,3.5299999999999687,-8.3385,0,200,200,53,0.265,45,2.25,0.265,45,False
aeb,1554254,markov,1.0,72,0.1,source_batch/1554254/markov_1s/seed72,0.0,True,False,duration,9.999999999999831,,,,0.8800582818971814,0.8800507462689411,0.35771381406216657,3.5299999999999687,3.5299999999999687,-8.3385,0,200,200,0,0,0,0,0,0,False
aeb,1554254,markov,1.0,73,0.1,source_batch/1554254/markov_1s/seed73,0.0,True,False,duration,9.999999999999831,,,,0.8800582818971814,0.8800507462689411,0.35771381406216657,3.5299999999999687,3.5299999999999687,-8.3385,0,200,200,1,0.005,1,0.05,0.005,1,False
aeb,1554254,markov,1.0,74,0.1,source_batch/1554254/markov_1s/seed74,0.0,True,False,duration,9.999999999999831,,,,0.8800582818971814,0.8800507462689411,0.35771381406216657,3.5299999999999687,3.5299999999999687,-8.3385,0,200,200,0,0,0,0,0,0,False
aeb,1554254,markov,1.0,75,0.1,source_batch/1554254/markov_1s/seed75,0.0,True,False,duration,9.999999999999831,,,,0.8800582818971814,0.8800507462689411,0.35771381406216657,3.5299999999999687,3.5299999999999687,-8.3385,0,200,200,3,0.015,3,0.15000000000000002,0.015,3,False
aeb,1554254,markov,1.0,76,0.1,source_batch/1554254/markov_1s/seed76,0.0,True,False,duration,9.999999999999831,,,,0.8800582818971814,0.8800507462689411,0.35771381406216657,3.5299999999999687,3.5299999999999687,-8.3385,0,200,200,18,0.09,18,0.9,0.09,18,False
aeb,1554254,markov,1.0,77,0.1,source_batch/1554254/markov_1s/seed77,0.0,True,False,duration,9.999999999999831,,,,0.8800582818971814,0.8800507462689411,0.35771381406216657,3.5299999999999687,3.5299999999999687,-8.3385,0,200,200,0,0,0,0,0,0,False
aeb,1554254,markov,1.0,78,0.1,source_batch/1554254/markov_1s/seed78,0.0,True,False,duration,9.999999999999831,,,,0.8800582818971814,0.8800507462689411,0.35771381406216657,3.5299999999999687,3.5299999999999687,-8.3385,0,200,200,0,0,0,0,0,0,False
aeb,1554254,markov,1.0,79,0.1,source_batch/1554254/markov_1s/seed79,0.0,True,False,duration,9.999999999999831,,,,0.8800582818971814,0.8800507462689411,0.35771381406216657,3.5299999999999687,3.5299999999999687,-8.3385,0,200,200,13,0.065,9,0.45,0.065,9,False
aeb,1554254,markov,1.0,80,0.1,source_batch/1554254/markov_1s/seed80,0.0,True,False,duration,9.999999999999831,,,,0.8800582818971814,0.8800507462689411,0.35771381406216657,3.5299999999999687,3.5299999999999687,-8.3385,0,200,200,0,0,0,0,0,0,False
aeb,1554254,markov,1.0,81,0.1,source_batch/1554254/markov_1s/seed81,0.0,True,False,duration,9.999999999999831,,,,0.8800582818971814,0.8800507462689411,0.35771381406216657,3.5299999999999687,3.5299999999999687,-8.3385,0,200,200,72,0.36,36,1.8,0.36,36,False
aeb,1554254,markov,1.0,82,0.1,source_batch/1554254/markov_1s/seed82,0.0,True,False,duration,9.999999999999831,,,,0.8800582818971814,0.8800507462689411,0.35771381406216657,3.5299999999999687,3.5299999999999687,-8.3385,0,200,200,57,0.285,27,1.35,0.285,27,False
aeb,1554254,markov,1.0,83,0.1,source_batch/1554254/markov_1s/seed83,0.0,True,False,duration,9.999999999999831,,,,0.8800582818971814,0.8800507462689411,0.35771381406216657,3.5299999999999687,3.5299999999999687,-8.3385,0,200,200,22,0.11,22,1.1,0.11,22,False
aeb,1554254,markov,1.0,84,0.1,source_batch/1554254/markov_1s/seed84,0.0,True,False,duration,9.999999999999831,,,,0.8800582818971814,0.8800507462689411,0.35771381406216657,3.5299999999999687,3.5299999999999687,-8.3385,0,200,200,7,0.035,7,0.35000000000000003,0.035,7,False
aeb,1554254,markov,1.0,85,0.1,source_batch/1554254/markov_1s/seed85,0.0,True,False,duration,9.999999999999831,,,,0.8800582818971814,0.8800507462689411,0.35771381406216657,3.5299999999999687,3.5299999999999687,-8.3385,0,200,200,67,0.335,57,2.85,0.335,57,False
aeb,1554254,markov,1.0,86,0.1,source_batch/1554254/markov_1s/seed86,0.0,True,False,duration,9.999999999999831,,,,0.8800582818971814,0.8800507462689411,0.35771381406216657,3.5299999999999687,3.5299999999999687,-8.3385,0,200,200,23,0.115,18,0.9,0.115,18,False
aeb,1554254,markov,1.0,87,0.1,source_batch/1554254/markov_1s/seed87,0.0,True,False,duration,9.999999999999831,,,,0.8800582818971814,0.8800507462689411,0.35771381406216657,3.5299999999999687,3.5299999999999687,-8.3385,0,200,200,20,0.1,20,1,0.1,20,False
aeb,1554254,markov,1.0,88,0.1,source_batch/1554254/markov_1s/seed88,,True,True,collision,4.749999999999943,4.749999999999943,17.888543819997935,14.282992764108497,0,-0.007373413940500839,0,,,0,17.888543819997935,95,95,33,0.3473684210526316,33,1.6500000000000001,0.3473684210526316,33,False
aeb,1554254,markov,1.0,89,0.1,source_batch/1554254/markov_1s/seed89,0.0,True,False,duration,9.999999999999831,,,,0.8800582818971814,0.8800507462689411,0.35771381406216657,3.5299999999999687,3.5299999999999687,-8.3385,0,200,200,0,0,0,0,0,0,False
aeb,1554254,markov,1.0,90,0.1,source_batch/1554254/markov_1s/seed90,0.7199999999999851,True,True,collision,4.7799999999999425,4.7799999999999425,15.899811569997935,12.294260514109208,0,-0.06847693825426582,0,4.249999999999954,4.249999999999954,-7.365675000000006,15.899811569997935,96,96,74,0.7708333333333334,74,3.7,0.7708333333333334,74,False
aeb,1554254,markov,1.0,91,0.1,source_batch/1554254/markov_1s/seed91,0.0,True,False,duration,9.999999999999831,,,,0.8800582818971814,0.8800507462689411,0.35771381406216657,3.5299999999999687,3.5299999999999687,-8.3385,0,200,200,0,0,0,0,0,0,False
aeb,1554254,markov,1.0,92,0.1,source_batch/1554254/markov_1s/seed92,0.0,True,False,duration,9.999999999999831,,,,0.8800582818971814,0.8800507462689411,0.35771381406216657,3.5299999999999687,3.5299999999999687,-8.3385,0,200,200,75,0.375,46,2.3000000000000003,0.375,46,False
aeb,1554254,markov,1.0,93,0.1,source_batch/1554254/markov_1s/seed93,0.0,True,False,duration,9.999999999999831,,,,0.8800582818971814,0.8800507462689411,0.35771381406216657,3.5299999999999687,3.5299999999999687,-8.3385,0,200,200,0,0,0,0,0,0,False
aeb,1554254,markov,1.0,94,0.1,source_batch/1554254/markov_1s/seed94,0.0,True,False,duration,9.999999999999831,,,,0.8800582818971814,0.8800507462689411,0.35771381406216657,3.5299999999999687,3.5299999999999687,-8.3385,0,200,200,49,0.245,29,1.4500000000000002,0.245,29,False
aeb,1554254,markov,1.0,95,0.1,source_batch/1554254/markov_1s/seed95,0.0,True,False,duration,9.999999999999831,,,,0.8800582818971814,0.8800507462689411,0.35771381406216657,3.5299999999999687,3.5299999999999687,-8.3385,0,200,200,13,0.065,13,0.65,0.065,13,False
aeb,1554254,markov,1.0,96,0.1,source_batch/1554254/markov_1s/seed96,0.0,True,False,duration,9.999999999999831,,,,0.8800582818971814,0.8800507462689411,0.35771381406216657,3.5299999999999687,3.5299999999999687,-8.3385,0,200,200,22,0.11,11,0.55,0.11,11,False
aeb,1554254,markov,1.0,97,0.1,source_batch/1554254/markov_1s/seed97,0.0,True,False,duration,9.999999999999831,,,,0.8800582818971814,0.8800507462689411,0.35771381406216657,3.5299999999999687,3.5299999999999687,-8.3385,0,200,200,26,0.13,26,1.3,0.13,26,False
aeb,1554254,markov,1.0,98,0.1,source_batch/1554254/markov_1s/seed98,0.0,True,False,duration,9.999999999999831,,,,0.8800582818971814,0.8800507462689411,0.35771381406216657,3.5299999999999687,3.5299999999999687,-8.3385,0,200,200,50,0.25,50,2.5,0.25,50,False
aeb,1554254,markov,1.0,99,0.1,source_batch/1554254/markov_1s/seed99,0.0,True,False,duration,9.999999999999831,,,,0.8800582818971814,0.8800507462689411,0.35771381406216657,3.5299999999999687,3.5299999999999687,-8.3385,0,200,200,68,0.34,68,3.4000000000000004,0.34,68,False
aeb,1554431,ideal,,,0,source_batch/1554431/ideal,0,True,True,collision,5.139999999999935,5.139999999999935,14.594042089747987,8.269537728191763,0,-0.028205447670721195,0,3.419999999999971,3.419999999999971,-8.3385,14.594042089747987,103,103,0,0,0,0,,,False
aeb,1554431,iid,,0,0.1,source_batch/1554431/iid/seed0,0.0,True,True,collision,5.139999999999935,5.139999999999935,14.594042089747987,8.269537728191763,0,-0.028205447670721195,0,3.419999999999971,3.419999999999971,-8.3385,14.594042089747987,103,103,12,0.11650485436893204,3,0.15000000000000002,,,False
aeb,1554431,iid,,1,0.1,source_batch/1554431/iid/seed1,0.0,True,True,collision,5.139999999999935,5.139999999999935,14.594042089747987,8.269537728191763,0,-0.028205447670721195,0,3.419999999999971,3.419999999999971,-8.3385,14.594042089747987,103,103,10,0.0970873786407767,2,0.1,,,False
aeb,1554431,iid,,2,0.1,source_batch/1554431/iid/seed2,0.0,True,True,collision,5.139999999999935,5.139999999999935,14.594042089747987,8.269537728191763,0,-0.028205447670721195,0,3.419999999999971,3.419999999999971,-8.3385,14.594042089747987,103,103,10,0.0970873786407767,2,0.1,,,False
aeb,1554431,iid,,3,0.1,source_batch/1554431/iid/seed3,0.0,True,True,collision,5.139999999999935,5.139999999999935,14.594042089747987,8.269537728191763,0,-0.028205447670721195,0,3.419999999999971,3.419999999999971,-8.3385,14.594042089747987,103,103,15,0.14563106796116504,2,0.1,,,False
aeb,1554431,iid,,4,0.1,source_batch/1554431/iid/seed4,0.0,True,True,collision,5.139999999999935,5.139999999999935,14.594042089747987,8.269537728191763,0,-0.028205447670721195,0,3.419999999999971,3.419999999999971,-8.3385,14.594042089747987,103,103,14,0.13592233009708737,3,0.15000000000000002,,,False
aeb,1554431,iid,,5,0.1,source_batch/1554431/iid/seed5,0.0,True,True,collision,5.139999999999935,5.139999999999935,14.594042089747987,8.269537728191763,0,-0.028205447670721195,0,3.419999999999971,3.419999999999971,-8.3385,14.594042089747987,103,103,10,0.0970873786407767,1,0.05,,,False
aeb,1554431,iid,,6,0.1,source_batch/1554431/iid/seed6,0.0,True,True,collision,5.139999999999935,5.139999999999935,14.594042089747987,8.269537728191763,0,-0.028205447670721195,0,3.419999999999971,3.419999999999971,-8.3385,14.594042089747987,103,103,10,0.0970873786407767,2,0.1,,,False
aeb,1554431,iid,,7,0.1,source_batch/1554431/iid/seed7,0.0,True,True,collision,5.139999999999935,5.139999999999935,14.594042089747987,8.269537728191763,0,-0.028205447670721195,0,3.419999999999971,3.419999999999971,-8.3385,14.594042089747987,103,103,10,0.0970873786407767,1,0.05,,,False
aeb,1554431,iid,,8,0.1,source_batch/1554431/iid/seed8,0.0,True,True,collision,5.139999999999935,5.139999999999935,14.594042089747987,8.269537728191763,0,-0.028205447670721195,0,3.419999999999971,3.419999999999971,-8.3385,14.594042089747987,103,103,13,0.1262135922330097,2,0.1,,,False
aeb,1554431,iid,,9,0.1,source_batch/1554431/iid/seed9,0.0,True,True,collision,5.139999999999935,5.139999999999935,14.594042089747987,8.269537728191763,0,-0.028205447670721195,0,3.419999999999971,3.419999999999971,-8.3385,14.594042089747987,103,103,7,0.06796116504854369,2,0.1,,,False
aeb,1554431,iid,,10,0.1,source_batch/1554431/iid/seed10,0.0,True,True,collision,5.139999999999935,5.139999999999935,14.594042089747987,8.269537728191763,0,-0.028205447670721195,0,3.419999999999971,3.419999999999971,-8.3385,14.594042089747987,103,103,5,0.04854368932038835,1,0.05,,,False
aeb,1554431,iid,,11,0.1,source_batch/1554431/iid/seed11,0.0,True,True,collision,5.139999999999935,5.139999999999935,14.594042089747987,8.269537728191763,0,-0.028205447670721195,0,3.419999999999971,3.419999999999971,-8.3385,14.594042089747987,103,103,15,0.14563106796116504,2,0.1,,,False
aeb,1554431,iid,,12,0.1,source_batch/1554431/iid/seed12,0.0,True,True,collision,5.139999999999935,5.139999999999935,14.594042089747987,8.269537728191763,0,-0.028205447670721195,0,3.419999999999971,3.419999999999971,-8.3385,14.594042089747987,103,103,12,0.11650485436893204,2,0.1,,,False
aeb,1554431,iid,,13,0.1,source_batch/1554431/iid/seed13,0.02999999999999936,True,True,collision,5.099999999999936,5.099999999999936,15.177737089747986,8.106723247395559,0,-0.03528827027460846,0,3.4499999999999704,3.4499999999999704,-8.3385,15.177737089747986,102,102,12,0.11764705882352941,2,0.1,,,False
aeb,1554431,iid,,14,0.1,source_batch/1554431/iid/seed14,0.0,True,True,collision,5.139999999999935,5.139999999999935,14.594042089747987,8.269537728191763,0,-0.028205447670721195,0,3.419999999999971,3.419999999999971,-8.3385,14.594042089747987,103,103,16,0.1553398058252427,3,0.15000000000000002,,,False
aeb,1554431,iid,,15,0.1,source_batch/1554431/iid/seed15,0.0,True,True,collision,5.139999999999935,5.139999999999935,14.594042089747987,8.269537728191763,0,-0.028205447670721195,0,3.419999999999971,3.419999999999971,-8.3385,14.594042089747987,103,103,7,0.06796116504854369,1,0.05,,,False
aeb,1554431,iid,,16,0.1,source_batch/1554431/iid/seed16,0.0,True,True,collision,5.139999999999935,5.139999999999935,14.594042089747987,8.269537728191763,0,-0.028205447670721195,0,3.419999999999971,3.419999999999971,-8.3385,14.594042089747987,103,103,8,0.07766990291262135,2,0.1,,,False
aeb,1554431,iid,,17,0.1,source_batch/1554431/iid/seed17,0.0,True,True,collision,5.139999999999935,5.139999999999935,14.594042089747987,8.269537728191763,0,-0.028205447670721195,0,3.419999999999971,3.419999999999971,-8.3385,14.594042089747987,103,103,9,0.08737864077669903,1,0.05,,,False
aeb,1554431,iid,,18,0.1,source_batch/1554431/iid/seed18,0.0,True,True,collision,5.139999999999935,5.139999999999935,14.594042089747987,8.269537728191763,0,-0.028205447670721195,0,3.419999999999971,3.419999999999971,-8.3385,14.594042089747987,103,103,21,0.20388349514563106,2,0.1,,,False
aeb,1554431,iid,,19,0.1,source_batch/1554431/iid/seed19,0.0,True,True,collision,5.139999999999935,5.139999999999935,14.594042089747987,8.269537728191763,0,-0.028205447670721195,0,3.419999999999971,3.419999999999971,-8.3385,14.594042089747987,103,103,8,0.07766990291262135,1,0.05,,,False
aeb,1554431,iid,,20,0.1,source_batch/1554431/iid/seed20,0.0,True,True,collision,5.139999999999935,5.139999999999935,14.594042089747987,8.269537728191763,0,-0.028205447670721195,0,3.419999999999971,3.419999999999971,-8.3385,14.594042089747987,103,103,11,0.10679611650485436,1,0.05,,,False
aeb,1554431,iid,,21,0.1,source_batch/1554431/iid/seed21,0.0,True,True,collision,5.139999999999935,5.139999999999935,14.594042089747987,8.269537728191763,0,-0.028205447670721195,0,3.419999999999971,3.419999999999971,-8.3385,14.594042089747987,103,103,7,0.06796116504854369,1,0.05,,,False
aeb,1554431,iid,,22,0.1,source_batch/1554431/iid/seed22,0.0,True,True,collision,5.139999999999935,5.139999999999935,14.594042089747987,8.269537728191763,0,-0.028205447670721195,0,3.419999999999971,3.419999999999971,-8.3385,14.594042089747987,103,103,9,0.08737864077669903,2,0.1,,,False
aeb,1554431,iid,,23,0.1,source_batch/1554431/iid/seed23,0.0,True,True,collision,5.139999999999935,5.139999999999935,14.594042089747987,8.269537728191763,0,-0.028205447670721195,0,3.419999999999971,3.419999999999971,-8.3385,14.594042089747987,103,103,10,0.0970873786407767,2,0.1,,,False
aeb,1554431,iid,,24,0.1,source_batch/1554431/iid/seed24,0.0,True,True,collision,5.139999999999935,5.139999999999935,14.594042089747987,8.269537728191763,0,-0.028205447670721195,0,3.419999999999971,3.419999999999971,-8.3385,14.594042089747987,103,103,9,0.08737864077669903,1,0.05,,,False
aeb,1554431,iid,,25,0.1,source_batch/1554431/iid/seed25,0.0,True,True,collision,5.139999999999935,5.139999999999935,14.594042089747987,8.269537728191763,0,-0.028205447670721195,0,3.419999999999971,3.419999999999971,-8.3385,14.594042089747987,103,103,6,0.05825242718446602,1,0.05,,,False
aeb,1554431,iid,,26,0.1,source_batch/1554431/iid/seed26,0.0,True,True,collision,5.139999999999935,5.139999999999935,14.594042089747987,8.269537728191763,0,-0.028205447670721195,0,3.419999999999971,3.419999999999971,-8.3385,14.594042089747987,103,103,11,0.10679611650485436,2,0.1,,,False
aeb,1554431,iid,,27,0.1,source_batch/1554431/iid/seed27,0.0,True,True,collision,5.139999999999935,5.139999999999935,14.594042089747987,8.269537728191763,0,-0.028205447670721195,0,3.419999999999971,3.419999999999971,-8.3385,14.594042089747987,103,103,15,0.14563106796116504,2,0.1,,,False
aeb,1554431,iid,,28,0.1,source_batch/1554431/iid/seed28,0.02999999999999936,True,True,collision,5.099999999999936,5.099999999999936,15.177737089747986,8.106723247395559,0,-0.03528827027460846,0,3.4499999999999704,3.4499999999999704,-8.3385,15.177737089747986,102,102,7,0.06862745098039216,2,0.1,,,False
aeb,1554431,iid,,29,0.1,source_batch/1554431/iid/seed29,0.0,True,True,collision,5.139999999999935,5.139999999999935,14.594042089747987,8.269537728191763,0,-0.028205447670721195,0,3.419999999999971,3.419999999999971,-8.3385,14.594042089747987,103,103,11,0.10679611650485436,1,0.05,,,False
aeb,1554431,iid,,30,0.1,source_batch/1554431/iid/seed30,0.0,True,True,collision,5.139999999999935,5.139999999999935,14.594042089747987,8.269537728191763,0,-0.028205447670721195,0,3.419999999999971,3.419999999999971,-8.3385,14.594042089747987,103,103,8,0.07766990291262135,1,0.05,,,False
aeb,1554431,iid,,31,0.1,source_batch/1554431/iid/seed31,0.02999999999999936,True,True,collision,5.099999999999936,5.099999999999936,15.177737089747986,8.106723247395559,0,-0.03528827027460846,0,3.4499999999999704,3.4499999999999704,-8.3385,15.177737089747986,102,102,12,0.11764705882352941,3,0.15000000000000002,,,False
aeb,1554431,iid,,32,0.1,source_batch/1554431/iid/seed32,0.0,True,True,collision,5.139999999999935,5.139999999999935,14.594042089747987,8.269537728191763,0,-0.028205447670721195,0,3.419999999999971,3.419999999999971,-8.3385,14.594042089747987,103,103,13,0.1262135922330097,2,0.1,,,False
aeb,1554431,iid,,33,0.1,source_batch/1554431/iid/seed33,0.0,True,True,collision,5.139999999999935,5.139999999999935,14.594042089747987,8.269537728191763,0,-0.028205447670721195,0,3.419999999999971,3.419999999999971,-8.3385,14.594042089747987,103,103,7,0.06796116504854369,1,0.05,,,False
aeb,1554431,iid,,34,0.1,source_batch/1554431/iid/seed34,0.02999999999999936,True,True,collision,5.099999999999936,5.099999999999936,15.177737089747986,8.106723247395559,0,-0.03528827027460846,0,3.4499999999999704,3.4499999999999704,-8.3385,15.177737089747986,102,102,16,0.1568627450980392,3,0.15000000000000002,,,False
aeb,1554431,iid,,35,0.1,source_batch/1554431/iid/seed35,0.0,True,True,collision,5.139999999999935,5.139999999999935,14.594042089747987,8.269537728191763,0,-0.028205447670721195,0,3.419999999999971,3.419999999999971,-8.3385,14.594042089747987,103,103,12,0.11650485436893204,2,0.1,,,False
aeb,1554431,iid,,36,0.1,source_batch/1554431/iid/seed36,0.0,True,True,collision,5.139999999999935,5.139999999999935,14.594042089747987,8.269537728191763,0,-0.028205447670721195,0,3.419999999999971,3.419999999999971,-8.3385,14.594042089747987,103,103,8,0.07766990291262135,1,0.05,,,False
aeb,1554431,iid,,37,0.1,source_batch/1554431/iid/seed37,0.0,True,True,collision,5.139999999999935,5.139999999999935,14.594042089747987,8.269537728191763,0,-0.028205447670721195,0,3.419999999999971,3.419999999999971,-8.3385,14.594042089747987,103,103,8,0.07766990291262135,1,0.05,,,False
aeb,1554431,iid,,38,0.1,source_batch/1554431/iid/seed38,0.0,True,True,collision,5.139999999999935,5.139999999999935,14.594042089747987,8.269537728191763,0,-0.028205447670721195,0,3.419999999999971,3.419999999999971,-8.3385,14.594042089747987,103,103,14,0.13592233009708737,1,0.05,,,False
aeb,1554431,iid,,39,0.1,source_batch/1554431/iid/seed39,0.0,True,True,collision,5.139999999999935,5.139999999999935,14.594042089747987,8.269537728191763,0,-0.028205447670721195,0,3.419999999999971,3.419999999999971,-8.3385,14.594042089747987,103,103,9,0.08737864077669903,1,0.05,,,False
aeb,1554431,iid,,40,0.1,source_batch/1554431/iid/seed40,0.0,True,True,collision,5.139999999999935,5.139999999999935,14.594042089747987,8.269537728191763,0,-0.028205447670721195,0,3.419999999999971,3.419999999999971,-8.3385,14.594042089747987,103,103,9,0.08737864077669903,1,0.05,,,False
aeb,1554431,iid,,41,0.1,source_batch/1554431/iid/seed41,0.0,True,True,collision,5.139999999999935,5.139999999999935,14.594042089747987,8.269537728191763,0,-0.028205447670721195,0,3.419999999999971,3.419999999999971,-8.3385,14.594042089747987,103,103,15,0.14563106796116504,2,0.1,,,False
aeb,1554431,iid,,42,0.1,source_batch/1554431/iid/seed42,0.0,True,True,collision,5.139999999999935,5.139999999999935,14.594042089747987,8.269537728191763,0,-0.028205447670721195,0,3.419999999999971,3.419999999999971,-8.3385,14.594042089747987,103,103,16,0.1553398058252427,2,0.1,,,False
aeb,1554431,iid,,43,0.1,source_batch/1554431/iid/seed43,0.0,True,True,collision,5.139999999999935,5.139999999999935,14.594042089747987,8.269537728191763,0,-0.028205447670721195,0,3.419999999999971,3.419999999999971,-8.3385,14.594042089747987,103,103,9,0.08737864077669903,2,0.1,,,False
aeb,1554431,iid,,44,0.1,source_batch/1554431/iid/seed44,0.0,True,True,collision,5.139999999999935,5.139999999999935,14.594042089747987,8.269537728191763,0,-0.028205447670721195,0,3.419999999999971,3.419999999999971,-8.3385,14.594042089747987,103,103,9,0.08737864077669903,1,0.05,,,False
aeb,1554431,iid,,45,0.1,source_batch/1554431/iid/seed45,0.0,True,True,collision,5.139999999999935,5.139999999999935,14.594042089747987,8.269537728191763,0,-0.028205447670721195,0,3.419999999999971,3.419999999999971,-8.3385,14.594042089747987,103,103,11,0.10679611650485436,2,0.1,,,False
aeb,1554431,iid,,46,0.1,source_batch/1554431/iid/seed46,0.0,True,True,collision,5.139999999999935,5.139999999999935,14.594042089747987,8.269537728191763,0,-0.028205447670721195,0,3.419999999999971,3.419999999999971,-8.3385,14.594042089747987,103,103,11,0.10679611650485436,1,0.05,,,False
aeb,1554431,iid,,47,0.1,source_batch/1554431/iid/seed47,0.0,True,True,collision,5.139999999999935,5.139999999999935,14.594042089747987,8.269537728191763,0,-0.028205447670721195,0,3.419999999999971,3.419999999999971,-8.3385,14.594042089747987,103,103,11,0.10679611650485436,3,0.15000000000000002,,,False
aeb,1554431,iid,,48,0.1,source_batch/1554431/iid/seed48,0.0,True,True,collision,5.139999999999935,5.139999999999935,14.594042089747987,8.269537728191763,0,-0.028205447670721195,0,3.419999999999971,3.419999999999971,-8.3385,14.594042089747987,103,103,9,0.08737864077669903,1,0.05,,,False
aeb,1554431,iid,,49,0.1,source_batch/1554431/iid/seed49,0.02999999999999936,True,True,collision,5.099999999999936,5.099999999999936,15.177737089747986,8.106723247395559,0,-0.03528827027460846,0,3.4499999999999704,3.4499999999999704,-8.3385,15.177737089747986,102,102,17,0.16666666666666666,2,0.1,,,False
aeb,1554431,iid,,50,0.1,source_batch/1554431/iid/seed50,0.0,True,True,collision,5.139999999999935,5.139999999999935,14.594042089747987,8.269537728191763,0,-0.028205447670721195,0,3.419999999999971,3.419999999999971,-8.3385,14.594042089747987,103,103,12,0.11650485436893204,2,0.1,,,False
aeb,1554431,iid,,51,0.1,source_batch/1554431/iid/seed51,0.0,True,True,collision,5.139999999999935,5.139999999999935,14.594042089747987,8.269537728191763,0,-0.028205447670721195,0,3.419999999999971,3.419999999999971,-8.3385,14.594042089747987,103,103,8,0.07766990291262135,2,0.1,,,False
aeb,1554431,iid,,52,0.1,source_batch/1554431/iid/seed52,0.0,True,True,collision,5.139999999999935,5.139999999999935,14.594042089747987,8.269537728191763,0,-0.028205447670721195,0,3.419999999999971,3.419999999999971,-8.3385,14.594042089747987,103,103,7,0.06796116504854369,1,0.05,,,False
aeb,1554431,iid,,53,0.1,source_batch/1554431/iid/seed53,0.0,True,True,collision,5.139999999999935,5.139999999999935,14.594042089747987,8.269537728191763,0,-0.028205447670721195,0,3.419999999999971,3.419999999999971,-8.3385,14.594042089747987,103,103,10,0.0970873786407767,2,0.1,,,False
aeb,1554431,iid,,54,0.1,source_batch/1554431/iid/seed54,0.0,True,True,collision,5.139999999999935,5.139999999999935,14.594042089747987,8.269537728191763,0,-0.028205447670721195,0,3.419999999999971,3.419999999999971,-8.3385,14.594042089747987,103,103,15,0.14563106796116504,2,0.1,,,False
aeb,1554431,iid,,55,0.1,source_batch/1554431/iid/seed55,0.02999999999999936,True,True,collision,5.099999999999936,5.099999999999936,15.177737089747986,8.106723247395559,0,-0.03528827027460846,0,3.4499999999999704,3.4499999999999704,-8.3385,15.177737089747986,102,102,10,0.09803921568627451,2,0.1,,,False
aeb,1554431,iid,,56,0.1,source_batch/1554431/iid/seed56,0.0,True,True,collision,5.139999999999935,5.139999999999935,14.594042089747987,8.269537728191763,0,-0.028205447670721195,0,3.419999999999971,3.419999999999971,-8.3385,14.594042089747987,103,103,14,0.13592233009708737,2,0.1,,,False
aeb,1554431,iid,,57,0.1,source_batch/1554431/iid/seed57,0.0,True,True,collision,5.139999999999935,5.139999999999935,14.594042089747987,8.269537728191763,0,-0.028205447670721195,0,3.419999999999971,3.419999999999971,-8.3385,14.594042089747987,103,103,12,0.11650485436893204,1,0.05,,,False
aeb,1554431,iid,,58,0.1,source_batch/1554431/iid/seed58,0.0,True,True,collision,5.139999999999935,5.139999999999935,14.594042089747987,8.269537728191763,0,-0.028205447670721195,0,3.419999999999971,3.419999999999971,-8.3385,14.594042089747987,103,103,4,0.038834951456310676,1,0.05,,,False
aeb,1554431,iid,,59,0.1,source_batch/1554431/iid/seed59,0.0,True,True,collision,5.139999999999935,5.139999999999935,14.594042089747987,8.269537728191763,0,-0.028205447670721195,0,3.419999999999971,3.419999999999971,-8.3385,14.594042089747987,103,103,9,0.08737864077669903,1,0.05,,,False
aeb,1554431,iid,,60,0.1,source_batch/1554431/iid/seed60,0.0,True,True,collision,5.139999999999935,5.139999999999935,14.594042089747987,8.269537728191763,0,-0.028205447670721195,0,3.419999999999971,3.419999999999971,-8.3385,14.594042089747987,103,103,8,0.07766990291262135,3,0.15000000000000002,,,False
aeb,1554431,iid,,61,0.1,source_batch/1554431/iid/seed61,0.0,True,True,collision,5.139999999999935,5.139999999999935,14.594042089747987,8.269537728191763,0,-0.028205447670721195,0,3.419999999999971,3.419999999999971,-8.3385,14.594042089747987,103,103,9,0.08737864077669903,1,0.05,,,False
aeb,1554431,iid,,62,0.1,source_batch/1554431/iid/seed62,0.0,True,True,collision,5.139999999999935,5.139999999999935,14.594042089747987,8.269537728191763,0,-0.028205447670721195,0,3.419999999999971,3.419999999999971,-8.3385,14.594042089747987,103,103,8,0.07766990291262135,2,0.1,,,False
aeb,1554431,iid,,63,0.1,source_batch/1554431/iid/seed63,0.0,True,True,collision,5.139999999999935,5.139999999999935,14.594042089747987,8.269537728191763,0,-0.028205447670721195,0,3.419999999999971,3.419999999999971,-8.3385,14.594042089747987,103,103,14,0.13592233009708737,2,0.1,,,False
aeb,1554431,iid,,64,0.1,source_batch/1554431/iid/seed64,0.0,True,True,collision,5.139999999999935,5.139999999999935,14.594042089747987,8.269537728191763,0,-0.028205447670721195,0,3.419999999999971,3.419999999999971,-8.3385,14.594042089747987,103,103,11,0.10679611650485436,2,0.1,,,False
aeb,1554431,iid,,65,0.1,source_batch/1554431/iid/seed65,0.0,True,True,collision,5.139999999999935,5.139999999999935,14.594042089747987,8.269537728191763,0,-0.028205447670721195,0,3.419999999999971,3.419999999999971,-8.3385,14.594042089747987,103,103,9,0.08737864077669903,2,0.1,,,False
aeb,1554431,iid,,66,0.1,source_batch/1554431/iid/seed66,0.02999999999999936,True,True,collision,5.099999999999936,5.099999999999936,15.177737089747986,8.106723247395559,0,-0.03528827027460846,0,3.4499999999999704,3.4499999999999704,-8.3385,15.177737089747986,102,102,9,0.08823529411764706,1,0.05,,,False
aeb,1554431,iid,,67,0.1,source_batch/1554431/iid/seed67,0.0,True,True,collision,5.139999999999935,5.139999999999935,14.594042089747987,8.269537728191763,0,-0.028205447670721195,0,3.419999999999971,3.419999999999971,-8.3385,14.594042089747987,103,103,7,0.06796116504854369,1,0.05,,,False
aeb,1554431,iid,,68,0.1,source_batch/1554431/iid/seed68,0.0,True,True,collision,5.139999999999935,5.139999999999935,14.594042089747987,8.269537728191763,0,-0.028205447670721195,0,3.419999999999971,3.419999999999971,-8.3385,14.594042089747987,103,103,11,0.10679611650485436,1,0.05,,,False
aeb,1554431,iid,,69,0.1,source_batch/1554431/iid/seed69,0.0,True,True,collision,5.139999999999935,5.139999999999935,14.594042089747987,8.269537728191763,0,-0.028205447670721195,0,3.419999999999971,3.419999999999971,-8.3385,14.594042089747987,103,103,4,0.038834951456310676,1,0.05,,,False
aeb,1554431,iid,,70,0.1,source_batch/1554431/iid/seed70,0.0,True,True,collision,5.139999999999935,5.139999999999935,14.594042089747987,8.269537728191763,0,-0.028205447670721195,0,3.419999999999971,3.419999999999971,-8.3385,14.594042089747987,103,103,6,0.05825242718446602,2,0.1,,,False
aeb,1554431,iid,,71,0.1,source_batch/1554431/iid/seed71,0.0,True,True,collision,5.139999999999935,5.139999999999935,14.594042089747987,8.269537728191763,0,-0.028205447670721195,0,3.419999999999971,3.419999999999971,-8.3385,14.594042089747987,103,103,11,0.10679611650485436,1,0.05,,,False
aeb,1554431,iid,,72,0.1,source_batch/1554431/iid/seed72,0.0,True,True,collision,5.139999999999935,5.139999999999935,14.594042089747987,8.269537728191763,0,-0.028205447670721195,0,3.419999999999971,3.419999999999971,-8.3385,14.594042089747987,103,103,6,0.05825242718446602,1,0.05,,,False
aeb,1554431,iid,,73,0.1,source_batch/1554431/iid/seed73,0.0,True,True,collision,5.139999999999935,5.139999999999935,14.594042089747987,8.269537728191763,0,-0.028205447670721195,0,3.419999999999971,3.419999999999971,-8.3385,14.594042089747987,103,103,10,0.0970873786407767,2,0.1,,,False
aeb,1554431,iid,,74,0.1,source_batch/1554431/iid/seed74,0.0,True,True,collision,5.139999999999935,5.139999999999935,14.594042089747987,8.269537728191763,0,-0.028205447670721195,0,3.419999999999971,3.419999999999971,-8.3385,14.594042089747987,103,103,10,0.0970873786407767,3,0.15000000000000002,,,False
aeb,1554431,iid,,75,0.1,source_batch/1554431/iid/seed75,0.0,True,True,collision,5.139999999999935,5.139999999999935,14.594042089747987,8.269537728191763,0,-0.028205447670721195,0,3.419999999999971,3.419999999999971,-8.3385,14.594042089747987,103,103,5,0.04854368932038835,2,0.1,,,False
aeb,1554431,iid,,76,0.1,source_batch/1554431/iid/seed76,0.0,True,True,collision,5.139999999999935,5.139999999999935,14.594042089747987,8.269537728191763,0,-0.028205447670721195,0,3.419999999999971,3.419999999999971,-8.3385,14.594042089747987,103,103,7,0.06796116504854369,1,0.05,,,False
aeb,1554431,iid,,77,0.1,source_batch/1554431/iid/seed77,0.0,True,True,collision,5.139999999999935,5.139999999999935,14.594042089747987,8.269537728191763,0,-0.028205447670721195,0,3.419999999999971,3.419999999999971,-8.3385,14.594042089747987,103,103,16,0.1553398058252427,2,0.1,,,False
aeb,1554431,iid,,78,0.1,source_batch/1554431/iid/seed78,0.0,True,True,collision,5.139999999999935,5.139999999999935,14.594042089747987,8.269537728191763,0,-0.028205447670721195,0,3.419999999999971,3.419999999999971,-8.3385,14.594042089747987,103,103,10,0.0970873786407767,2,0.1,,,False
aeb,1554431,iid,,79,0.1,source_batch/1554431/iid/seed79,0.02999999999999936,True,True,collision,5.099999999999936,5.099999999999936,15.177737089747986,8.106723247395559,0,-0.03528827027460846,0,3.4499999999999704,3.4499999999999704,-8.3385,15.177737089747986,102,102,10,0.09803921568627451,3,0.15000000000000002,,,False
aeb,1554431,iid,,80,0.1,source_batch/1554431/iid/seed80,0.0,True,True,collision,5.139999999999935,5.139999999999935,14.594042089747987,8.269537728191763,0,-0.028205447670721195,0,3.419999999999971,3.419999999999971,-8.3385,14.594042089747987,103,103,9,0.08737864077669903,1,0.05,,,False
aeb,1554431,iid,,81,0.1,source_batch/1554431/iid/seed81,0.0,True,True,collision,5.139999999999935,5.139999999999935,14.594042089747987,8.269537728191763,0,-0.028205447670721195,0,3.419999999999971,3.419999999999971,-8.3385,14.594042089747987,103,103,7,0.06796116504854369,1,0.05,,,False
aeb,1554431,iid,,82,0.1,source_batch/1554431/iid/seed82,0.0,True,True,collision,5.139999999999935,5.139999999999935,14.594042089747987,8.269537728191763,0,-0.028205447670721195,0,3.419999999999971,3.419999999999971,-8.3385,14.594042089747987,103,103,7,0.06796116504854369,1,0.05,,,False
aeb,1554431,iid,,83,0.1,source_batch/1554431/iid/seed83,0.0,True,True,collision,5.139999999999935,5.139999999999935,14.594042089747987,8.269537728191763,0,-0.028205447670721195,0,3.419999999999971,3.419999999999971,-8.3385,14.594042089747987,103,103,6,0.05825242718446602,1,0.05,,,False
aeb,1554431,iid,,84,0.1,source_batch/1554431/iid/seed84,0.0,True,True,collision,5.139999999999935,5.139999999999935,14.594042089747987,8.269537728191763,0,-0.028205447670721195,0,3.419999999999971,3.419999999999971,-8.3385,14.594042089747987,103,103,10,0.0970873786407767,1,0.05,,,False
aeb,1554431,iid,,85,0.1,source_batch/1554431/iid/seed85,0.0,True,True,collision,5.139999999999935,5.139999999999935,14.594042089747987,8.269537728191763,0,-0.028205447670721195,0,3.419999999999971,3.419999999999971,-8.3385,14.594042089747987,103,103,13,0.1262135922330097,1,0.05,,,False
aeb,1554431,iid,,86,0.1,source_batch/1554431/iid/seed86,0.0,True,True,collision,5.139999999999935,5.139999999999935,14.594042089747987,8.269537728191763,0,-0.028205447670721195,0,3.419999999999971,3.419999999999971,-8.3385,14.594042089747987,103,103,8,0.07766990291262135,2,0.1,,,False
aeb,1554431,iid,,87,0.1,source_batch/1554431/iid/seed87,0.0,True,True,collision,5.139999999999935,5.139999999999935,14.594042089747987,8.269537728191763,0,-0.028205447670721195,0,3.419999999999971,3.419999999999971,-8.3385,14.594042089747987,103,103,13,0.1262135922330097,2,0.1,,,False
aeb,1554431,iid,,88,0.1,source_batch/1554431/iid/seed88,0.0,True,True,collision,5.139999999999935,5.139999999999935,14.594042089747987,8.269537728191763,0,-0.028205447670721195,0,3.419999999999971,3.419999999999971,-8.3385,14.594042089747987,103,103,13,0.1262135922330097,2,0.1,,,False
aeb,1554431,iid,,89,0.1,source_batch/1554431/iid/seed89,0.02999999999999936,True,True,collision,5.099999999999936,5.099999999999936,15.177737089747986,8.106723247395559,0,-0.03528827027460846,0,3.4499999999999704,3.4499999999999704,-8.3385,15.177737089747986,102,102,11,0.10784313725490197,2,0.1,,,False
aeb,1554431,iid,,90,0.1,source_batch/1554431/iid/seed90,0.0,True,True,collision,5.139999999999935,5.139999999999935,14.594042089747987,8.269537728191763,0,-0.028205447670721195,0,3.419999999999971,3.419999999999971,-8.3385,14.594042089747987,103,103,6,0.05825242718446602,1,0.05,,,False
aeb,1554431,iid,,91,0.1,source_batch/1554431/iid/seed91,0.0,True,True,collision,5.139999999999935,5.139999999999935,14.594042089747987,8.269537728191763,0,-0.028205447670721195,0,3.419999999999971,3.419999999999971,-8.3385,14.594042089747987,103,103,10,0.0970873786407767,1,0.05,,,False
aeb,1554431,iid,,92,0.1,source_batch/1554431/iid/seed92,0.02999999999999936,True,True,collision,5.099999999999936,5.099999999999936,15.177737089747986,8.106723247395559,0,-0.03528827027460846,0,3.4499999999999704,3.4499999999999704,-8.3385,15.177737089747986,102,102,12,0.11764705882352941,2,0.1,,,False
aeb,1554431,iid,,93,0.1,source_batch/1554431/iid/seed93,0.0,True,True,collision,5.139999999999935,5.139999999999935,14.594042089747987,8.269537728191763,0,-0.028205447670721195,0,3.419999999999971,3.419999999999971,-8.3385,14.594042089747987,103,103,9,0.08737864077669903,2,0.1,,,False
aeb,1554431,iid,,94,0.1,source_batch/1554431/iid/seed94,0.0,True,True,collision,5.139999999999935,5.139999999999935,14.594042089747987,8.269537728191763,0,-0.028205447670721195,0,3.419999999999971,3.419999999999971,-8.3385,14.594042089747987,103,103,9,0.08737864077669903,1,0.05,,,False
aeb,1554431,iid,,95,0.1,source_batch/1554431/iid/seed95,0.0,True,True,collision,5.139999999999935,5.139999999999935,14.594042089747987,8.269537728191763,0,-0.028205447670721195,0,3.419999999999971,3.419999999999971,-8.3385,14.594042089747987,103,103,7,0.06796116504854369,1,0.05,,,False
aeb,1554431,iid,,96,0.1,source_batch/1554431/iid/seed96,0.0,True,True,collision,5.139999999999935,5.139999999999935,14.594042089747987,8.269537728191763,0,-0.028205447670721195,0,3.419999999999971,3.419999999999971,-8.3385,14.594042089747987,103,103,10,0.0970873786407767,2,0.1,,,False
aeb,1554431,iid,,97,0.1,source_batch/1554431/iid/seed97,0.0,True,True,collision,5.139999999999935,5.139999999999935,14.594042089747987,8.269537728191763,0,-0.028205447670721195,0,3.419999999999971,3.419999999999971,-8.3385,14.594042089747987,103,103,8,0.07766990291262135,1,0.05,,,False
aeb,1554431,iid,,98,0.1,source_batch/1554431/iid/seed98,0.02999999999999936,True,True,collision,5.099999999999936,5.099999999999936,15.177737089747986,8.106723247395559,0,-0.03528827027460846,0,3.4499999999999704,3.4499999999999704,-8.3385,15.177737089747986,102,102,10,0.09803921568627451,2,0.1,,,False
aeb,1554431,iid,,99,0.1,source_batch/1554431/iid/seed99,0.0,True,True,collision,5.139999999999935,5.139999999999935,14.594042089747987,8.269537728191763,0,-0.028205447670721195,0,3.419999999999971,3.419999999999971,-8.3385,14.594042089747987,103,103,14,0.13592233009708737,1,0.05,,,False
aeb,1554431,markov,0.2,0,0.1,source_batch/1554431/markov_0.2s/seed0,0.0,True,True,collision,5.139999999999935,5.139999999999935,14.594042089747987,8.269537728191763,0,-0.028205447670721195,0,3.419999999999971,3.419999999999971,-8.3385,14.594042089747987,103,103,14,0.13592233009708737,6,0.30000000000000004,0.13592233009708737,6,False
aeb,1554431,markov,0.2,1,0.1,source_batch/1554431/markov_0.2s/seed1,0.0,True,True,collision,5.139999999999935,5.139999999999935,14.594042089747987,8.269537728191763,0,-0.028205447670721195,0,3.419999999999971,3.419999999999971,-8.3385,14.594042089747987,103,103,18,0.17475728155339806,13,0.65,0.17475728155339806,13,False
aeb,1554431,markov,0.2,2,0.1,source_batch/1554431/markov_0.2s/seed2,0.0,True,True,collision,5.139999999999935,5.139999999999935,14.594042089747987,8.269537728191763,0,-0.028205447670721195,0,3.419999999999971,3.419999999999971,-8.3385,14.594042089747987,103,103,16,0.1553398058252427,7,0.35000000000000003,0.1553398058252427,7,False
aeb,1554431,markov,0.2,3,0.1,source_batch/1554431/markov_0.2s/seed3,0.0,True,True,collision,5.139999999999935,5.139999999999935,14.594042089747987,8.269537728191763,0,-0.028205447670721195,0,3.419999999999971,3.419999999999971,-8.3385,14.594042089747987,103,103,5,0.04854368932038835,4,0.2,0.04854368932038835,4,False
aeb,1554431,markov,0.2,4,0.1,source_batch/1554431/markov_0.2s/seed4,0.0,True,True,collision,5.139999999999935,5.139999999999935,14.594042089747987,8.269537728191763,0,-0.028205447670721195,0,3.419999999999971,3.419999999999971,-8.3385,14.594042089747987,103,103,29,0.2815533980582524,9,0.45,0.2815533980582524,9,False
aeb,1554431,markov,0.2,5,0.1,source_batch/1554431/markov_0.2s/seed5,0.0,True,True,collision,5.139999999999935,5.139999999999935,14.594042089747987,8.269537728191763,0,-0.028205447670721195,0,3.419999999999971,3.419999999999971,-8.3385,14.594042089747987,103,103,9,0.08737864077669903,5,0.25,0.08737864077669903,5,False
aeb,1554431,markov,0.2,6,0.1,source_batch/1554431/markov_0.2s/seed6,0.17999999999999616,True,True,collision,4.949999999999939,4.949999999999939,17.67928708974798,10.608258333622263,0,-0.06262769086870712,0,3.5999999999999672,3.5999999999999672,-8.3385,17.67928708974798,99,99,13,0.13131313131313133,5,0.25,0.13131313131313133,5,False
aeb,1554431,markov,0.2,7,0.1,source_batch/1554431/markov_0.2s/seed7,0.2299999999999951,True,True,collision,4.90999999999994,4.90999999999994,18.42975208974798,12.105229235842524,0,-0.0342807345764351,0,3.649999999999966,3.649999999999966,-8.3385,18.42975208974798,99,99,9,0.09090909090909091,6,0.30000000000000004,0.09090909090909091,6,False
aeb,1554431,markov,0.2,8,0.1,source_batch/1554431/markov_0.2s/seed8,0.0,True,True,collision,5.139999999999935,5.139999999999935,14.594042089747987,8.269537728191763,0,-0.028205447670721195,0,3.419999999999971,3.419999999999971,-8.3385,14.594042089747987,103,103,12,0.11650485436893204,4,0.2,0.11650485436893204,4,False
aeb,1554431,markov,0.2,9,0.1,source_batch/1554431/markov_0.2s/seed9,0.02999999999999936,True,True,collision,5.099999999999936,5.099999999999936,15.177737089747986,8.106723247395559,0,-0.03528827027460846,0,3.4499999999999704,3.4499999999999704,-8.3385,15.177737089747986,102,102,5,0.049019607843137254,3,0.15000000000000002,0.049019607843137254,3,False
aeb,1554431,markov,0.2,10,0.1,source_batch/1554431/markov_0.2s/seed10,0.0,True,True,collision,5.139999999999935,5.139999999999935,14.594042089747987,8.269537728191763,0,-0.028205447670721195,0,3.419999999999971,3.419999999999971,-8.3385,14.594042089747987,103,103,39,0.3786407766990291,13,0.65,0.3786407766990291,13,False
aeb,1554431,markov,0.2,11,0.1,source_batch/1554431/markov_0.2s/seed11,0.0,True,True,collision,5.139999999999935,5.139999999999935,14.594042089747987,8.269537728191763,0,-0.028205447670721195,0,3.419999999999971,3.419999999999971,-8.3385,14.594042089747987,103,103,24,0.23300970873786409,9,0.45,0.23300970873786409,9,False
aeb,1554431,markov,0.2,12,0.1,source_batch/1554431/markov_0.2s/seed12,0.0799999999999983,True,True,collision,5.039999999999937,5.039999999999937,16.094972089747984,10.012251077537854,0,-0.035289115744866706,0,3.4999999999999694,3.4999999999999694,-8.3385,16.094972089747984,101,101,6,0.0594059405940594,3,0.15000000000000002,0.0594059405940594,3,False
aeb,1554431,markov,0.2,13,0.1,source_batch/1554431/markov_0.2s/seed13,0.0,True,True,collision,5.139999999999935,5.139999999999935,14.594042089747987,8.269537728191763,0,-0.028205447670721195,0,3.419999999999971,3.419999999999971,-8.3385,14.594042089747987,103,103,9,0.08737864077669903,4,0.2,0.08737864077669903,4,False
aeb,1554431,markov,0.2,14,0.1,source_batch/1554431/markov_0.2s/seed14,0.0,True,True,collision,5.139999999999935,5.139999999999935,14.594042089747987,8.269537728191763,0,-0.028205447670721195,0,3.419999999999971,3.419999999999971,-8.3385,14.594042089747987,103,103,18,0.17475728155339806,4,0.2,0.17475728155339806,4,False
aeb,1554431,markov,0.2,15,0.1,source_batch/1554431/markov_0.2s/seed15,0.0799999999999983,True,True,collision,5.039999999999937,5.039999999999937,16.094972089747984,10.012251077537854,0,-0.035289115744866706,0,3.4999999999999694,3.4999999999999694,-8.3385,16.094972089747984,101,101,9,0.0891089108910891,3,0.15000000000000002,0.0891089108910891,3,False
aeb,1554431,markov,0.2,16,0.1,source_batch/1554431/markov_0.2s/seed16,0.0,True,True,collision,5.139999999999935,5.139999999999935,14.594042089747987,8.269537728191763,0,-0.028205447670721195,0,3.419999999999971,3.419999999999971,-8.3385,14.594042089747987,103,103,22,0.21359223300970873,11,0.55,0.21359223300970873,11,False
aeb,1554431,markov,0.2,17,0.1,source_batch/1554431/markov_0.2s/seed17,0.0,True,True,collision,5.139999999999935,5.139999999999935,14.594042089747987,8.269537728191763,0,-0.028205447670721195,0,3.419999999999971,3.419999999999971,-8.3385,14.594042089747987,103,103,2,0.019417475728155338,1,0.05,0.019417475728155338,1,False
aeb,1554431,markov,0.2,18,0.1,source_batch/1554431/markov_0.2s/seed18,0.0,True,True,collision,5.139999999999935,5.139999999999935,14.594042089747987,8.269537728191763,0,-0.028205447670721195,0,3.419999999999971,3.419999999999971,-8.3385,14.594042089747987,103,103,13,0.1262135922330097,8,0.4,0.1262135922330097,8,False
aeb,1554431,markov,0.2,19,0.1,source_batch/1554431/markov_0.2s/seed19,0.0,True,True,collision,5.139999999999935,5.139999999999935,14.594042089747987,8.269537728191763,0,-0.028205447670721195,0,3.419999999999971,3.419999999999971,-8.3385,14.594042089747987,103,103,6,0.05825242718446602,5,0.25,0.05825242718446602,5,False
aeb,1554431,markov,0.2,20,0.1,source_batch/1554431/markov_0.2s/seed20,0.0,True,True,collision,5.139999999999935,5.139999999999935,14.594042089747987,8.269537728191763,0,-0.028205447670721195,0,3.419999999999971,3.419999999999971,-8.3385,14.594042089747987,103,103,18,0.17475728155339806,7,0.35000000000000003,0.17475728155339806,7,False
aeb,1554431,markov,0.2,21,0.1,source_batch/1554431/markov_0.2s/seed21,0.0,True,True,collision,5.139999999999935,5.139999999999935,14.594042089747987,8.269537728191763,0,-0.028205447670721195,0,3.419999999999971,3.419999999999971,-8.3385,14.594042089747987,103,103,17,0.1650485436893204,7,0.35000000000000003,0.1650485436893204,7,False
aeb,1554431,markov,0.2,22,0.1,source_batch/1554431/markov_0.2s/seed22,0.0,True,True,collision,5.139999999999935,5.139999999999935,14.594042089747987,8.269537728191763,0,-0.028205447670721195,0,3.419999999999971,3.419999999999971,-8.3385,14.594042089747987,103,103,6,0.05825242718446602,3,0.15000000000000002,0.05825242718446602,3,False
aeb,1554431,markov,0.2,23,0.1,source_batch/1554431/markov_0.2s/seed23,0.02999999999999936,True,True,collision,5.099999999999936,5.099999999999936,15.177737089747986,8.106723247395559,0,-0.03528827027460846,0,3.4499999999999704,3.4499999999999704,-8.3385,15.177737089747986,102,102,6,0.058823529411764705,5,0.25,0.058823529411764705,5,False
aeb,1554431,markov,0.2,24,0.1,source_batch/1554431/markov_0.2s/seed24,0.0,True,True,collision,5.139999999999935,5.139999999999935,14.594042089747987,8.269537728191763,0,-0.028205447670721195,0,3.419999999999971,3.419999999999971,-8.3385,14.594042089747987,103,103,7,0.06796116504854369,7,0.35000000000000003,0.06796116504854369,7,False
aeb,1554431,markov,0.2,25,0.1,source_batch/1554431/markov_0.2s/seed25,0.0,True,True,collision,5.139999999999935,5.139999999999935,14.594042089747987,8.269537728191763,0,-0.028205447670721195,0,3.419999999999971,3.419999999999971,-8.3385,14.594042089747987,103,103,11,0.10679611650485436,6,0.30000000000000004,0.10679611650485436,6,False
aeb,1554431,markov,0.2,26,0.1,source_batch/1554431/markov_0.2s/seed26,0.0,True,True,collision,5.139999999999935,5.139999999999935,14.594042089747987,8.269537728191763,0,-0.028205447670721195,0,3.419999999999971,3.419999999999971,-8.3385,14.594042089747987,103,103,1,0.009708737864077669,1,0.05,0.009708737864077669,1,False
aeb,1554431,markov,0.2,27,0.1,source_batch/1554431/markov_0.2s/seed27,0.0,True,True,collision,5.139999999999935,5.139999999999935,14.594042089747987,8.269537728191763,0,-0.028205447670721195,0,3.419999999999971,3.419999999999971,-8.3385,14.594042089747987,103,103,11,0.10679611650485436,6,0.30000000000000004,0.10679611650485436,6,False
aeb,1554431,markov,0.2,28,0.1,source_batch/1554431/markov_0.2s/seed28,0.7799999999999838,True,True,collision,4.719999999999944,4.719999999999944,24.561329089747968,16.31514245630022,0,-0.056821633635698365,0,4.199999999999955,4.199999999999955,-7.2267000000000055,24.561329089747968,95,95,20,0.21052631578947367,17,0.8500000000000001,0.21052631578947367,17,False
aeb,1554431,markov,0.2,29,0.1,source_batch/1554431/markov_0.2s/seed29,0.0,True,True,collision,5.139999999999935,5.139999999999935,14.594042089747987,8.269537728191763,0,-0.028205447670721195,0,3.419999999999971,3.419999999999971,-8.3385,14.594042089747987,103,103,6,0.05825242718446602,3,0.15000000000000002,0.05825242718446602,3,False
aeb,1554431,markov,0.2,30,0.1,source_batch/1554431/markov_0.2s/seed30,0.0,True,True,collision,5.139999999999935,5.139999999999935,14.594042089747987,8.269537728191763,0,-0.028205447670721195,0,3.419999999999971,3.419999999999971,-8.3385,14.594042089747987,103,103,19,0.18446601941747573,6,0.30000000000000004,0.18446601941747573,6,False
aeb,1554431,markov,0.2,31,0.1,source_batch/1554431/markov_0.2s/seed31,0.0,True,True,collision,5.139999999999935,5.139999999999935,14.594042089747987,8.269537728191763,0,-0.028205447670721195,0,3.419999999999971,3.419999999999971,-8.3385,14.594042089747987,103,103,10,0.0970873786407767,4,0.2,0.0970873786407767,4,False
aeb,1554431,markov,0.2,32,0.1,source_batch/1554431/markov_0.2s/seed32,0.0,True,True,collision,5.139999999999935,5.139999999999935,14.594042089747987,8.269537728191763,0,-0.028205447670721195,0,3.419999999999971,3.419999999999971,-8.3385,14.594042089747987,103,103,13,0.1262135922330097,6,0.30000000000000004,0.1262135922330097,6,False
aeb,1554431,markov,0.2,33,0.1,source_batch/1554431/markov_0.2s/seed33,0.0,True,True,collision,5.139999999999935,5.139999999999935,14.594042089747987,8.269537728191763,0,-0.028205447670721195,0,3.419999999999971,3.419999999999971,-8.3385,14.594042089747987,103,103,10,0.0970873786407767,4,0.2,0.0970873786407767,4,False
aeb,1554431,markov,0.2,34,0.1,source_batch/1554431/markov_0.2s/seed34,0.0,True,True,collision,5.139999999999935,5.139999999999935,14.594042089747987,8.269537728191763,0,-0.028205447670721195,0,3.419999999999971,3.419999999999971,-8.3385,14.594042089747987,103,103,21,0.20388349514563106,13,0.65,0.20388349514563106,13,False
aeb,1554431,markov,0.2,35,0.1,source_batch/1554431/markov_0.2s/seed35,0.02999999999999936,True,True,collision,5.099999999999936,5.099999999999936,15.177737089747986,8.106723247395559,0,-0.03528827027460846,0,3.4499999999999704,3.4499999999999704,-8.3385,15.177737089747986,102,102,12,0.11764705882352941,6,0.30000000000000004,0.11764705882352941,6,False
aeb,1554431,markov,0.2,36,0.1,source_batch/1554431/markov_0.2s/seed36,0.0,True,True,collision,5.139999999999935,5.139999999999935,14.594042089747987,8.269537728191763,0,-0.028205447670721195,0,3.419999999999971,3.419999999999971,-8.3385,14.594042089747987,103,103,1,0.009708737864077669,1,0.05,0.009708737864077669,1,False
aeb,1554431,markov,0.2,37,0.1,source_batch/1554431/markov_0.2s/seed37,0.0,True,True,collision,5.139999999999935,5.139999999999935,14.594042089747987,8.269537728191763,0,-0.028205447670721195,0,3.419999999999971,3.419999999999971,-8.3385,14.594042089747987,103,103,9,0.08737864077669903,9,0.45,0.08737864077669903,9,False
aeb,1554431,markov,0.2,38,0.1,source_batch/1554431/markov_0.2s/seed38,0.0,True,True,collision,5.139999999999935,5.139999999999935,14.594042089747987,8.269537728191763,0,-0.028205447670721195,0,3.419999999999971,3.419999999999971,-8.3385,14.594042089747987,103,103,15,0.14563106796116504,14,0.7000000000000001,0.14563106796116504,14,False
aeb,1554431,markov,0.2,39,0.1,source_batch/1554431/markov_0.2s/seed39,0.0,True,True,collision,5.139999999999935,5.139999999999935,14.594042089747987,8.269537728191763,0,-0.028205447670721195,0,3.419999999999971,3.419999999999971,-8.3385,14.594042089747987,103,103,6,0.05825242718446602,5,0.25,0.05825242718446602,5,False
aeb,1554431,markov,0.2,40,0.1,source_batch/1554431/markov_0.2s/seed40,0.0,True,True,collision,5.139999999999935,5.139999999999935,14.594042089747987,8.269537728191763,0,-0.028205447670721195,0,3.419999999999971,3.419999999999971,-8.3385,14.594042089747987,103,103,12,0.11650485436893204,4,0.2,0.11650485436893204,4,False
aeb,1554431,markov,0.2,41,0.1,source_batch/1554431/markov_0.2s/seed41,0.5799999999999876,True,True,collision,4.759999999999943,4.759999999999943,22.59900208974797,15.527958510141898,0,-0.120498181818808,0,3.9999999999999587,3.9999999999999587,-8.3385,22.59900208974797,96,96,31,0.3229166666666667,17,0.8500000000000001,0.3229166666666667,17,False
aeb,1554431,markov,0.2,42,0.1,source_batch/1554431/markov_0.2s/seed42,0.02999999999999936,True,True,collision,5.099999999999936,5.099999999999936,15.177737089747986,8.106723247395559,0,-0.03528827027460846,0,3.4499999999999704,3.4499999999999704,-8.3385,15.177737089747986,102,102,6,0.058823529411764705,5,0.25,0.058823529411764705,5,False
aeb,1554431,markov,0.2,43,0.1,source_batch/1554431/markov_0.2s/seed43,0.0,True,True,collision,5.139999999999935,5.139999999999935,14.594042089747987,8.269537728191763,0,-0.028205447670721195,0,3.419999999999971,3.419999999999971,-8.3385,14.594042089747987,103,103,0,0,0,0,0,0,False
aeb,1554431,markov,0.2,44,0.1,source_batch/1554431/markov_0.2s/seed44,0.0,True,True,collision,5.139999999999935,5.139999999999935,14.594042089747987,8.269537728191763,0,-0.028205447670721195,0,3.419999999999971,3.419999999999971,-8.3385,14.594042089747987,103,103,21,0.20388349514563106,16,0.8,0.20388349514563106,16,False
aeb,1554431,markov,0.2,45,0.1,source_batch/1554431/markov_0.2s/seed45,0.02999999999999936,True,True,collision,5.099999999999936,5.099999999999936,15.177737089747986,8.106723247395559,0,-0.03528827027460846,0,3.4499999999999704,3.4499999999999704,-8.3385,15.177737089747986,102,102,6,0.058823529411764705,3,0.15000000000000002,0.058823529411764705,3,False
aeb,1554431,markov,0.2,46,0.1,source_batch/1554431/markov_0.2s/seed46,0.0,True,True,collision,5.139999999999935,5.139999999999935,14.594042089747987,8.269537728191763,0,-0.028205447670721195,0,3.419999999999971,3.419999999999971,-8.3385,14.594042089747987,103,103,11,0.10679611650485436,6,0.30000000000000004,0.10679611650485436,6,False
aeb,1554431,markov,0.2,47,0.1,source_batch/1554431/markov_0.2s/seed47,0.0,True,True,collision,5.139999999999935,5.139999999999935,14.594042089747987,8.269537728191763,0,-0.028205447670721195,0,3.419999999999971,3.419999999999971,-8.3385,14.594042089747987,103,103,8,0.07766990291262135,6,0.30000000000000004,0.07766990291262135,6,False
aeb,1554431,markov,0.2,48,0.1,source_batch/1554431/markov_0.2s/seed48,0.0,True,True,collision,5.139999999999935,5.139999999999935,14.594042089747987,8.269537728191763,0,-0.028205447670721195,0,3.419999999999971,3.419999999999971,-8.3385,14.594042089747987,103,103,18,0.17475728155339806,6,0.30000000000000004,0.17475728155339806,6,False
aeb,1554431,markov,0.2,49,0.1,source_batch/1554431/markov_0.2s/seed49,0.0,True,True,collision,5.139999999999935,5.139999999999935,14.594042089747987,8.269537728191763,0,-0.028205447670721195,0,3.419999999999971,3.419999999999971,-8.3385,14.594042089747987,103,103,1,0.009708737864077669,1,0.05,0.009708737864077669,1,False
aeb,1554431,markov,0.2,50,0.1,source_batch/1554431/markov_0.2s/seed50,0.0,True,True,collision,5.139999999999935,5.139999999999935,14.594042089747987,8.269537728191763,0,-0.028205447670721195,0,3.419999999999971,3.419999999999971,-8.3385,14.594042089747987,103,103,10,0.0970873786407767,5,0.25,0.0970873786407767,5,False
aeb,1554431,markov,0.2,51,0.1,source_batch/1554431/markov_0.2s/seed51,0.0,True,True,collision,5.139999999999935,5.139999999999935,14.594042089747987,8.269537728191763,0,-0.028205447670721195,0,3.419999999999971,3.419999999999971,-8.3385,14.594042089747987,103,103,0,0,0,0,0,0,False
aeb,1554431,markov,0.2,52,0.1,source_batch/1554431/markov_0.2s/seed52,0.0,True,True,collision,5.139999999999935,5.139999999999935,14.594042089747987,8.269537728191763,0,-0.028205447670721195,0,3.419999999999971,3.419999999999971,-8.3385,14.594042089747987,103,103,9,0.08737864077669903,9,0.45,0.08737864077669903,9,False
aeb,1554431,markov,0.2,53,0.1,source_batch/1554431/markov_0.2s/seed53,0.0,True,True,collision,5.139999999999935,5.139999999999935,14.594042089747987,8.269537728191763,0,-0.028205447670721195,0,3.419999999999971,3.419999999999971,-8.3385,14.594042089747987,103,103,8,0.07766990291262135,6,0.30000000000000004,0.07766990291262135,6,False
aeb,1554431,markov,0.2,54,0.1,source_batch/1554431/markov_0.2s/seed54,0.0,True,True,collision,5.139999999999935,5.139999999999935,14.594042089747987,8.269537728191763,0,-0.028205447670721195,0,3.419999999999971,3.419999999999971,-8.3385,14.594042089747987,103,103,17,0.1650485436893204,6,0.30000000000000004,0.1650485436893204,6,False
aeb,1554431,markov,0.2,55,0.1,source_batch/1554431/markov_0.2s/seed55,0.0,True,True,collision,5.139999999999935,5.139999999999935,14.594042089747987,8.269537728191763,0,-0.028205447670721195,0,3.419999999999971,3.419999999999971,-8.3385,14.594042089747987,103,103,17,0.1650485436893204,11,0.55,0.1650485436893204,11,False
aeb,1554431,markov,0.2,56,0.1,source_batch/1554431/markov_0.2s/seed56,0.0,True,True,collision,5.139999999999935,5.139999999999935,14.594042089747987,8.269537728191763,0,-0.028205447670721195,0,3.419999999999971,3.419999999999971,-8.3385,14.594042089747987,103,103,14,0.13592233009708737,6,0.30000000000000004,0.13592233009708737,6,False
aeb,1554431,markov,0.2,57,0.1,source_batch/1554431/markov_0.2s/seed57,0.0,True,True,collision,5.139999999999935,5.139999999999935,14.594042089747987,8.269537728191763,0,-0.028205447670721195,0,3.419999999999971,3.419999999999971,-8.3385,14.594042089747987,103,103,22,0.21359223300970873,11,0.55,0.21359223300970873,11,False
aeb,1554431,markov,0.2,58,0.1,source_batch/1554431/markov_0.2s/seed58,0.0,True,True,collision,5.139999999999935,5.139999999999935,14.594042089747987,8.269537728191763,0,-0.028205447670721195,0,3.419999999999971,3.419999999999971,-8.3385,14.594042089747987,103,103,3,0.02912621359223301,2,0.1,0.02912621359223301,2,False
aeb,1554431,markov,0.2,59,0.1,source_batch/1554431/markov_0.2s/seed59,0.0,True,True,collision,5.139999999999935,5.139999999999935,14.594042089747987,8.269537728191763,0,-0.028205447670721195,0,3.419999999999971,3.419999999999971,-8.3385,14.594042089747987,103,103,26,0.2524271844660194,18,0.9,0.2524271844660194,18,False
aeb,1554431,markov,0.2,60,0.1,source_batch/1554431/markov_0.2s/seed60,0.0,True,True,collision,5.139999999999935,5.139999999999935,14.594042089747987,8.269537728191763,0,-0.028205447670721195,0,3.419999999999971,3.419999999999971,-8.3385,14.594042089747987,103,103,15,0.14563106796116504,9,0.45,0.14563106796116504,9,False
aeb,1554431,markov,0.2,61,0.1,source_batch/1554431/markov_0.2s/seed61,0.0,True,True,collision,5.139999999999935,5.139999999999935,14.594042089747987,8.269537728191763,0,-0.028205447670721195,0,3.419999999999971,3.419999999999971,-8.3385,14.594042089747987,103,103,0,0,0,0,0,0,False
aeb,1554431,markov,0.2,62,0.1,source_batch/1554431/markov_0.2s/seed62,0.0,True,True,collision,5.139999999999935,5.139999999999935,14.594042089747987,8.269537728191763,0,-0.028205447670721195,0,3.419999999999971,3.419999999999971,-8.3385,14.594042089747987,103,103,25,0.24271844660194175,11,0.55,0.24271844660194175,11,False
aeb,1554431,markov,0.2,63,0.1,source_batch/1554431/markov_0.2s/seed63,0.0,True,True,collision,5.139999999999935,5.139999999999935,14.594042089747987,8.269537728191763,0,-0.028205447670721195,0,3.419999999999971,3.419999999999971,-8.3385,14.594042089747987,103,103,4,0.038834951456310676,3,0.15000000000000002,0.038834951456310676,3,False
aeb,1554431,markov,0.2,64,0.1,source_batch/1554431/markov_0.2s/seed64,0.0,True,True,collision,5.139999999999935,5.139999999999935,14.594042089747987,8.269537728191763,0,-0.028205447670721195,0,3.419999999999971,3.419999999999971,-8.3385,14.594042089747987,103,103,19,0.18446601941747573,12,0.6000000000000001,0.18446601941747573,12,False
aeb,1554431,markov,0.2,65,0.1,source_batch/1554431/markov_0.2s/seed65,0.0,True,True,collision,5.139999999999935,5.139999999999935,14.594042089747987,8.269537728191763,0,-0.028205447670721195,0,3.419999999999971,3.419999999999971,-8.3385,14.594042089747987,103,103,0,0,0,0,0,0,False
aeb,1554431,markov,0.2,66,0.1,source_batch/1554431/markov_0.2s/seed66,0.0,True,True,collision,5.139999999999935,5.139999999999935,14.594042089747987,8.269537728191763,0,-0.028205447670721195,0,3.419999999999971,3.419999999999971,-8.3385,14.594042089747987,103,103,29,0.2815533980582524,15,0.75,0.2815533980582524,15,False
aeb,1554431,markov,0.2,67,0.1,source_batch/1554431/markov_0.2s/seed67,0.0,True,True,collision,5.139999999999935,5.139999999999935,14.594042089747987,8.269537728191763,0,-0.028205447670721195,0,3.419999999999971,3.419999999999971,-8.3385,14.594042089747987,103,103,17,0.1650485436893204,9,0.45,0.1650485436893204,9,False
aeb,1554431,markov,0.2,68,0.1,source_batch/1554431/markov_0.2s/seed68,0.0,True,True,collision,5.139999999999935,5.139999999999935,14.594042089747987,8.269537728191763,0,-0.028205447670721195,0,3.419999999999971,3.419999999999971,-8.3385,14.594042089747987,103,103,9,0.08737864077669903,7,0.35000000000000003,0.08737864077669903,7,False
aeb,1554431,markov,0.2,69,0.1,source_batch/1554431/markov_0.2s/seed69,0.0,True,True,collision,5.139999999999935,5.139999999999935,14.594042089747987,8.269537728191763,0,-0.028205447670721195,0,3.419999999999971,3.419999999999971,-8.3385,14.594042089747987,103,103,7,0.06796116504854369,2,0.1,0.06796116504854369,2,False
aeb,1554431,markov,0.2,70,0.1,source_batch/1554431/markov_0.2s/seed70,0.0,True,True,collision,5.139999999999935,5.139999999999935,14.594042089747987,8.269537728191763,0,-0.028205447670721195,0,3.419999999999971,3.419999999999971,-8.3385,14.594042089747987,103,103,10,0.0970873786407767,4,0.2,0.0970873786407767,4,False
aeb,1554431,markov,0.2,71,0.1,source_batch/1554431/markov_0.2s/seed71,0.0,True,True,collision,5.139999999999935,5.139999999999935,14.594042089747987,8.269537728191763,0,-0.028205447670721195,0,3.419999999999971,3.419999999999971,-8.3385,14.594042089747987,103,103,21,0.20388349514563106,6,0.30000000000000004,0.20388349514563106,6,False
aeb,1554431,markov,0.2,72,0.1,source_batch/1554431/markov_0.2s/seed72,0.0,True,True,collision,5.139999999999935,5.139999999999935,14.594042089747987,8.269537728191763,0,-0.028205447670721195,0,3.419999999999971,3.419999999999971,-8.3385,14.594042089747987,103,103,10,0.0970873786407767,8,0.4,0.0970873786407767,8,False
aeb,1554431,markov,0.2,73,0.1,source_batch/1554431/markov_0.2s/seed73,0.0,True,True,collision,5.139999999999935,5.139999999999935,14.594042089747987,8.269537728191763,0,-0.028205447670721195,0,3.419999999999971,3.419999999999971,-8.3385,14.594042089747987,103,103,12,0.11650485436893204,8,0.4,0.11650485436893204,8,False
aeb,1554431,markov,0.2,74,0.1,source_batch/1554431/markov_0.2s/seed74,0.0,True,True,collision,5.139999999999935,5.139999999999935,14.594042089747987,8.269537728191763,0,-0.028205447670721195,0,3.419999999999971,3.419999999999971,-8.3385,14.594042089747987,103,103,9,0.08737864077669903,6,0.30000000000000004,0.08737864077669903,6,False
aeb,1554431,markov,0.2,75,0.1,source_batch/1554431/markov_0.2s/seed75,0.0,True,True,collision,5.139999999999935,5.139999999999935,14.594042089747987,8.269537728191763,0,-0.028205447670721195,0,3.419999999999971,3.419999999999971,-8.3385,14.594042089747987,103,103,10,0.0970873786407767,5,0.25,0.0970873786407767,5,False
aeb,1554431,markov,0.2,76,0.1,source_batch/1554431/markov_0.2s/seed76,0.0,True,True,collision,5.139999999999935,5.139999999999935,14.594042089747987,8.269537728191763,0,-0.028205447670721195,0,3.419999999999971,3.419999999999971,-8.3385,14.594042089747987,103,103,5,0.04854368932038835,3,0.15000000000000002,0.04854368932038835,3,False
aeb,1554431,markov,0.2,77,0.1,source_batch/1554431/markov_0.2s/seed77,0.2299999999999951,True,True,collision,4.90999999999994,4.90999999999994,18.42975208974798,12.105229235842524,0,-0.0342807345764351,0,3.649999999999966,3.649999999999966,-8.3385,18.42975208974798,99,99,12,0.12121212121212122,7,0.35000000000000003,0.12121212121212122,7,False
aeb,1554431,markov,0.2,78,0.1,source_batch/1554431/markov_0.2s/seed78,0.0,True,True,collision,5.139999999999935,5.139999999999935,14.594042089747987,8.269537728191763,0,-0.028205447670721195,0,3.419999999999971,3.419999999999971,-8.3385,14.594042089747987,103,103,10,0.0970873786407767,10,0.5,0.0970873786407767,10,False
aeb,1554431,markov,0.2,79,0.1,source_batch/1554431/markov_0.2s/seed79,0.0,True,True,collision,5.139999999999935,5.139999999999935,14.594042089747987,8.269537728191763,0,-0.028205447670721195,0,3.419999999999971,3.419999999999971,-8.3385,14.594042089747987,103,103,14,0.13592233009708737,11,0.55,0.13592233009708737,11,False
aeb,1554431,markov,0.2,80,0.1,source_batch/1554431/markov_0.2s/seed80,0.0,True,True,collision,5.139999999999935,5.139999999999935,14.594042089747987,8.269537728191763,0,-0.028205447670721195,0,3.419999999999971,3.419999999999971,-8.3385,14.594042089747987,103,103,27,0.2621359223300971,19,0.9500000000000001,0.2621359223300971,19,False
aeb,1554431,markov,0.2,81,0.1,source_batch/1554431/markov_0.2s/seed81,0.0,True,True,collision,5.139999999999935,5.139999999999935,14.594042089747987,8.269537728191763,0,-0.028205447670721195,0,3.419999999999971,3.419999999999971,-8.3385,14.594042089747987,103,103,4,0.038834951456310676,2,0.1,0.038834951456310676,2,False
aeb,1554431,markov,0.2,82,0.1,source_batch/1554431/markov_0.2s/seed82,0.0,True,True,collision,5.139999999999935,5.139999999999935,14.594042089747987,8.269537728191763,0,-0.028205447670721195,0,3.419999999999971,3.419999999999971,-8.3385,14.594042089747987,103,103,32,0.3106796116504854,13,0.65,0.3106796116504854,13,False
aeb,1554431,markov,0.2,83,0.1,source_batch/1554431/markov_0.2s/seed83,0.0,True,True,collision,5.139999999999935,5.139999999999935,14.594042089747987,8.269537728191763,0,-0.028205447670721195,0,3.419999999999971,3.419999999999971,-8.3385,14.594042089747987,103,103,11,0.10679611650485436,11,0.55,0.10679611650485436,11,False
aeb,1554431,markov,0.2,84,0.1,source_batch/1554431/markov_0.2s/seed84,0.0,True,True,collision,5.139999999999935,5.139999999999935,14.594042089747987,8.269537728191763,0,-0.028205447670721195,0,3.419999999999971,3.419999999999971,-8.3385,14.594042089747987,103,103,3,0.02912621359223301,2,0.1,0.02912621359223301,2,False
aeb,1554431,markov,0.2,85,0.1,source_batch/1554431/markov_0.2s/seed85,0.12999999999999723,True,True,collision,4.989999999999938,4.989999999999938,16.92882208974798,10.846096618595158,0,-0.031585201705236265,0,3.5499999999999683,3.5499999999999683,-8.3385,16.92882208974798,100,100,13,0.13,7,0.35000000000000003,0.13,7,False
aeb,1554431,markov,0.2,86,0.1,source_batch/1554431/markov_0.2s/seed86,0.0,True,True,collision,5.139999999999935,5.139999999999935,14.594042089747987,8.269537728191763,0,-0.028205447670721195,0,3.419999999999971,3.419999999999971,-8.3385,14.594042089747987,103,103,10,0.0970873786407767,4,0.2,0.0970873786407767,4,False
aeb,1554431,markov,0.2,87,0.1,source_batch/1554431/markov_0.2s/seed87,0.0,True,True,collision,5.139999999999935,5.139999999999935,14.594042089747987,8.269537728191763,0,-0.028205447670721195,0,3.419999999999971,3.419999999999971,-8.3385,14.594042089747987,103,103,21,0.20388349514563106,9,0.45,0.20388349514563106,9,False
aeb,1554431,markov,0.2,88,0.1,source_batch/1554431/markov_0.2s/seed88,0.0,True,True,collision,5.139999999999935,5.139999999999935,14.594042089747987,8.269537728191763,0,-0.028205447670721195,0,3.419999999999971,3.419999999999971,-8.3385,14.594042089747987,103,103,4,0.038834951456310676,2,0.1,0.038834951456310676,2,False
aeb,1554431,markov,0.2,89,0.1,source_batch/1554431/markov_0.2s/seed89,0.0,True,True,collision,5.139999999999935,5.139999999999935,14.594042089747987,8.269537728191763,0,-0.028205447670721195,0,3.419999999999971,3.419999999999971,-8.3385,14.594042089747987,103,103,15,0.14563106796116504,9,0.45,0.14563106796116504,9,False
aeb,1554431,markov,0.2,90,0.1,source_batch/1554431/markov_0.2s/seed90,0.0,True,True,collision,5.139999999999935,5.139999999999935,14.594042089747987,8.269537728191763,0,-0.028205447670721195,0,3.419999999999971,3.419999999999971,-8.3385,14.594042089747987,103,103,8,0.07766990291262135,6,0.30000000000000004,0.07766990291262135,6,False
aeb,1554431,markov,0.2,91,0.1,source_batch/1554431/markov_0.2s/seed91,0.12999999999999723,True,True,collision,4.989999999999938,4.989999999999938,16.92882208974798,10.846096618595158,0,-0.031585201705236265,0,3.5499999999999683,3.5499999999999683,-8.3385,16.92882208974798,100,100,17,0.17,9,0.45,0.17,9,False
aeb,1554431,markov,0.2,92,0.1,source_batch/1554431/markov_0.2s/seed92,0.0,True,True,collision,5.139999999999935,5.139999999999935,14.594042089747987,8.269537728191763,0,-0.028205447670721195,0,3.419999999999971,3.419999999999971,-8.3385,14.594042089747987,103,103,12,0.11650485436893204,9,0.45,0.11650485436893204,9,False
aeb,1554431,markov,0.2,93,0.1,source_batch/1554431/markov_0.2s/seed93,0.0,True,True,collision,5.139999999999935,5.139999999999935,14.594042089747987,8.269537728191763,0,-0.028205447670721195,0,3.419999999999971,3.419999999999971,-8.3385,14.594042089747987,103,103,0,0,0,0,0,0,False
aeb,1554431,markov,0.2,94,0.1,source_batch/1554431/markov_0.2s/seed94,0.0,True,True,collision,5.139999999999935,5.139999999999935,14.594042089747987,8.269537728191763,0,-0.028205447670721195,0,3.419999999999971,3.419999999999971,-8.3385,14.594042089747987,103,103,11,0.10679611650485436,8,0.4,0.10679611650485436,8,False
aeb,1554431,markov,0.2,95,0.1,source_batch/1554431/markov_0.2s/seed95,0.0,True,True,collision,5.139999999999935,5.139999999999935,14.594042089747987,8.269537728191763,0,-0.028205447670721195,0,3.419999999999971,3.419999999999971,-8.3385,14.594042089747987,103,103,5,0.04854368932038835,2,0.1,0.04854368932038835,2,False
aeb,1554431,markov,0.2,96,0.1,source_batch/1554431/markov_0.2s/seed96,0.02999999999999936,True,True,collision,5.099999999999936,5.099999999999936,15.177737089747986,8.106723247395559,0,-0.03528827027460846,0,3.4499999999999704,3.4499999999999704,-8.3385,15.177737089747986,102,102,17,0.16666666666666666,6,0.30000000000000004,0.16666666666666666,6,False
aeb,1554431,markov,0.2,97,0.1,source_batch/1554431/markov_0.2s/seed97,0.0,True,True,collision,5.139999999999935,5.139999999999935,14.594042089747987,8.269537728191763,0,-0.028205447670721195,0,3.419999999999971,3.419999999999971,-8.3385,14.594042089747987,103,103,7,0.06796116504854369,3,0.15000000000000002,0.06796116504854369,3,False
aeb,1554431,markov,0.2,98,0.1,source_batch/1554431/markov_0.2s/seed98,0.0,True,True,collision,5.139999999999935,5.139999999999935,14.594042089747987,8.269537728191763,0,-0.028205447670721195,0,3.419999999999971,3.419999999999971,-8.3385,14.594042089747987,103,103,16,0.1553398058252427,8,0.4,0.1553398058252427,8,False
aeb,1554431,markov,0.2,99,0.1,source_batch/1554431/markov_0.2s/seed99,0.0,True,True,collision,5.139999999999935,5.139999999999935,14.594042089747987,8.269537728191763,0,-0.028205447670721195,0,3.419999999999971,3.419999999999971,-8.3385,14.594042089747987,103,103,2,0.019417475728155338,2,0.1,0.019417475728155338,2,False
aeb,1554431,markov,0.5,0,0.1,source_batch/1554431/markov_0.5s/seed0,0.0,True,True,collision,5.139999999999935,5.139999999999935,14.594042089747987,8.269537728191763,0,-0.028205447670721195,0,3.419999999999971,3.419999999999971,-8.3385,14.594042089747987,103,103,9,0.08737864077669903,9,0.45,0.08737864077669903,9,False
aeb,1554431,markov,0.5,1,0.1,source_batch/1554431/markov_0.5s/seed1,0.0,True,True,collision,5.139999999999935,5.139999999999935,14.594042089747987,8.269537728191763,0,-0.028205447670721195,0,3.419999999999971,3.419999999999971,-8.3385,14.594042089747987,103,103,0,0,0,0,0,0,False
aeb,1554431,markov,0.5,2,0.1,source_batch/1554431/markov_0.5s/seed2,0.0,True,True,collision,5.139999999999935,5.139999999999935,14.594042089747987,8.269537728191763,0,-0.028205447670721195,0,3.419999999999971,3.419999999999971,-8.3385,14.594042089747987,103,103,19,0.18446601941747573,12,0.6000000000000001,0.18446601941747573,12,False
aeb,1554431,markov,0.5,3,0.1,source_batch/1554431/markov_0.5s/seed3,0.0,True,True,collision,5.139999999999935,5.139999999999935,14.594042089747987,8.269537728191763,0,-0.028205447670721195,0,3.419999999999971,3.419999999999971,-8.3385,14.594042089747987,103,103,36,0.34951456310679613,30,1.5,0.34951456310679613,30,False
aeb,1554431,markov,0.5,4,0.1,source_batch/1554431/markov_0.5s/seed4,0.0,True,True,collision,5.139999999999935,5.139999999999935,14.594042089747987,8.269537728191763,0,-0.028205447670721195,0,3.419999999999971,3.419999999999971,-8.3385,14.594042089747987,103,103,9,0.08737864077669903,5,0.25,0.08737864077669903,5,False
aeb,1554431,markov,0.5,5,0.1,source_batch/1554431/markov_0.5s/seed5,0.0,True,True,collision,5.139999999999935,5.139999999999935,14.594042089747987,8.269537728191763,0,-0.028205447670721195,0,3.419999999999971,3.419999999999971,-8.3385,14.594042089747987,103,103,7,0.06796116504854369,5,0.25,0.06796116504854369,5,False
aeb,1554431,markov,0.5,6,0.1,source_batch/1554431/markov_0.5s/seed6,0.0,True,True,collision,5.139999999999935,5.139999999999935,14.594042089747987,8.269537728191763,0,-0.028205447670721195,0,3.419999999999971,3.419999999999971,-8.3385,14.594042089747987,103,103,26,0.2524271844660194,20,1,0.2524271844660194,20,False
aeb,1554431,markov,0.5,7,0.1,source_batch/1554431/markov_0.5s/seed7,0.2299999999999951,True,True,collision,4.90999999999994,4.90999999999994,18.42975208974798,12.105229235842524,0,-0.0342807345764351,0,3.649999999999966,3.649999999999966,-8.3385,18.42975208974798,99,99,7,0.0707070707070707,6,0.30000000000000004,0.0707070707070707,6,False
aeb,1554431,markov,0.5,8,0.1,source_batch/1554431/markov_0.5s/seed8,0.0,True,True,collision,5.139999999999935,5.139999999999935,14.594042089747987,8.269537728191763,0,-0.028205447670721195,0,3.419999999999971,3.419999999999971,-8.3385,14.594042089747987,103,103,0,0,0,0,0,0,False
aeb,1554431,markov,0.5,9,0.1,source_batch/1554431/markov_0.5s/seed9,0.0,True,True,collision,5.139999999999935,5.139999999999935,14.594042089747987,8.269537728191763,0,-0.028205447670721195,0,3.419999999999971,3.419999999999971,-8.3385,14.594042089747987,103,103,14,0.13592233009708737,14,0.7000000000000001,0.13592233009708737,14,False
aeb,1554431,markov,0.5,10,0.1,source_batch/1554431/markov_0.5s/seed10,0.12999999999999723,True,True,collision,4.989999999999938,4.989999999999938,16.92882208974798,10.846096618595158,0,-0.031585201705236265,0,3.5499999999999683,3.5499999999999683,-8.3385,16.92882208974798,100,100,41,0.41,17,0.8500000000000001,0.41,17,False
aeb,1554431,markov,0.5,11,0.1,source_batch/1554431/markov_0.5s/seed11,0.0,True,True,collision,5.139999999999935,5.139999999999935,14.594042089747987,8.269537728191763,0,-0.028205447670721195,0,3.419999999999971,3.419999999999971,-8.3385,14.594042089747987,103,103,8,0.07766990291262135,8,0.4,0.07766990291262135,8,False
aeb,1554431,markov,0.5,12,0.1,source_batch/1554431/markov_0.5s/seed12,0.0,True,True,collision,5.139999999999935,5.139999999999935,14.594042089747987,8.269537728191763,0,-0.028205447670721195,0,3.419999999999971,3.419999999999971,-8.3385,14.594042089747987,103,103,66,0.6407766990291263,33,1.6500000000000001,0.6407766990291263,33,False
aeb,1554431,markov,0.5,13,0.1,source_batch/1554431/markov_0.5s/seed13,0.0,True,True,collision,5.139999999999935,5.139999999999935,14.594042089747987,8.269537728191763,0,-0.028205447670721195,0,3.419999999999971,3.419999999999971,-8.3385,14.594042089747987,103,103,0,0,0,0,0,0,False
aeb,1554431,markov,0.5,14,0.1,source_batch/1554431/markov_0.5s/seed14,0.0,True,True,collision,5.139999999999935,5.139999999999935,14.594042089747987,8.269537728191763,0,-0.028205447670721195,0,3.419999999999971,3.419999999999971,-8.3385,14.594042089747987,103,103,12,0.11650485436893204,5,0.25,0.11650485436893204,5,False
aeb,1554431,markov,0.5,15,0.1,source_batch/1554431/markov_0.5s/seed15,0.0,True,True,collision,5.139999999999935,5.139999999999935,14.594042089747987,8.269537728191763,0,-0.028205447670721195,0,3.419999999999971,3.419999999999971,-8.3385,14.594042089747987,103,103,4,0.038834951456310676,4,0.2,0.038834951456310676,4,False
aeb,1554431,markov,0.5,16,0.1,source_batch/1554431/markov_0.5s/seed16,0.0,True,True,collision,5.139999999999935,5.139999999999935,14.594042089747987,8.269537728191763,0,-0.028205447670721195,0,3.419999999999971,3.419999999999971,-8.3385,14.594042089747987,103,103,10,0.0970873786407767,10,0.5,0.0970873786407767,10,False
aeb,1554431,markov,0.5,17,0.1,source_batch/1554431/markov_0.5s/seed17,0.0,True,True,collision,5.139999999999935,5.139999999999935,14.594042089747987,8.269537728191763,0,-0.028205447670721195,0,3.419999999999971,3.419999999999971,-8.3385,14.594042089747987,103,103,0,0,0,0,0,0,False
aeb,1554431,markov,0.5,18,0.1,source_batch/1554431/markov_0.5s/seed18,0.27999999999999403,True,True,collision,4.87999999999994,4.87999999999994,19.096832089747977,12.025799172337654,0,-0.06089312900740973,0,3.699999999999965,3.699999999999965,-8.3385,19.096832089747977,98,98,19,0.19387755102040816,10,0.5,0.19387755102040816,10,False
aeb,1554431,markov,0.5,19,0.1,source_batch/1554431/markov_0.5s/seed19,0.5299999999999887,True,True,collision,4.769999999999943,4.769999999999943,22.09869208974797,15.027648510149003,0,-0.06693462587817622,0,3.9499999999999598,3.9499999999999598,-8.3385,22.09869208974797,96,96,59,0.6145833333333334,59,2.95,0.6145833333333334,59,False
aeb,1554431,markov,0.5,20,0.1,source_batch/1554431/markov_0.5s/seed20,0.0,True,True,collision,5.139999999999935,5.139999999999935,14.594042089747987,8.269537728191763,0,-0.028205447670721195,0,3.419999999999971,3.419999999999971,-8.3385,14.594042089747987,103,103,15,0.14563106796116504,9,0.45,0.14563106796116504,9,False
aeb,1554431,markov,0.5,21,0.1,source_batch/1554431/markov_0.5s/seed21,0.0,True,True,collision,5.139999999999935,5.139999999999935,14.594042089747987,8.269537728191763,0,-0.028205447670721195,0,3.419999999999971,3.419999999999971,-8.3385,14.594042089747987,103,103,20,0.1941747572815534,8,0.4,0.1941747572815534,8,False
aeb,1554431,markov,0.5,22,0.1,source_batch/1554431/markov_0.5s/seed22,0.0,True,True,collision,5.139999999999935,5.139999999999935,14.594042089747987,8.269537728191763,0,-0.028205447670721195,0,3.419999999999971,3.419999999999971,-8.3385,14.594042089747987,103,103,4,0.038834951456310676,4,0.2,0.038834951456310676,4,False
aeb,1554431,markov,0.5,23,0.1,source_batch/1554431/markov_0.5s/seed23,0.7299999999999849,True,True,collision,4.729999999999944,4.729999999999944,24.098542339747965,16.036310768413347,0,-0.11261012319461061,0,4.149999999999956,4.149999999999956,-8.060550000000006,24.098542339747965,95,95,15,0.15789473684210525,15,0.75,0.15789473684210525,15,False
aeb,1554431,markov,0.5,24,0.1,source_batch/1554431/markov_0.5s/seed24,0.0,True,True,collision,5.139999999999935,5.139999999999935,14.594042089747987,8.269537728191763,0,-0.028205447670721195,0,3.419999999999971,3.419999999999971,-8.3385,14.594042089747987,103,103,0,0,0,0,0,0,False
aeb,1554431,markov,0.5,25,0.1,source_batch/1554431/markov_0.5s/seed25,0.0,True,True,collision,5.139999999999935,5.139999999999935,14.594042089747987,8.269537728191763,0,-0.028205447670721195,0,3.419999999999971,3.419999999999971,-8.3385,14.594042089747987,103,103,35,0.33980582524271846,31,1.55,0.33980582524271846,31,False
aeb,1554431,markov,0.5,26,0.1,source_batch/1554431/markov_0.5s/seed26,0.0,True,True,collision,5.139999999999935,5.139999999999935,14.594042089747987,8.269537728191763,0,-0.028205447670721195,0,3.419999999999971,3.419999999999971,-8.3385,14.594042089747987,103,103,11,0.10679611650485436,11,0.55,0.10679611650485436,11,False
aeb,1554431,markov,0.5,27,0.1,source_batch/1554431/markov_0.5s/seed27,0.0,True,True,collision,5.139999999999935,5.139999999999935,14.594042089747987,8.269537728191763,0,-0.028205447670721195,0,3.419999999999971,3.419999999999971,-8.3385,14.594042089747987,103,103,25,0.24271844660194175,18,0.9,0.24271844660194175,18,False
aeb,1554431,markov,0.5,28,0.1,source_batch/1554431/markov_0.5s/seed28,0.0,True,True,collision,5.139999999999935,5.139999999999935,14.594042089747987,8.269537728191763,0,-0.028205447670721195,0,3.419999999999971,3.419999999999971,-8.3385,14.594042089747987,103,103,2,0.019417475728155338,2,0.1,0.019417475728155338,2,False
aeb,1554431,markov,0.5,29,0.1,source_batch/1554431/markov_0.5s/seed29,0.0,True,True,collision,5.139999999999935,5.139999999999935,14.594042089747987,8.269537728191763,0,-0.028205447670721195,0,3.419999999999971,3.419999999999971,-8.3385,14.594042089747987,103,103,0,0,0,0,0,0,False
aeb,1554431,markov,0.5,30,0.1,source_batch/1554431/markov_0.5s/seed30,0.0,True,True,collision,5.139999999999935,5.139999999999935,14.594042089747987,8.269537728191763,0,-0.028205447670721195,0,3.419999999999971,3.419999999999971,-8.3385,14.594042089747987,103,103,0,0,0,0,0,0,False
aeb,1554431,markov,0.5,31,0.1,source_batch/1554431/markov_0.5s/seed31,0.0,True,True,collision,5.139999999999935,5.139999999999935,14.594042089747987,8.269537728191763,0,-0.028205447670721195,0,3.419999999999971,3.419999999999971,-8.3385,14.594042089747987,103,103,7,0.06796116504854369,7,0.35000000000000003,0.06796116504854369,7,False
aeb,1554431,markov,0.5,32,0.1,source_batch/1554431/markov_0.5s/seed32,0.0,True,True,collision,5.139999999999935,5.139999999999935,14.594042089747987,8.269537728191763,0,-0.028205447670721195,0,3.419999999999971,3.419999999999971,-8.3385,14.594042089747987,103,103,10,0.0970873786407767,6,0.30000000000000004,0.0970873786407767,6,False
aeb,1554431,markov,0.5,33,0.1,source_batch/1554431/markov_0.5s/seed33,0.0,True,True,collision,5.139999999999935,5.139999999999935,14.594042089747987,8.269537728191763,0,-0.028205447670721195,0,3.419999999999971,3.419999999999971,-8.3385,14.594042089747987,103,103,4,0.038834951456310676,4,0.2,0.038834951456310676,4,False
aeb,1554431,markov,0.5,34,0.1,source_batch/1554431/markov_0.5s/seed34,0.0,True,True,collision,5.139999999999935,5.139999999999935,14.594042089747987,8.269537728191763,0,-0.028205447670721195,0,3.419999999999971,3.419999999999971,-8.3385,14.594042089747987,103,103,4,0.038834951456310676,4,0.2,0.038834951456310676,4,False
aeb,1554431,markov,0.5,35,0.1,source_batch/1554431/markov_0.5s/seed35,0.0,True,True,collision,5.139999999999935,5.139999999999935,14.594042089747987,8.269537728191763,0,-0.028205447670721195,0,3.419999999999971,3.419999999999971,-8.3385,14.594042089747987,103,103,9,0.08737864077669903,4,0.2,0.08737864077669903,4,False
aeb,1554431,markov,0.5,36,0.1,source_batch/1554431/markov_0.5s/seed36,0.0,True,True,collision,5.139999999999935,5.139999999999935,14.594042089747987,8.269537728191763,0,-0.028205447670721195,0,3.419999999999971,3.419999999999971,-8.3385,14.594042089747987,103,103,1,0.009708737864077669,1,0.05,0.009708737864077669,1,False
aeb,1554431,markov,0.5,37,0.1,source_batch/1554431/markov_0.5s/seed37,0.0,True,True,collision,5.139999999999935,5.139999999999935,14.594042089747987,8.269537728191763,0,-0.028205447670721195,0,3.419999999999971,3.419999999999971,-8.3385,14.594042089747987,103,103,0,0,0,0,0,0,False
aeb,1554431,markov,0.5,38,0.1,source_batch/1554431/markov_0.5s/seed38,0.0,True,True,collision,5.139999999999935,5.139999999999935,14.594042089747987,8.269537728191763,0,-0.028205447670721195,0,3.419999999999971,3.419999999999971,-8.3385,14.594042089747987,103,103,16,0.1553398058252427,15,0.75,0.1553398058252427,15,False
aeb,1554431,markov,0.5,39,0.1,source_batch/1554431/markov_0.5s/seed39,0.02999999999999936,True,True,collision,5.099999999999936,5.099999999999936,15.177737089747986,8.106723247395559,0,-0.03528827027460846,0,3.4499999999999704,3.4499999999999704,-8.3385,15.177737089747986,102,102,13,0.12745098039215685,13,0.65,0.12745098039215685,13,False
aeb,1554431,markov,0.5,40,0.1,source_batch/1554431/markov_0.5s/seed40,0.0,True,True,collision,5.139999999999935,5.139999999999935,14.594042089747987,8.269537728191763,0,-0.028205447670721195,0,3.419999999999971,3.419999999999971,-8.3385,14.594042089747987,103,103,0,0,0,0,0,0,False
aeb,1554431,markov,0.5,41,0.1,source_batch/1554431/markov_0.5s/seed41,0.0,True,True,collision,5.139999999999935,5.139999999999935,14.594042089747987,8.269537728191763,0,-0.028205447670721195,0,3.419999999999971,3.419999999999971,-8.3385,14.594042089747987,103,103,36,0.34951456310679613,18,0.9,0.34951456310679613,18,False
aeb,1554431,markov,0.5,42,0.1,source_batch/1554431/markov_0.5s/seed42,0.17999999999999616,True,True,collision,4.949999999999939,4.949999999999939,17.67928708974798,10.608258333622263,0,-0.06262769086870712,0,3.5999999999999672,3.5999999999999672,-8.3385,17.67928708974798,99,99,9,0.09090909090909091,8,0.4,0.09090909090909091,8,False
aeb,1554431,markov,0.5,43,0.1,source_batch/1554431/markov_0.5s/seed43,0.0,True,True,collision,5.139999999999935,5.139999999999935,14.594042089747987,8.269537728191763,0,-0.028205447670721195,0,3.419999999999971,3.419999999999971,-8.3385,14.594042089747987,103,103,0,0,0,0,0,0,False
aeb,1554431,markov,0.5,44,0.1,source_batch/1554431/markov_0.5s/seed44,0.0,True,True,collision,5.139999999999935,5.139999999999935,14.594042089747987,8.269537728191763,0,-0.028205447670721195,0,3.419999999999971,3.419999999999971,-8.3385,14.594042089747987,103,103,0,0,0,0,0,0,False
aeb,1554431,markov,0.5,45,0.1,source_batch/1554431/markov_0.5s/seed45,0.02999999999999936,True,True,collision,5.099999999999936,5.099999999999936,15.177737089747986,8.106723247395559,0,-0.03528827027460846,0,3.4499999999999704,3.4499999999999704,-8.3385,15.177737089747986,102,102,6,0.058823529411764705,5,0.25,0.058823529411764705,5,False
aeb,1554431,markov,0.5,46,0.1,source_batch/1554431/markov_0.5s/seed46,0.0,True,True,collision,5.139999999999935,5.139999999999935,14.594042089747987,8.269537728191763,0,-0.028205447670721195,0,3.419999999999971,3.419999999999971,-8.3385,14.594042089747987,103,103,11,0.10679611650485436,8,0.4,0.10679611650485436,8,False
aeb,1554431,markov,0.5,47,0.1,source_batch/1554431/markov_0.5s/seed47,0.0,True,True,collision,5.139999999999935,5.139999999999935,14.594042089747987,8.269537728191763,0,-0.028205447670721195,0,3.419999999999971,3.419999999999971,-8.3385,14.594042089747987,103,103,4,0.038834951456310676,4,0.2,0.038834951456310676,4,False
aeb,1554431,markov,0.5,48,0.1,source_batch/1554431/markov_0.5s/seed48,0.0,True,True,collision,5.139999999999935,5.139999999999935,14.594042089747987,8.269537728191763,0,-0.028205447670721195,0,3.419999999999971,3.419999999999971,-8.3385,14.594042089747987,103,103,8,0.07766990291262135,4,0.2,0.07766990291262135,4,False
aeb,1554431,markov,0.5,49,0.1,source_batch/1554431/markov_0.5s/seed49,0.0,True,True,collision,5.139999999999935,5.139999999999935,14.594042089747987,8.269537728191763,0,-0.028205447670721195,0,3.419999999999971,3.419999999999971,-8.3385,14.594042089747987,103,103,0,0,0,0,0,0,False
aeb,1554431,markov,0.5,50,0.1,source_batch/1554431/markov_0.5s/seed50,0.0,True,True,collision,5.139999999999935,5.139999999999935,14.594042089747987,8.269537728191763,0,-0.028205447670721195,0,3.419999999999971,3.419999999999971,-8.3385,14.594042089747987,103,103,19,0.18446601941747573,16,0.8,0.18446601941747573,16,False
aeb,1554431,markov,0.5,51,0.1,source_batch/1554431/markov_0.5s/seed51,0.0,True,True,collision,5.139999999999935,5.139999999999935,14.594042089747987,8.269537728191763,0,-0.028205447670721195,0,3.419999999999971,3.419999999999971,-8.3385,14.594042089747987,103,103,0,0,0,0,0,0,False
aeb,1554431,markov,0.5,52,0.1,source_batch/1554431/markov_0.5s/seed52,0.0,True,True,collision,5.139999999999935,5.139999999999935,14.594042089747987,8.269537728191763,0,-0.028205447670721195,0,3.419999999999971,3.419999999999971,-8.3385,14.594042089747987,103,103,0,0,0,0,0,0,False
aeb,1554431,markov,0.5,53,0.1,source_batch/1554431/markov_0.5s/seed53,0.0,True,True,collision,5.139999999999935,5.139999999999935,14.594042089747987,8.269537728191763,0,-0.028205447670721195,0,3.419999999999971,3.419999999999971,-8.3385,14.594042089747987,103,103,0,0,0,0,0,0,False
aeb,1554431,markov,0.5,54,0.1,source_batch/1554431/markov_0.5s/seed54,0.0,True,True,collision,5.139999999999935,5.139999999999935,14.594042089747987,8.269537728191763,0,-0.028205447670721195,0,3.419999999999971,3.419999999999971,-8.3385,14.594042089747987,103,103,22,0.21359223300970873,17,0.8500000000000001,0.21359223300970873,17,False
aeb,1554431,markov,0.5,55,0.1,source_batch/1554431/markov_0.5s/seed55,0.0,True,True,collision,5.139999999999935,5.139999999999935,14.594042089747987,8.269537728191763,0,-0.028205447670721195,0,3.419999999999971,3.419999999999971,-8.3385,14.594042089747987,103,103,9,0.08737864077669903,7,0.35000000000000003,0.08737864077669903,7,False
aeb,1554431,markov,0.5,56,0.1,source_batch/1554431/markov_0.5s/seed56,0.0,True,True,collision,5.139999999999935,5.139999999999935,14.594042089747987,8.269537728191763,0,-0.028205447670721195,0,3.419999999999971,3.419999999999971,-8.3385,14.594042089747987,103,103,17,0.1650485436893204,9,0.45,0.1650485436893204,9,False
aeb,1554431,markov,0.5,57,0.1,source_batch/1554431/markov_0.5s/seed57,0.0,True,True,collision,5.139999999999935,5.139999999999935,14.594042089747987,8.269537728191763,0,-0.028205447670721195,0,3.419999999999971,3.419999999999971,-8.3385,14.594042089747987,103,103,54,0.5242718446601942,54,2.7,0.5242718446601942,54,False
aeb,1554431,markov,0.5,58,0.1,source_batch/1554431/markov_0.5s/seed58,0.0,True,True,collision,5.139999999999935,5.139999999999935,14.594042089747987,8.269537728191763,0,-0.028205447670721195,0,3.419999999999971,3.419999999999971,-8.3385,14.594042089747987,103,103,7,0.06796116504854369,7,0.35000000000000003,0.06796116504854369,7,False
aeb,1554431,markov,0.5,59,0.1,source_batch/1554431/markov_0.5s/seed59,0.0799999999999983,True,True,collision,5.039999999999937,5.039999999999937,16.094972089747984,10.012251077537854,0,-0.035289115744866706,0,3.4999999999999694,3.4999999999999694,-8.3385,16.094972089747984,101,101,14,0.13861386138613863,14,0.7000000000000001,0.13861386138613863,14,False
aeb,1554431,markov,0.5,60,0.1,source_batch/1554431/markov_0.5s/seed60,0.0,True,True,collision,5.139999999999935,5.139999999999935,14.594042089747987,8.269537728191763,0,-0.028205447670721195,0,3.419999999999971,3.419999999999971,-8.3385,14.594042089747987,103,103,10,0.0970873786407767,10,0.5,0.0970873786407767,10,False
aeb,1554431,markov,0.5,61,0.1,source_batch/1554431/markov_0.5s/seed61,0.0,True,True,collision,5.139999999999935,5.139999999999935,14.594042089747987,8.269537728191763,0,-0.028205447670721195,0,3.419999999999971,3.419999999999971,-8.3385,14.594042089747987,103,103,0,0,0,0,0,0,False
aeb,1554431,markov,0.5,62,0.1,source_batch/1554431/markov_0.5s/seed62,0.0,True,True,collision,5.139999999999935,5.139999999999935,14.594042089747987,8.269537728191763,0,-0.028205447670721195,0,3.419999999999971,3.419999999999971,-8.3385,14.594042089747987,103,103,25,0.24271844660194175,11,0.55,0.24271844660194175,11,False
aeb,1554431,markov,0.5,63,0.1,source_batch/1554431/markov_0.5s/seed63,0.0,True,True,collision,5.139999999999935,5.139999999999935,14.594042089747987,8.269537728191763,0,-0.028205447670721195,0,3.419999999999971,3.419999999999971,-8.3385,14.594042089747987,103,103,0,0,0,0,0,0,False
aeb,1554431,markov,0.5,64,0.1,source_batch/1554431/markov_0.5s/seed64,0.0,True,True,collision,5.139999999999935,5.139999999999935,14.594042089747987,8.269537728191763,0,-0.028205447670721195,0,3.419999999999971,3.419999999999971,-8.3385,14.594042089747987,103,103,19,0.18446601941747573,12,0.6000000000000001,0.18446601941747573,12,False
aeb,1554431,markov,0.5,65,0.1,source_batch/1554431/markov_0.5s/seed65,0.0,True,True,collision,5.139999999999935,5.139999999999935,14.594042089747987,8.269537728191763,0,-0.028205447670721195,0,3.419999999999971,3.419999999999971,-8.3385,14.594042089747987,103,103,0,0,0,0,0,0,False
aeb,1554431,markov,0.5,66,0.1,source_batch/1554431/markov_0.5s/seed66,0.0,True,True,collision,5.139999999999935,5.139999999999935,14.594042089747987,8.269537728191763,0,-0.028205447670721195,0,3.419999999999971,3.419999999999971,-8.3385,14.594042089747987,103,103,3,0.02912621359223301,3,0.15000000000000002,0.02912621359223301,3,False
aeb,1554431,markov,0.5,67,0.1,source_batch/1554431/markov_0.5s/seed67,0.0,True,True,collision,5.139999999999935,5.139999999999935,14.594042089747987,8.269537728191763,0,-0.028205447670721195,0,3.419999999999971,3.419999999999971,-8.3385,14.594042089747987,103,103,5,0.04854368932038835,5,0.25,0.04854368932038835,5,False
aeb,1554431,markov,0.5,68,0.1,source_batch/1554431/markov_0.5s/seed68,0.0,True,True,collision,5.139999999999935,5.139999999999935,14.594042089747987,8.269537728191763,0,-0.028205447670721195,0,3.419999999999971,3.419999999999971,-8.3385,14.594042089747987,103,103,22,0.21359223300970873,22,1.1,0.21359223300970873,22,False
aeb,1554431,markov,0.5,69,0.1,source_batch/1554431/markov_0.5s/seed69,0.0,True,True,collision,5.139999999999935,5.139999999999935,14.594042089747987,8.269537728191763,0,-0.028205447670721195,0,3.419999999999971,3.419999999999971,-8.3385,14.594042089747987,103,103,4,0.038834951456310676,4,0.2,0.038834951456310676,4,False
aeb,1554431,markov,0.5,70,0.1,source_batch/1554431/markov_0.5s/seed70,0.0,True,True,collision,5.139999999999935,5.139999999999935,14.594042089747987,8.269537728191763,0,-0.028205447670721195,0,3.419999999999971,3.419999999999971,-8.3385,14.594042089747987,103,103,8,0.07766990291262135,5,0.25,0.07766990291262135,5,False
aeb,1554431,markov,0.5,71,0.1,source_batch/1554431/markov_0.5s/seed71,0.0,True,True,collision,5.139999999999935,5.139999999999935,14.594042089747987,8.269537728191763,0,-0.028205447670721195,0,3.419999999999971,3.419999999999971,-8.3385,14.594042089747987,103,103,11,0.10679611650485436,4,0.2,0.10679611650485436,4,False
aeb,1554431,markov,0.5,72,0.1,source_batch/1554431/markov_0.5s/seed72,0.0,True,True,collision,5.139999999999935,5.139999999999935,14.594042089747987,8.269537728191763,0,-0.028205447670721195,0,3.419999999999971,3.419999999999971,-8.3385,14.594042089747987,103,103,0,0,0,0,0,0,False
aeb,1554431,markov,0.5,73,0.1,source_batch/1554431/markov_0.5s/seed73,0.0,True,True,collision,5.139999999999935,5.139999999999935,14.594042089747987,8.269537728191763,0,-0.028205447670721195,0,3.419999999999971,3.419999999999971,-8.3385,14.594042089747987,103,103,13,0.1262135922330097,13,0.65,0.1262135922330097,13,False
aeb,1554431,markov,0.5,74,0.1,source_batch/1554431/markov_0.5s/seed74,0.0,True,True,collision,5.139999999999935,5.139999999999935,14.594042089747987,8.269537728191763,0,-0.028205447670721195,0,3.419999999999971,3.419999999999971,-8.3385,14.594042089747987,103,103,16,0.1553398058252427,16,0.8,0.1553398058252427,16,False
aeb,1554431,markov,0.5,75,0.1,source_batch/1554431/markov_0.5s/seed75,0.0,True,True,collision,5.139999999999935,5.139999999999935,14.594042089747987,8.269537728191763,0,-0.028205447670721195,0,3.419999999999971,3.419999999999971,-8.3385,14.594042089747987,103,103,2,0.019417475728155338,2,0.1,0.019417475728155338,2,False
aeb,1554431,markov,0.5,76,0.1,source_batch/1554431/markov_0.5s/seed76,0.0,True,True,collision,5.139999999999935,5.139999999999935,14.594042089747987,8.269537728191763,0,-0.028205447670721195,0,3.419999999999971,3.419999999999971,-8.3385,14.594042089747987,103,103,0,0,0,0,0,0,False
aeb,1554431,markov,0.5,77,0.1,source_batch/1554431/markov_0.5s/seed77,0.0,True,True,collision,5.139999999999935,5.139999999999935,14.594042089747987,8.269537728191763,0,-0.028205447670721195,0,3.419999999999971,3.419999999999971,-8.3385,14.594042089747987,103,103,0,0,0,0,0,0,False
aeb,1554431,markov,0.5,78,0.1,source_batch/1554431/markov_0.5s/seed78,0.0,True,True,collision,5.139999999999935,5.139999999999935,14.594042089747987,8.269537728191763,0,-0.028205447670721195,0,3.419999999999971,3.419999999999971,-8.3385,14.594042089747987,103,103,0,0,0,0,0,0,False
aeb,1554431,markov,0.5,79,0.1,source_batch/1554431/markov_0.5s/seed79,0.0,True,True,collision,5.139999999999935,5.139999999999935,14.594042089747987,8.269537728191763,0,-0.028205447670721195,0,3.419999999999971,3.419999999999971,-8.3385,14.594042089747987,103,103,0,0,0,0,0,0,False
aeb,1554431,markov,0.5,80,0.1,source_batch/1554431/markov_0.5s/seed80,0.17999999999999616,True,True,collision,4.949999999999939,4.949999999999939,17.67928708974798,10.608258333622263,0,-0.06262769086870712,0,3.5999999999999672,3.5999999999999672,-8.3385,17.67928708974798,99,99,31,0.31313131313131315,31,1.55,0.31313131313131315,31,False
aeb,1554431,markov,0.5,81,0.1,source_batch/1554431/markov_0.5s/seed81,0.0,True,True,collision,5.139999999999935,5.139999999999935,14.594042089747987,8.269537728191763,0,-0.028205447670721195,0,3.419999999999971,3.419999999999971,-8.3385,14.594042089747987,103,103,2,0.019417475728155338,2,0.1,0.019417475728155338,2,False
aeb,1554431,markov,0.5,82,0.1,source_batch/1554431/markov_0.5s/seed82,0.0,True,True,collision,5.139999999999935,5.139999999999935,14.594042089747987,8.269537728191763,0,-0.028205447670721195,0,3.419999999999971,3.419999999999971,-8.3385,14.594042089747987,103,103,17,0.1650485436893204,10,0.5,0.1650485436893204,10,False
aeb,1554431,markov,0.5,83,0.1,source_batch/1554431/markov_0.5s/seed83,0.0,True,True,collision,5.139999999999935,5.139999999999935,14.594042089747987,8.269537728191763,0,-0.028205447670721195,0,3.419999999999971,3.419999999999971,-8.3385,14.594042089747987,103,103,11,0.10679611650485436,11,0.55,0.10679611650485436,11,False
aeb,1554431,markov,0.5,84,0.1,source_batch/1554431/markov_0.5s/seed84,0.0,True,True,collision,5.139999999999935,5.139999999999935,14.594042089747987,8.269537728191763,0,-0.028205447670721195,0,3.419999999999971,3.419999999999971,-8.3385,14.594042089747987,103,103,1,0.009708737864077669,1,0.05,0.009708737864077669,1,False
aeb,1554431,markov,0.5,85,0.1,source_batch/1554431/markov_0.5s/seed85,0.0,True,True,collision,5.139999999999935,5.139999999999935,14.594042089747987,8.269537728191763,0,-0.028205447670721195,0,3.419999999999971,3.419999999999971,-8.3385,14.594042089747987,103,103,26,0.2524271844660194,13,0.65,0.2524271844660194,13,False
aeb,1554431,markov,0.5,86,0.1,source_batch/1554431/markov_0.5s/seed86,0.0,True,True,collision,5.139999999999935,5.139999999999935,14.594042089747987,8.269537728191763,0,-0.028205447670721195,0,3.419999999999971,3.419999999999971,-8.3385,14.594042089747987,103,103,18,0.17475728155339806,18,0.9,0.17475728155339806,18,False
aeb,1554431,markov,0.5,87,0.1,source_batch/1554431/markov_0.5s/seed87,0.0,True,True,collision,5.139999999999935,5.139999999999935,14.594042089747987,8.269537728191763,0,-0.028205447670721195,0,3.419999999999971,3.419999999999971,-8.3385,14.594042089747987,103,103,11,0.10679611650485436,11,0.55,0.10679611650485436,11,False
aeb,1554431,markov,0.5,88,0.1,source_batch/1554431/markov_0.5s/seed88,,True,True,collision,4.699999999999944,4.699999999999944,26.47640458974797,18.414167593318055,0,-0.01523277390872435,0,,,0,26.47640458974797,94,94,32,0.3404255319148936,32,1.6,0.3404255319148936,32,False
aeb,1554431,markov,0.5,89,0.1,source_batch/1554431/markov_0.5s/seed89,0.0,True,True,collision,5.139999999999935,5.139999999999935,14.594042089747987,8.269537728191763,0,-0.028205447670721195,0,3.419999999999971,3.419999999999971,-8.3385,14.594042089747987,103,103,0,0,0,0,0,0,False
aeb,1554431,markov,0.5,90,0.1,source_batch/1554431/markov_0.5s/seed90,0.0,True,True,collision,5.139999999999935,5.139999999999935,14.594042089747987,8.269537728191763,0,-0.028205447670721195,0,3.419999999999971,3.419999999999971,-8.3385,14.594042089747987,103,103,15,0.14563106796116504,8,0.4,0.14563106796116504,8,False
aeb,1554431,markov,0.5,91,0.1,source_batch/1554431/markov_0.5s/seed91,0.0,True,True,collision,5.139999999999935,5.139999999999935,14.594042089747987,8.269537728191763,0,-0.028205447670721195,0,3.419999999999971,3.419999999999971,-8.3385,14.594042089747987,103,103,0,0,0,0,0,0,False
aeb,1554431,markov,0.5,92,0.1,source_batch/1554431/markov_0.5s/seed92,0.0,True,True,collision,5.139999999999935,5.139999999999935,14.594042089747987,8.269537728191763,0,-0.028205447670721195,0,3.419999999999971,3.419999999999971,-8.3385,14.594042089747987,103,103,0,0,0,0,0,0,False
aeb,1554431,markov,0.5,93,0.1,source_batch/1554431/markov_0.5s/seed93,0.0,True,True,collision,5.139999999999935,5.139999999999935,14.594042089747987,8.269537728191763,0,-0.028205447670721195,0,3.419999999999971,3.419999999999971,-8.3385,14.594042089747987,103,103,0,0,0,0,0,0,False
aeb,1554431,markov,0.5,94,0.1,source_batch/1554431/markov_0.5s/seed94,0.0,True,True,collision,5.139999999999935,5.139999999999935,14.594042089747987,8.269537728191763,0,-0.028205447670721195,0,3.419999999999971,3.419999999999971,-8.3385,14.594042089747987,103,103,1,0.009708737864077669,1,0.05,0.009708737864077669,1,False
aeb,1554431,markov,0.5,95,0.1,source_batch/1554431/markov_0.5s/seed95,0.0,True,True,collision,5.139999999999935,5.139999999999935,14.594042089747987,8.269537728191763,0,-0.028205447670721195,0,3.419999999999971,3.419999999999971,-8.3385,14.594042089747987,103,103,2,0.019417475728155338,2,0.1,0.019417475728155338,2,False
aeb,1554431,markov,0.5,96,0.1,source_batch/1554431/markov_0.5s/seed96,0.0,True,True,collision,5.139999999999935,5.139999999999935,14.594042089747987,8.269537728191763,0,-0.028205447670721195,0,3.419999999999971,3.419999999999971,-8.3385,14.594042089747987,103,103,31,0.30097087378640774,12,0.6000000000000001,0.30097087378640774,12,False
aeb,1554431,markov,0.5,97,0.1,source_batch/1554431/markov_0.5s/seed97,0.0,True,True,collision,5.139999999999935,5.139999999999935,14.594042089747987,8.269537728191763,0,-0.028205447670721195,0,3.419999999999971,3.419999999999971,-8.3385,14.594042089747987,103,103,21,0.20388349514563106,21,1.05,0.20388349514563106,21,False
aeb,1554431,markov,0.5,98,0.1,source_batch/1554431/markov_0.5s/seed98,0.0,True,True,collision,5.139999999999935,5.139999999999935,14.594042089747987,8.269537728191763,0,-0.028205447670721195,0,3.419999999999971,3.419999999999971,-8.3385,14.594042089747987,103,103,10,0.0970873786407767,10,0.5,0.0970873786407767,10,False
aeb,1554431,markov,0.5,99,0.1,source_batch/1554431/markov_0.5s/seed99,0.0,True,True,collision,5.139999999999935,5.139999999999935,14.594042089747987,8.269537728191763,0,-0.028205447670721195,0,3.419999999999971,3.419999999999971,-8.3385,14.594042089747987,103,103,32,0.3106796116504854,32,1.6,0.3106796116504854,32,False
aeb,1554431,markov,1.0,0,0.1,source_batch/1554431/markov_1s/seed0,0.0,True,True,collision,5.139999999999935,5.139999999999935,14.594042089747987,8.269537728191763,0,-0.028205447670721195,0,3.419999999999971,3.419999999999971,-8.3385,14.594042089747987,103,103,9,0.08737864077669903,9,0.45,0.08737864077669903,9,False
aeb,1554431,markov,1.0,1,0.1,source_batch/1554431/markov_1s/seed1,0.0,True,True,collision,5.139999999999935,5.139999999999935,14.594042089747987,8.269537728191763,0,-0.028205447670721195,0,3.419999999999971,3.419999999999971,-8.3385,14.594042089747987,103,103,0,0,0,0,0,0,False
aeb,1554431,markov,1.0,2,0.1,source_batch/1554431/markov_1s/seed2,0.0,True,True,collision,5.139999999999935,5.139999999999935,14.594042089747987,8.269537728191763,0,-0.028205447670721195,0,3.419999999999971,3.419999999999971,-8.3385,14.594042089747987,103,103,18,0.17475728155339806,12,0.6000000000000001,0.17475728155339806,12,False
aeb,1554431,markov,1.0,3,0.1,source_batch/1554431/markov_1s/seed3,0.0,True,True,collision,5.139999999999935,5.139999999999935,14.594042089747987,8.269537728191763,0,-0.028205447670721195,0,3.419999999999971,3.419999999999971,-8.3385,14.594042089747987,103,103,21,0.20388349514563106,21,1.05,0.20388349514563106,21,False
aeb,1554431,markov,1.0,4,0.1,source_batch/1554431/markov_1s/seed4,0.0,True,True,collision,5.139999999999935,5.139999999999935,14.594042089747987,8.269537728191763,0,-0.028205447670721195,0,3.419999999999971,3.419999999999971,-8.3385,14.594042089747987,103,103,4,0.038834951456310676,4,0.2,0.038834951456310676,4,False
aeb,1554431,markov,1.0,5,0.1,source_batch/1554431/markov_1s/seed5,0.0,True,True,collision,5.139999999999935,5.139999999999935,14.594042089747987,8.269537728191763,0,-0.028205447670721195,0,3.419999999999971,3.419999999999971,-8.3385,14.594042089747987,103,103,5,0.04854368932038835,5,0.25,0.04854368932038835,5,False
aeb,1554431,markov,1.0,6,0.1,source_batch/1554431/markov_1s/seed6,0.0,True,True,collision,5.139999999999935,5.139999999999935,14.594042089747987,8.269537728191763,0,-0.028205447670721195,0,3.419999999999971,3.419999999999971,-8.3385,14.594042089747987,103,103,45,0.4368932038834951,44,2.2,0.4368932038834951,44,False
aeb,1554431,markov,1.0,7,0.1,source_batch/1554431/markov_1s/seed7,0.2299999999999951,True,True,collision,4.90999999999994,4.90999999999994,18.42975208974798,12.105229235842524,0,-0.0342807345764351,0,3.649999999999966,3.649999999999966,-8.3385,18.42975208974798,99,99,6,0.06060606060606061,6,0.30000000000000004,0.06060606060606061,6,False
aeb,1554431,markov,1.0,8,0.1,source_batch/1554431/markov_1s/seed8,0.0,True,True,collision,5.139999999999935,5.139999999999935,14.594042089747987,8.269537728191763,0,-0.028205447670721195,0,3.419999999999971,3.419999999999971,-8.3385,14.594042089747987,103,103,0,0,0,0,0,0,False
aeb,1554431,markov,1.0,9,0.1,source_batch/1554431/markov_1s/seed9,0.0,True,True,collision,5.139999999999935,5.139999999999935,14.594042089747987,8.269537728191763,0,-0.028205447670721195,0,3.419999999999971,3.419999999999971,-8.3385,14.594042089747987,103,103,16,0.1553398058252427,16,0.8,0.1553398058252427,16,False
aeb,1554431,markov,1.0,10,0.1,source_batch/1554431/markov_1s/seed10,0.12999999999999723,True,True,collision,4.989999999999938,4.989999999999938,16.92882208974798,10.846096618595158,0,-0.031585201705236265,0,3.5499999999999683,3.5499999999999683,-8.3385,16.92882208974798,100,100,33,0.33,17,0.8500000000000001,0.33,17,False
aeb,1554431,markov,1.0,11,0.1,source_batch/1554431/markov_1s/seed11,0.0,True,True,collision,5.139999999999935,5.139999999999935,14.594042089747987,8.269537728191763,0,-0.028205447670721195,0,3.419999999999971,3.419999999999971,-8.3385,14.594042089747987,103,103,13,0.1262135922330097,13,0.65,0.1262135922330097,13,False
aeb,1554431,markov,1.0,12,0.1,source_batch/1554431/markov_1s/seed12,0.0,True,True,collision,5.139999999999935,5.139999999999935,14.594042089747987,8.269537728191763,0,-0.028205447670721195,0,3.419999999999971,3.419999999999971,-8.3385,14.594042089747987,103,103,85,0.8252427184466019,52,2.6,0.8252427184466019,52,False
aeb,1554431,markov,1.0,13,0.1,source_batch/1554431/markov_1s/seed13,0.0,True,True,collision,5.139999999999935,5.139999999999935,14.594042089747987,8.269537728191763,0,-0.028205447670721195,0,3.419999999999971,3.419999999999971,-8.3385,14.594042089747987,103,103,0,0,0,0,0,0,False
aeb,1554431,markov,1.0,14,0.1,source_batch/1554431/markov_1s/seed14,0.0,True,True,collision,5.139999999999935,5.139999999999935,14.594042089747987,8.269537728191763,0,-0.028205447670721195,0,3.419999999999971,3.419999999999971,-8.3385,14.594042089747987,103,103,0,0,0,0,0,0,False
aeb,1554431,markov,1.0,15,0.1,source_batch/1554431/markov_1s/seed15,0.0,True,True,collision,5.139999999999935,5.139999999999935,14.594042089747987,8.269537728191763,0,-0.028205447670721195,0,3.419999999999971,3.419999999999971,-8.3385,14.594042089747987,103,103,4,0.038834951456310676,4,0.2,0.038834951456310676,4,False
aeb,1554431,markov,1.0,16,0.1,source_batch/1554431/markov_1s/seed16,0.0,True,True,collision,5.139999999999935,5.139999999999935,14.594042089747987,8.269537728191763,0,-0.028205447670721195,0,3.419999999999971,3.419999999999971,-8.3385,14.594042089747987,103,103,0,0,0,0,0,0,False
aeb,1554431,markov,1.0,17,0.1,source_batch/1554431/markov_1s/seed17,0.0,True,True,collision,5.139999999999935,5.139999999999935,14.594042089747987,8.269537728191763,0,-0.028205447670721195,0,3.419999999999971,3.419999999999971,-8.3385,14.594042089747987,103,103,0,0,0,0,0,0,False
aeb,1554431,markov,1.0,18,0.1,source_batch/1554431/markov_1s/seed18,0.0,True,True,collision,5.139999999999935,5.139999999999935,14.594042089747987,8.269537728191763,0,-0.028205447670721195,0,3.419999999999971,3.419999999999971,-8.3385,14.594042089747987,103,103,0,0,0,0,0,0,False
aeb,1554431,markov,1.0,19,0.1,source_batch/1554431/markov_1s/seed19,,True,True,collision,4.699999999999944,4.699999999999944,26.47640458974797,18.414167593318055,0,-0.01523277390872435,0,,,0,26.47640458974797,94,94,74,0.7872340425531915,74,3.7,0.7872340425531915,74,False
aeb,1554431,markov,1.0,20,0.1,source_batch/1554431/markov_1s/seed20,0.0,True,True,collision,5.139999999999935,5.139999999999935,14.594042089747987,8.269537728191763,0,-0.028205447670721195,0,3.419999999999971,3.419999999999971,-8.3385,14.594042089747987,103,103,15,0.14563106796116504,9,0.45,0.14563106796116504,9,False
aeb,1554431,markov,1.0,21,0.1,source_batch/1554431/markov_1s/seed21,0.0,True,True,collision,5.139999999999935,5.139999999999935,14.594042089747987,8.269537728191763,0,-0.028205447670721195,0,3.419999999999971,3.419999999999971,-8.3385,14.594042089747987,103,103,7,0.06796116504854369,7,0.35000000000000003,0.06796116504854369,7,False
aeb,1554431,markov,1.0,22,0.1,source_batch/1554431/markov_1s/seed22,0.0,True,True,collision,5.139999999999935,5.139999999999935,14.594042089747987,8.269537728191763,0,-0.028205447670721195,0,3.419999999999971,3.419999999999971,-8.3385,14.594042089747987,103,103,0,0,0,0,0,0,False
aeb,1554431,markov,1.0,23,0.1,source_batch/1554431/markov_1s/seed23,0.0,True,True,collision,5.139999999999935,5.139999999999935,14.594042089747987,8.269537728191763,0,-0.028205447670721195,0,3.419999999999971,3.419999999999971,-8.3385,14.594042089747987,103,103,0,0,0,0,0,0,False
aeb,1554431,markov,1.0,24,0.1,source_batch/1554431/markov_1s/seed24,0.0,True,True,collision,5.139999999999935,5.139999999999935,14.594042089747987,8.269537728191763,0,-0.028205447670721195,0,3.419999999999971,3.419999999999971,-8.3385,14.594042089747987,103,103,0,0,0,0,0,0,False
aeb,1554431,markov,1.0,25,0.1,source_batch/1554431/markov_1s/seed25,0.0,True,True,collision,5.139999999999935,5.139999999999935,14.594042089747987,8.269537728191763,0,-0.028205447670721195,0,3.419999999999971,3.419999999999971,-8.3385,14.594042089747987,103,103,48,0.46601941747572817,44,2.2,0.46601941747572817,44,False
aeb,1554431,markov,1.0,26,0.1,source_batch/1554431/markov_1s/seed26,0.0,True,True,collision,5.139999999999935,5.139999999999935,14.594042089747987,8.269537728191763,0,-0.028205447670721195,0,3.419999999999971,3.419999999999971,-8.3385,14.594042089747987,103,103,0,0,0,0,0,0,False
aeb,1554431,markov,1.0,27,0.1,source_batch/1554431/markov_1s/seed27,0.0,True,True,collision,5.139999999999935,5.139999999999935,14.594042089747987,8.269537728191763,0,-0.028205447670721195,0,3.419999999999971,3.419999999999971,-8.3385,14.594042089747987,103,103,18,0.17475728155339806,18,0.9,0.17475728155339806,18,False
aeb,1554431,markov,1.0,28,0.1,source_batch/1554431/markov_1s/seed28,0.0,True,True,collision,5.139999999999935,5.139999999999935,14.594042089747987,8.269537728191763,0,-0.028205447670721195,0,3.419999999999971,3.419999999999971,-8.3385,14.594042089747987,103,103,2,0.019417475728155338,2,0.1,0.019417475728155338,2,False
aeb,1554431,markov,1.0,29,0.1,source_batch/1554431/markov_1s/seed29,0.0,True,True,collision,5.139999999999935,5.139999999999935,14.594042089747987,8.269537728191763,0,-0.028205447670721195,0,3.419999999999971,3.419999999999971,-8.3385,14.594042089747987,103,103,0,0,0,0,0,0,False
aeb,1554431,markov,1.0,30,0.1,source_batch/1554431/markov_1s/seed30,0.0,True,True,collision,5.139999999999935,5.139999999999935,14.594042089747987,8.269537728191763,0,-0.028205447670721195,0,3.419999999999971,3.419999999999971,-8.3385,14.594042089747987,103,103,0,0,0,0,0,0,False
aeb,1554431,markov,1.0,31,0.1,source_batch/1554431/markov_1s/seed31,0.0,True,True,collision,5.139999999999935,5.139999999999935,14.594042089747987,8.269537728191763,0,-0.028205447670721195,0,3.419999999999971,3.419999999999971,-8.3385,14.594042089747987,103,103,0,0,0,0,0,0,False
aeb,1554431,markov,1.0,32,0.1,source_batch/1554431/markov_1s/seed32,0.0,True,True,collision,5.139999999999935,5.139999999999935,14.594042089747987,8.269537728191763,0,-0.028205447670721195,0,3.419999999999971,3.419999999999971,-8.3385,14.594042089747987,103,103,12,0.11650485436893204,9,0.45,0.11650485436893204,9,False
aeb,1554431,markov,1.0,33,0.1,source_batch/1554431/markov_1s/seed33,0.0,True,True,collision,5.139999999999935,5.139999999999935,14.594042089747987,8.269537728191763,0,-0.028205447670721195,0,3.419999999999971,3.419999999999971,-8.3385,14.594042089747987,103,103,0,0,0,0,0,0,False
aeb,1554431,markov,1.0,34,0.1,source_batch/1554431/markov_1s/seed34,0.0,True,True,collision,5.139999999999935,5.139999999999935,14.594042089747987,8.269537728191763,0,-0.028205447670721195,0,3.419999999999971,3.419999999999971,-8.3385,14.594042089747987,103,103,0,0,0,0,0,0,False
aeb,1554431,markov,1.0,35,0.1,source_batch/1554431/markov_1s/seed35,0.0,True,True,collision,5.139999999999935,5.139999999999935,14.594042089747987,8.269537728191763,0,-0.028205447670721195,0,3.419999999999971,3.419999999999971,-8.3385,14.594042089747987,103,103,9,0.08737864077669903,4,0.2,0.08737864077669903,4,False
aeb,1554431,markov,1.0,36,0.1,source_batch/1554431/markov_1s/seed36,0.0,True,True,collision,5.139999999999935,5.139999999999935,14.594042089747987,8.269537728191763,0,-0.028205447670721195,0,3.419999999999971,3.419999999999971,-8.3385,14.594042089747987,103,103,0,0,0,0,0,0,False
aeb,1554431,markov,1.0,37,0.1,source_batch/1554431/markov_1s/seed37,0.0,True,True,collision,5.139999999999935,5.139999999999935,14.594042089747987,8.269537728191763,0,-0.028205447670721195,0,3.419999999999971,3.419999999999971,-8.3385,14.594042089747987,103,103,0,0,0,0,0,0,False
aeb,1554431,markov,1.0,38,0.1,source_batch/1554431/markov_1s/seed38,0.0,True,True,collision,5.139999999999935,5.139999999999935,14.594042089747987,8.269537728191763,0,-0.028205447670721195,0,3.419999999999971,3.419999999999971,-8.3385,14.594042089747987,103,103,18,0.17475728155339806,18,0.9,0.17475728155339806,18,False
aeb,1554431,markov,1.0,39,0.1,source_batch/1554431/markov_1s/seed39,0.02999999999999936,True,True,collision,5.099999999999936,5.099999999999936,15.177737089747986,8.106723247395559,0,-0.03528827027460846,0,3.4499999999999704,3.4499999999999704,-8.3385,15.177737089747986,102,102,13,0.12745098039215685,13,0.65,0.12745098039215685,13,False
aeb,1554431,markov,1.0,40,0.1,source_batch/1554431/markov_1s/seed40,0.0,True,True,collision,5.139999999999935,5.139999999999935,14.594042089747987,8.269537728191763,0,-0.028205447670721195,0,3.419999999999971,3.419999999999971,-8.3385,14.594042089747987,103,103,0,0,0,0,0,0,False
aeb,1554431,markov,1.0,41,0.1,source_batch/1554431/markov_1s/seed41,0.0,True,True,collision,5.139999999999935,5.139999999999935,14.594042089747987,8.269537728191763,0,-0.028205447670721195,0,3.419999999999971,3.419999999999971,-8.3385,14.594042089747987,103,103,34,0.3300970873786408,34,1.7000000000000002,0.3300970873786408,34,False
aeb,1554431,markov,1.0,42,0.1,source_batch/1554431/markov_1s/seed42,,True,True,collision,4.699999999999944,4.699999999999944,26.47640458974797,18.414167593318055,0,-0.01523277390872435,0,,,0,26.47640458974797,94,94,92,0.9787234042553191,62,3.1,0.9787234042553191,62,False
aeb,1554431,markov,1.0,43,0.1,source_batch/1554431/markov_1s/seed43,0.0,True,True,collision,5.139999999999935,5.139999999999935,14.594042089747987,8.269537728191763,0,-0.028205447670721195,0,3.419999999999971,3.419999999999971,-8.3385,14.594042089747987,103,103,0,0,0,0,0,0,False
aeb,1554431,markov,1.0,44,0.1,source_batch/1554431/markov_1s/seed44,0.0,True,True,collision,5.139999999999935,5.139999999999935,14.594042089747987,8.269537728191763,0,-0.028205447670721195,0,3.419999999999971,3.419999999999971,-8.3385,14.594042089747987,103,103,0,0,0,0,0,0,False
aeb,1554431,markov,1.0,45,0.1,source_batch/1554431/markov_1s/seed45,0.0,True,True,collision,5.139999999999935,5.139999999999935,14.594042089747987,8.269537728191763,0,-0.028205447670721195,0,3.419999999999971,3.419999999999971,-8.3385,14.594042089747987,103,103,0,0,0,0,0,0,False
aeb,1554431,markov,1.0,46,0.1,source_batch/1554431/markov_1s/seed46,0.0,True,True,collision,5.139999999999935,5.139999999999935,14.594042089747987,8.269537728191763,0,-0.028205447670721195,0,3.419999999999971,3.419999999999971,-8.3385,14.594042089747987,103,103,15,0.14563106796116504,8,0.4,0.14563106796116504,8,False
aeb,1554431,markov,1.0,47,0.1,source_batch/1554431/markov_1s/seed47,0.0,True,True,collision,5.139999999999935,5.139999999999935,14.594042089747987,8.269537728191763,0,-0.028205447670721195,0,3.419999999999971,3.419999999999971,-8.3385,14.594042089747987,103,103,4,0.038834951456310676,4,0.2,0.038834951456310676,4,False
aeb,1554431,markov,1.0,48,0.1,source_batch/1554431/markov_1s/seed48,0.0,True,True,collision,5.139999999999935,5.139999999999935,14.594042089747987,8.269537728191763,0,-0.028205447670721195,0,3.419999999999971,3.419999999999971,-8.3385,14.594042089747987,103,103,0,0,0,0,0,0,False
aeb,1554431,markov,1.0,49,0.1,source_batch/1554431/markov_1s/seed49,0.0,True,True,collision,5.139999999999935,5.139999999999935,14.594042089747987,8.269537728191763,0,-0.028205447670721195,0,3.419999999999971,3.419999999999971,-8.3385,14.594042089747987,103,103,0,0,0,0,0,0,False
aeb,1554431,markov,1.0,50,0.1,source_batch/1554431/markov_1s/seed50,0.0,True,True,collision,5.139999999999935,5.139999999999935,14.594042089747987,8.269537728191763,0,-0.028205447670721195,0,3.419999999999971,3.419999999999971,-8.3385,14.594042089747987,103,103,7,0.06796116504854369,7,0.35000000000000003,0.06796116504854369,7,False
aeb,1554431,markov,1.0,51,0.1,source_batch/1554431/markov_1s/seed51,0.0,True,True,collision,5.139999999999935,5.139999999999935,14.594042089747987,8.269537728191763,0,-0.028205447670721195,0,3.419999999999971,3.419999999999971,-8.3385,14.594042089747987,103,103,0,0,0,0,0,0,False
aeb,1554431,markov,1.0,52,0.1,source_batch/1554431/markov_1s/seed52,0.0,True,True,collision,5.139999999999935,5.139999999999935,14.594042089747987,8.269537728191763,0,-0.028205447670721195,0,3.419999999999971,3.419999999999971,-8.3385,14.594042089747987,103,103,0,0,0,0,0,0,False
aeb,1554431,markov,1.0,53,0.1,source_batch/1554431/markov_1s/seed53,0.0,True,True,collision,5.139999999999935,5.139999999999935,14.594042089747987,8.269537728191763,0,-0.028205447670721195,0,3.419999999999971,3.419999999999971,-8.3385,14.594042089747987,103,103,0,0,0,0,0,0,False
aeb,1554431,markov,1.0,54,0.1,source_batch/1554431/markov_1s/seed54,0.0,True,True,collision,5.139999999999935,5.139999999999935,14.594042089747987,8.269537728191763,0,-0.028205447670721195,0,3.419999999999971,3.419999999999971,-8.3385,14.594042089747987,103,103,10,0.0970873786407767,10,0.5,0.0970873786407767,10,False
aeb,1554431,markov,1.0,55,0.1,source_batch/1554431/markov_1s/seed55,0.0,True,True,collision,5.139999999999935,5.139999999999935,14.594042089747987,8.269537728191763,0,-0.028205447670721195,0,3.419999999999971,3.419999999999971,-8.3385,14.594042089747987,103,103,0,0,0,0,0,0,False
aeb,1554431,markov,1.0,56,0.1,source_batch/1554431/markov_1s/seed56,0.679999999999986,True,True,collision,4.739999999999943,4.739999999999943,23.599622089747967,16.528578510143316,0,-0.14915645593152016,0,4.099999999999957,4.099999999999957,-8.3385,23.599622089747967,95,95,40,0.42105263157894735,20,1,0.42105263157894735,20,False
aeb,1554431,markov,1.0,57,0.1,source_batch/1554431/markov_1s/seed57,0.0,True,True,collision,5.139999999999935,5.139999999999935,14.594042089747987,8.269537728191763,0,-0.028205447670721195,0,3.419999999999971,3.419999999999971,-8.3385,14.594042089747987,103,103,54,0.5242718446601942,54,2.7,0.5242718446601942,54,False
aeb,1554431,markov,1.0,58,0.1,source_batch/1554431/markov_1s/seed58,0.47999999999998977,True,True,collision,4.789999999999942,4.789999999999942,21.514997089747972,14.234915587830429,0,-0.11681623370178551,0,3.899999999999961,3.899999999999961,-8.3385,21.514997089747972,96,96,43,0.4479166666666667,43,2.15,0.4479166666666667,43,False
aeb,1554431,markov,1.0,59,0.1,source_batch/1554431/markov_1s/seed59,0.0,True,True,collision,5.139999999999935,5.139999999999935,14.594042089747987,8.269537728191763,0,-0.028205447670721195,0,3.419999999999971,3.419999999999971,-8.3385,14.594042089747987,103,103,0,0,0,0,0,0,False
aeb,1554431,markov,1.0,60,0.1,source_batch/1554431/markov_1s/seed60,0.0,True,True,collision,5.139999999999935,5.139999999999935,14.594042089747987,8.269537728191763,0,-0.028205447670721195,0,3.419999999999971,3.419999999999971,-8.3385,14.594042089747987,103,103,10,0.0970873786407767,10,0.5,0.0970873786407767,10,False
aeb,1554431,markov,1.0,61,0.1,source_batch/1554431/markov_1s/seed61,0.0,True,True,collision,5.139999999999935,5.139999999999935,14.594042089747987,8.269537728191763,0,-0.028205447670721195,0,3.419999999999971,3.419999999999971,-8.3385,14.594042089747987,103,103,0,0,0,0,0,0,False
aeb,1554431,markov,1.0,62,0.1,source_batch/1554431/markov_1s/seed62,0.0,True,True,collision,5.139999999999935,5.139999999999935,14.594042089747987,8.269537728191763,0,-0.028205447670721195,0,3.419999999999971,3.419999999999971,-8.3385,14.594042089747987,103,103,25,0.24271844660194175,11,0.55,0.24271844660194175,11,False
aeb,1554431,markov,1.0,63,0.1,source_batch/1554431/markov_1s/seed63,0.0,True,True,collision,5.139999999999935,5.139999999999935,14.594042089747987,8.269537728191763,0,-0.028205447670721195,0,3.419999999999971,3.419999999999971,-8.3385,14.594042089747987,103,103,0,0,0,0,0,0,False
aeb,1554431,markov,1.0,64,0.1,source_batch/1554431/markov_1s/seed64,0.0,True,True,collision,5.139999999999935,5.139999999999935,14.594042089747987,8.269537728191763,0,-0.028205447670721195,0,3.419999999999971,3.419999999999971,-8.3385,14.594042089747987,103,103,12,0.11650485436893204,12,0.6000000000000001,0.11650485436893204,12,False
aeb,1554431,markov,1.0,65,0.1,source_batch/1554431/markov_1s/seed65,0.0,True,True,collision,5.139999999999935,5.139999999999935,14.594042089747987,8.269537728191763,0,-0.028205447670721195,0,3.419999999999971,3.419999999999971,-8.3385,14.594042089747987,103,103,0,0,0,0,0,0,False
aeb,1554431,markov,1.0,66,0.1,source_batch/1554431/markov_1s/seed66,0.0,True,True,collision,5.139999999999935,5.139999999999935,14.594042089747987,8.269537728191763,0,-0.028205447670721195,0,3.419999999999971,3.419999999999971,-8.3385,14.594042089747987,103,103,7,0.06796116504854369,7,0.35000000000000003,0.06796116504854369,7,False
aeb,1554431,markov,1.0,67,0.1,source_batch/1554431/markov_1s/seed67,0.0,True,True,collision,5.139999999999935,5.139999999999935,14.594042089747987,8.269537728191763,0,-0.028205447670721195,0,3.419999999999971,3.419999999999971,-8.3385,14.594042089747987,103,103,5,0.04854368932038835,5,0.25,0.04854368932038835,5,False
aeb,1554431,markov,1.0,68,0.1,source_batch/1554431/markov_1s/seed68,0.0,True,True,collision,5.139999999999935,5.139999999999935,14.594042089747987,8.269537728191763,0,-0.028205447670721195,0,3.419999999999971,3.419999999999971,-8.3385,14.594042089747987,103,103,0,0,0,0,0,0,False
aeb,1554431,markov,1.0,69,0.1,source_batch/1554431/markov_1s/seed69,0.0,True,True,collision,5.139999999999935,5.139999999999935,14.594042089747987,8.269537728191763,0,-0.028205447670721195,0,3.419999999999971,3.419999999999971,-8.3385,14.594042089747987,103,103,4,0.038834951456310676,4,0.2,0.038834951456310676,4,False
aeb,1554431,markov,1.0,70,0.1,source_batch/1554431/markov_1s/seed70,0.0,True,True,collision,5.139999999999935,5.139999999999935,14.594042089747987,8.269537728191763,0,-0.028205447670721195,0,3.419999999999971,3.419999999999971,-8.3385,14.594042089747987,103,103,47,0.4563106796116505,47,2.35,0.4563106796116505,47,False
aeb,1554431,markov,1.0,71,0.1,source_batch/1554431/markov_1s/seed71,0.0,True,True,collision,5.139999999999935,5.139999999999935,14.594042089747987,8.269537728191763,0,-0.028205447670721195,0,3.419999999999971,3.419999999999971,-8.3385,14.594042089747987,103,103,11,0.10679611650485436,4,0.2,0.10679611650485436,4,False
aeb,1554431,markov,1.0,72,0.1,source_batch/1554431/markov_1s/seed72,0.0,True,True,collision,5.139999999999935,5.139999999999935,14.594042089747987,8.269537728191763,0,-0.028205447670721195,0,3.419999999999971,3.419999999999971,-8.3385,14.594042089747987,103,103,0,0,0,0,0,0,False
aeb,1554431,markov,1.0,73,0.1,source_batch/1554431/markov_1s/seed73,0.0,True,True,collision,5.139999999999935,5.139999999999935,14.594042089747987,8.269537728191763,0,-0.028205447670721195,0,3.419999999999971,3.419999999999971,-8.3385,14.594042089747987,103,103,0,0,0,0,0,0,False
aeb,1554431,markov,1.0,74,0.1,source_batch/1554431/markov_1s/seed74,0.0,True,True,collision,5.139999999999935,5.139999999999935,14.594042089747987,8.269537728191763,0,-0.028205447670721195,0,3.419999999999971,3.419999999999971,-8.3385,14.594042089747987,103,103,0,0,0,0,0,0,False
aeb,1554431,markov,1.0,75,0.1,source_batch/1554431/markov_1s/seed75,0.0,True,True,collision,5.139999999999935,5.139999999999935,14.594042089747987,8.269537728191763,0,-0.028205447670721195,0,3.419999999999971,3.419999999999971,-8.3385,14.594042089747987,103,103,0,0,0,0,0,0,False
aeb,1554431,markov,1.0,76,0.1,source_batch/1554431/markov_1s/seed76,0.0,True,True,collision,5.139999999999935,5.139999999999935,14.594042089747987,8.269537728191763,0,-0.028205447670721195,0,3.419999999999971,3.419999999999971,-8.3385,14.594042089747987,103,103,0,0,0,0,0,0,False
aeb,1554431,markov,1.0,77,0.1,source_batch/1554431/markov_1s/seed77,0.0,True,True,collision,5.139999999999935,5.139999999999935,14.594042089747987,8.269537728191763,0,-0.028205447670721195,0,3.419999999999971,3.419999999999971,-8.3385,14.594042089747987,103,103,0,0,0,0,0,0,False
aeb,1554431,markov,1.0,78,0.1,source_batch/1554431/markov_1s/seed78,0.0,True,True,collision,5.139999999999935,5.139999999999935,14.594042089747987,8.269537728191763,0,-0.028205447670721195,0,3.419999999999971,3.419999999999971,-8.3385,14.594042089747987,103,103,0,0,0,0,0,0,False
aeb,1554431,markov,1.0,79,0.1,source_batch/1554431/markov_1s/seed79,0.0,True,True,collision,5.139999999999935,5.139999999999935,14.594042089747987,8.269537728191763,0,-0.028205447670721195,0,3.419999999999971,3.419999999999971,-8.3385,14.594042089747987,103,103,0,0,0,0,0,0,False
aeb,1554431,markov,1.0,80,0.1,source_batch/1554431/markov_1s/seed80,0.0,True,True,collision,5.139999999999935,5.139999999999935,14.594042089747987,8.269537728191763,0,-0.028205447670721195,0,3.419999999999971,3.419999999999971,-8.3385,14.594042089747987,103,103,0,0,0,0,0,0,False
aeb,1554431,markov,1.0,81,0.1,source_batch/1554431/markov_1s/seed81,0.0,True,True,collision,5.139999999999935,5.139999999999935,14.594042089747987,8.269537728191763,0,-0.028205447670721195,0,3.419999999999971,3.419999999999971,-8.3385,14.594042089747987,103,103,16,0.1553398058252427,16,0.8,0.1553398058252427,16,False
aeb,1554431,markov,1.0,82,0.1,source_batch/1554431/markov_1s/seed82,0.0,True,True,collision,5.139999999999935,5.139999999999935,14.594042089747987,8.269537728191763,0,-0.028205447670721195,0,3.419999999999971,3.419999999999971,-8.3385,14.594042089747987,103,103,53,0.5145631067961165,27,1.35,0.5145631067961165,27,False
aeb,1554431,markov,1.0,83,0.1,source_batch/1554431/markov_1s/seed83,0.02999999999999936,True,True,collision,5.099999999999936,5.099999999999936,15.177737089747986,8.106723247395559,0,-0.03528827027460846,0,3.4499999999999704,3.4499999999999704,-8.3385,15.177737089747986,102,102,22,0.21568627450980393,22,1.1,0.21568627450980393,22,False
aeb,1554431,markov,1.0,84,0.1,source_batch/1554431/markov_1s/seed84,0.0,True,True,collision,5.139999999999935,5.139999999999935,14.594042089747987,8.269537728191763,0,-0.028205447670721195,0,3.419999999999971,3.419999999999971,-8.3385,14.594042089747987,103,103,7,0.06796116504854369,7,0.35000000000000003,0.06796116504854369,7,False
aeb,1554431,markov,1.0,85,0.1,source_batch/1554431/markov_1s/seed85,0.0,True,True,collision,5.139999999999935,5.139999999999935,14.594042089747987,8.269537728191763,0,-0.028205447670721195,0,3.419999999999971,3.419999999999971,-8.3385,14.594042089747987,103,103,23,0.22330097087378642,13,0.65,0.22330097087378642,13,False
aeb,1554431,markov,1.0,86,0.1,source_batch/1554431/markov_1s/seed86,0.0,True,True,collision,5.139999999999935,5.139999999999935,14.594042089747987,8.269537728191763,0,-0.028205447670721195,0,3.419999999999971,3.419999999999971,-8.3385,14.594042089747987,103,103,18,0.17475728155339806,18,0.9,0.17475728155339806,18,False
aeb,1554431,markov,1.0,87,0.1,source_batch/1554431/markov_1s/seed87,0.0,True,True,collision,5.139999999999935,5.139999999999935,14.594042089747987,8.269537728191763,0,-0.028205447670721195,0,3.419999999999971,3.419999999999971,-8.3385,14.594042089747987,103,103,20,0.1941747572815534,20,1,0.1941747572815534,20,False
aeb,1554431,markov,1.0,88,0.1,source_batch/1554431/markov_1s/seed88,,True,True,collision,4.699999999999944,4.699999999999944,26.47640458974797,18.414167593318055,0,-0.01523277390872435,0,,,0,26.47640458974797,94,94,32,0.3404255319148936,32,1.6,0.3404255319148936,32,False
aeb,1554431,markov,1.0,89,0.1,source_batch/1554431/markov_1s/seed89,0.0,True,True,collision,5.139999999999935,5.139999999999935,14.594042089747987,8.269537728191763,0,-0.028205447670721195,0,3.419999999999971,3.419999999999971,-8.3385,14.594042089747987,103,103,0,0,0,0,0,0,False
aeb,1554431,markov,1.0,90,0.1,source_batch/1554431/markov_1s/seed90,0.8299999999999828,True,True,collision,4.719999999999944,4.719999999999944,24.908766589747966,16.6625811314562,0,-0.14380034412047848,0,4.249999999999954,4.249999999999954,-6.531825000000004,24.908766589747966,95,95,74,0.7789473684210526,74,3.7,0.7789473684210526,74,False
aeb,1554431,markov,1.0,91,0.1,source_batch/1554431/markov_1s/seed91,0.0,True,True,collision,5.139999999999935,5.139999999999935,14.594042089747987,8.269537728191763,0,-0.028205447670721195,0,3.419999999999971,3.419999999999971,-8.3385,14.594042089747987,103,103,0,0,0,0,0,0,False
aeb,1554431,markov,1.0,92,0.1,source_batch/1554431/markov_1s/seed92,0.0,True,True,collision,5.139999999999935,5.139999999999935,14.594042089747987,8.269537728191763,0,-0.028205447670721195,0,3.419999999999971,3.419999999999971,-8.3385,14.594042089747987,103,103,0,0,0,0,0,0,False
aeb,1554431,markov,1.0,93,0.1,source_batch/1554431/markov_1s/seed93,0.0,True,True,collision,5.139999999999935,5.139999999999935,14.594042089747987,8.269537728191763,0,-0.028205447670721195,0,3.419999999999971,3.419999999999971,-8.3385,14.594042089747987,103,103,0,0,0,0,0,0,False
aeb,1554431,markov,1.0,94,0.1,source_batch/1554431/markov_1s/seed94,0.0,True,True,collision,5.139999999999935,5.139999999999935,14.594042089747987,8.269537728191763,0,-0.028205447670721195,0,3.419999999999971,3.419999999999971,-8.3385,14.594042089747987,103,103,5,0.04854368932038835,5,0.25,0.04854368932038835,5,False
aeb,1554431,markov,1.0,95,0.1,source_batch/1554431/markov_1s/seed95,0.0,True,True,collision,5.139999999999935,5.139999999999935,14.594042089747987,8.269537728191763,0,-0.028205447670721195,0,3.419999999999971,3.419999999999971,-8.3385,14.594042089747987,103,103,0,0,0,0,0,0,False
aeb,1554431,markov,1.0,96,0.1,source_batch/1554431/markov_1s/seed96,0.02999999999999936,True,True,collision,5.099999999999936,5.099999999999936,15.177737089747986,8.106723247395559,0,-0.03528827027460846,0,3.4499999999999704,3.4499999999999704,-8.3385,15.177737089747986,102,102,11,0.10784313725490197,8,0.4,0.10784313725490197,8,False
aeb,1554431,markov,1.0,97,0.1,source_batch/1554431/markov_1s/seed97,0.0,True,True,collision,5.139999999999935,5.139999999999935,14.594042089747987,8.269537728191763,0,-0.028205447670721195,0,3.419999999999971,3.419999999999971,-8.3385,14.594042089747987,103,103,26,0.2524271844660194,26,1.3,0.2524271844660194,26,False
aeb,1554431,markov,1.0,98,0.1,source_batch/1554431/markov_1s/seed98,0.0,True,True,collision,5.139999999999935,5.139999999999935,14.594042089747987,8.269537728191763,0,-0.028205447670721195,0,3.419999999999971,3.419999999999971,-8.3385,14.594042089747987,103,103,0,0,0,0,0,0,False
aeb,1554431,markov,1.0,99,0.1,source_batch/1554431/markov_1s/seed99,0.0,True,True,collision,5.139999999999935,5.139999999999935,14.594042089747987,8.269537728191763,0,-0.028205447670721195,0,3.419999999999971,3.419999999999971,-8.3385,14.594042089747987,103,103,32,0.3106796116504854,32,1.6,0.3106796116504854,32,False
