time,controller,ego_id,object_id,object_type,object_category,detected,distance,bearing_deg,relative_x,relative_y,relative_z,object_speed,object_heading_deg,lane_id,sensor_near_range,sensor_far_range,sensor_fov_deg,controller_state,aeb_target_id,ttc,ego_speed,commanded_speed,true_distance,perceived_distance,distance_error
0.000000,scenario-defined,0,1,vehicle,7,0,62.841565,27.482522,55.749998,29.000000,-0.500000,0.000000,-90.000057,-1,1.0,500.0,120.0,MONITORING,,,8.333333,8.333333,62.841565,62.841565,0.000000
0.000000,scenario-defined,0,2,vehicle,0,0,56.579402,18.755505,53.574993,18.192000,-0.500000,0.000000,-90.000057,-1,1.0,500.0,120.0,MONITORING,,,8.333333,8.333333,56.579402,56.579402,0.000000
0.000000,scenario-defined,0,3,vehicle,0,0,58.242459,23.056502,53.589998,22.810000,-0.500000,0.000000,-90.000057,-1,1.0,500.0,120.0,MONITORING,,,8.333333,8.333333,58.242459,58.242459,0.000000
0.050000,scenario-defined,0,1,vehicle,7,1,62.472214,27.658872,55.333331,29.000000,-0.500000,0.000000,-90.000057,-1,1.0,500.0,120.0,MONITORING,,,8.333333,8.333333,62.472214,62.472214,0.000000
0.050000,scenario-defined,0,2,vehicle,0,1,56.185021,18.892124,53.158327,18.192000,-0.500000,0.000000,-90.000057,-1,1.0,500.0,120.0,MONITORING,,,8.333333,8.333333,56.185021,56.185021,0.000000
0.050000,scenario-defined,0,3,vehicle,0,1,57.859306,23.218095,53.173331,22.810000,-0.500000,0.000000,-90.000057,-1,1.0,500.0,120.0,MONITORING,,,8.333333,8.333333,57.859306,57.859306,0.000000
0.100000,scenario-defined,0,1,vehicle,7,1,62.103463,27.837318,54.916665,29.000000,-0.500000,0.000000,-90.000057,-1,1.0,500.0,120.0,MONITORING,,,8.333333,8.333333,62.103463,62.103463,0.000000
0.100000,scenario-defined,0,2,vehicle,0,1,55.790963,19.030675,52.741660,18.192000,-0.500000,0.000000,-90.000057,-1,1.0,500.0,120.0,MONITORING,,,8.333333,8.333333,55.790963,55.790963,0.000000
0.100000,scenario-defined,0,3,vehicle,0,1,57.476619,23.381842,52.756665,22.810000,-0.500000,0.000000,-90.000057,-1,1.0,500.0,120.0,MONITORING,,,8.333333,8.333333,57.476619,57.476619,0.000000
0.150000,scenario-defined,0,1,vehicle,7,1,61.735320,28.017894,54.499998,29.000000,-0.500000,0.000000,-90.000057,-1,1.0,500.0,120.0,MONITORING,,,8.333333,8.333333,61.735320,61.735320,0.000000
0.150000,scenario-defined,0,2,vehicle,0,1,55.397236,19.171195,52.324993,18.192000,-0.500000,0.000000,-90.000057,-1,1.0,500.0,120.0,MONITORING,,,8.333333,8.333333,55.397236,55.397236,0.000000
0.150000,scenario-defined,0,3,vehicle,0,1,57.094409,23.547783,52.339998,22.810000,-0.500000,0.000000,-90.000057,-1,1.0,500.0,120.0,MONITORING,,,8.333333,8.333333,57.094409,57.094409,0.000000
0.200000,scenario-defined,0,1,vehicle,7,1,61.367799,28.200635,54.083331,29.000000,-0.500000,0.000000,-90.000057,-1,1.0,500.0,120.0,MONITORING,,,8.333333,8.333333,61.367799,61.367799,0.000000
0.200000,scenario-defined,0,2,vehicle,0,1,55.003848,19.313727,51.908327,18.192000,-0.500000,0.000000,-90.000057,-1,1.0,500.0,120.0,MONITORING,,,8.333333,8.333333,55.003848,55.003848,0.000000
0.200000,scenario-defined,0,3,vehicle,0,1,56.712683,23.715959,51.923331,22.810000,-0.500000,0.000000,-90.000057,-1,1.0,500.0,120.0,MONITORING,,,8.333333,8.333333,56.712683,56.712683,0.000000
0.250000,scenario-defined,0,1,vehicle,7,1,61.000909,28.385576,53.666665,29.000000,-0.500000,0.000000,-90.000057,-1,1.0,500.0,120.0,MONITORING,,,8.333333,8.333333,61.000909,61.000909,0.000000
0.250000,scenario-defined,0,2,vehicle,0,1,54.610804,19.458311,51.491660,18.192000,-0.500000,0.000000,-90.000057,-1,1.0,500.0,120.0,MONITORING,,,8.333333,8.333333,54.610804,54.610804,0.000000
0.250000,scenario-defined,0,3,vehicle,0,1,56.331453,23.886412,51.506665,22.810000,-0.500000,0.000000,-90.000057,-1,1.0,500.0,120.0,MONITORING,,,8.333333,8.333333,56.331453,56.331453,0.000000
0.300000,scenario-defined,0,1,vehicle,7,1,60.634663,28.572754,53.249998,29.000000,-0.500000,0.000000,-90.000057,-1,1.0,500.0,120.0,MONITORING,,,8.333333,8.333333,60.634663,60.634663,0.000000
0.300000,scenario-defined,0,2,vehicle,0,1,54.218113,19.604991,51.074993,18.192000,-0.500000,0.000000,-90.000057,-1,1.0,500.0,120.0,MONITORING,,,8.333333,8.333333,54.218113,54.218113,0.000000
0.300000,scenario-defined,0,3,vehicle,0,1,55.950728,24.059187,51.089998,22.810000,-0.500000,0.000000,-90.000057,-1,1.0,500.0,120.0,MONITORING,,,8.333333,8.333333,55.950728,55.950728,0.000000
0.350000,scenario-defined,0,1,vehicle,7,1,60.269071,28.762204,52.833331,29.000000,-0.500000,0.000000,-90.000057,-1,1.0,500.0,120.0,MONITORING,,,8.333333,8.333333,60.269071,60.269071,0.000000
0.350000,scenario-defined,0,2,vehicle,0,1,53.825783,19.753809,50.658327,18.192000,-0.500000,0.000000,-90.000057,-1,1.0,500.0,120.0,MONITORING,,,8.333333,8.333333,53.825783,53.825783,0.000000
0.350000,scenario-defined,0,3,vehicle,0,1,55.570519,24.234328,50.673331,22.810000,-0.500000,0.000000,-90.000057,-1,1.0,500.0,120.0,MONITORING,,,8.333333,8.333333,55.570519,55.570519,0.000000
0.400000,scenario-defined,0,1,vehicle,7,1,59.904146,28.953964,52.416665,29.000000,-0.500000,0.000000,-90.000057,-1,1.0,500.0,120.0,MONITORING,,,8.333333,8.333333,59.904146,59.904146,0.000000
0.400000,scenario-defined,0,2,vehicle,0,1,53.433822,19.904812,50.241660,18.192000,-0.500000,0.000000,-90.000057,-1,1.0,500.0,120.0,MONITORING,,,8.333333,8.333333,53.433822,53.433822,0.000000
0.400000,scenario-defined,0,3,vehicle,0,1,55.190837,24.411880,50.256665,22.810000,-0.500000,0.000000,-90.000057,-1,1.0,500.0,120.0,MONITORING,,,8.333333,8.333333,55.190837,55.190837,0.000000
0.450000,scenario-defined,0,1,vehicle,7,1,59.539901,29.148073,51.999998,29.000000,-0.500000,0.000000,-90.000057,-1,1.0,500.0,120.0,MONITORING,,,8.333333,8.333333,59.539901,59.539901,0.000000
0.450000,scenario-defined,0,2,vehicle,0,1,53.042236,20.058046,49.824994,18.192000,-0.500000,0.000000,-90.000057,-1,1.0,500.0,120.0,MONITORING,,,8.333333,8.333333,53.042236,53.042236,0.000000
0.450000,scenario-defined,0,3,vehicle,0,1,54.811691,24.591890,49.839998,22.810000,-0.500000,0.000000,-90.000057,-1,1.0,500.0,120.0,MONITORING,,,8.333333,8.333333,54.811691,54.811691,0.000000
0.500000,scenario-defined,0,1,vehicle,7,1,59.176347,29.344569,51.583332,29.000000,-0.500000,0.000000,-90.000057,-1,1.0,500.0,120.0,MONITORING,,,8.333333,8.333333,59.176347,59.176347,0.000000
0.500000,scenario-defined,0,2,vehicle,0,1,52.651036,20.213558,49.408327,18.192000,-0.500000,0.000000,-90.000057,-1,1.0,500.0,120.0,MONITORING,,,8.333333,8.333333,52.651036,52.651036,0.000000
0.500000,scenario-defined,0,3,vehicle,0,1,54.433095,24.774406,49.423332,22.810000,-0.500000,0.000000,-90.000057,-1,1.0,500.0,120.0,MONITORING,,,8.333333,8.333333,54.433095,54.433095,0.000000
0.550000,scenario-defined,0,1,vehicle,7,1,58.811061,29.539302,51.166665,28.995057,-0.500000,0.098867,-90.000057,-1,1.0,500.0,120.0,MONITORING,,,8.333333,8.333333,58.811061,58.811061,0.000000
0.550000,scenario-defined,0,2,vehicle,0,1,52.260230,20.371397,48.991660,18.192000,-0.500000,0.000000,-90.000057,-1,1.0,500.0,120.0,MONITORING,,,8.333333,8.333333,52.260230,52.260230,0.000000
0.550000,scenario-defined,0,3,vehicle,0,1,54.055058,24.959477,49.006665,22.810000,-0.500000,0.000000,-90.000057,-1,1.0,500.0,120.0,MONITORING,,,8.333333,8.333333,54.055058,54.055058,0.000000
0.600000,scenario-defined,0,1,vehicle,7,1,58.443396,29.731204,50.749998,28.983931,-0.500000,0.222510,-90.000057,-1,1.0,500.0,120.0,MONITORING,,,8.333333,8.333333,58.443396,58.443396,0.000000
0.600000,scenario-defined,0,2,vehicle,0,1,51.869826,20.531613,48.574994,18.192000,-0.500000,0.000000,-90.000057,-1,1.0,500.0,120.0,MONITORING,,,8.333333,8.333333,51.869826,51.869826,0.000000
0.600000,scenario-defined,0,3,vehicle,0,1,53.677593,25.147153,48.589998,22.810000,-0.500000,0.000000,-90.000057,-1,1.0,500.0,120.0,MONITORING,,,8.333333,8.333333,53.677593,53.677593,0.000000
0.650000,scenario-defined,0,1,vehicle,7,1,58.073312,29.920248,50.333332,28.966624,-0.500000,0.346152,-90.000057,-1,1.0,500.0,120.0,MONITORING,,,8.333333,8.333333,58.073312,58.073312,0.000000
0.650000,scenario-defined,0,2,vehicle,0,1,51.479834,20.694258,48.158327,18.192000,-0.500000,0.000000,-90.000057,-1,1.0,500.0,120.0,MONITORING,,,8.333333,8.333333,51.479834,51.479834,0.000000
0.650000,scenario-defined,0,3,vehicle,0,1,53.300713,25.337485,48.173332,22.810000,-0.500000,0.000000,-90.000057,-1,1.0,500.0,120.0,MONITORING,,,8.333333,8.333333,53.300713,53.300713,0.000000
0.700000,scenario-defined,0,1,vehicle,7,1,57.700766,30.106405,49.916665,28.943134,-0.500000,0.469795,-90.000057,-1,1.0,500.0,120.0,MONITORING,,,8.333333,8.333333,57.700766,57.700766,0.000000
0.700000,scenario-defined,0,2,vehicle,0,1,51.090263,20.859385,47.741660,18.192000,-0.500000,0.000000,-90.000057,-1,1.0,500.0,120.0,MONITORING,,,8.333333,8.333333,51.090263,51.090263,0.000000
0.700000,scenario-defined,0,3,vehicle,0,1,52.924429,25.530525,47.756665,22.810000,-0.500000,0.000000,-90.000057,-1,1.0,500.0,120.0,MONITORING,,,8.333333,8.333333,52.924429,52.924429,0.000000
0.750000,scenario-defined,0,1,vehicle,7,1,57.325719,30.289643,49.499998,28.913462,-0.500000,0.593437,-90.000057,-1,1.0,500.0,120.0,MONITORING,,,8.333333,8.333333,57.325719,57.325719,0.000000
0.750000,scenario-defined,0,2,vehicle,0,1,50.701123,21.027047,47.324994,18.192000,-0.500000,0.000000,-90.000057,-1,1.0,500.0,120.0,MONITORING,,,8.333333,8.333333,50.701123,50.701123,0.000000
0.750000,scenario-defined,0,3,vehicle,0,1,52.548754,25.726328,47.339998,22.810000,-0.500000,0.000000,-90.000057,-1,1.0,500.0,120.0,MONITORING,,,8.333333,8.333333,52.548754,52.548754,0.000000
0.800000,scenario-defined,0,1,vehicle,7,1,56.948131,30.469933,49.083332,28.877608,-0.500000,0.717080,-90.000057,-1,1.0,500.0,120.0,MONITORING,,,8.333333,8.333333,56.948131,56.948131,0.000000
0.800000,scenario-defined,0,2,vehicle,0,1,50.312424,21.197302,46.908327,18.192000,-0.500000,0.000000,-90.000057,-1,1.0,500.0,120.0,MONITORING,,,8.333333,8.333333,50.312424,50.312424,0.000000
0.800000,scenario-defined,0,3,vehicle,0,1,52.173702,25.924948,46.923332,22.810000,-0.500000,0.000000,-90.000057,-1,1.0,500.0,120.0,MONITORING,,,8.333333,8.333333,52.173702,52.173702,0.000000
0.850000,scenario-defined,0,1,vehicle,7,1,56.567963,30.647241,48.666665,28.835572,-0.500000,0.840722,-90.000057,-1,1.0,500.0,120.0,MONITORING,,,8.333333,8.333333,56.567963,56.567963,0.000000
0.850000,scenario-defined,0,2,vehicle,0,1,49.924176,21.370207,46.491660,18.192000,-0.500000,0.000000,-90.000057,-1,1.0,500.0,120.0,MONITORING,,,8.333333,8.333333,49.924176,49.924176,0.000000
0.850000,scenario-defined,0,3,vehicle,0,1,51.799286,26.126442,46.506665,22.810000,-0.500000,0.000000,-90.000057,-1,1.0,500.0,120.0,MONITORING,,,8.333333,8.333333,51.799286,51.799286,0.000000
0.900000,scenario-defined,0,1,vehicle,7,1,56.185177,30.821532,48.249998,28.787354,-0.500000,0.964365,-90.000057,-1,1.0,500.0,120.0,MONITORING,,,8.333333,8.333333,56.185177,56.185177,0.000000
0.900000,scenario-defined,0,2,vehicle,0,1,49.536390,21.545820,46.074994,18.192000,-0.500000,0.000000,-90.000057,-1,1.0,500.0,120.0,MONITORING,,,8.333333,8.333333,49.536390,49.536390,0.000000
0.900000,scenario-defined,0,3,vehicle,0,1,51.425519,26.330868,46.089998,22.810000,-0.500000,0.000000,-90.000057,-1,1.0,500.0,120.0,MONITORING,,,8.333333,8.333333,51.425519,51.425519,0.000000
0.950000,scenario-defined,0,1,vehicle,7,1,55.799733,30.992772,47.833332,28.732953,-0.500000,1.088007,-90.000057,-1,1.0,500.0,120.0,MONITORING,,,8.333333,8.333333,55.799733,55.799733,0.000000
0.950000,scenario-defined,0,2,vehicle,0,1,49.149076,21.724203,45.658327,18.192000,-0.500000,0.000000,-90.000057,-1,1.0,500.0,120.0,MONITORING,,,8.333333,8.333333,49.149076,49.149076,0.000000
0.950000,scenario-defined,0,3,vehicle,0,1,51.052417,26.538284,45.673332,22.810000,-0.500000,0.000000,-90.000057,-1,1.0,500.0,120.0,MONITORING,,,8.333333,8.333333,51.052417,51.052417,0.000000
1.000000,scenario-defined,0,1,vehicle,7,1,55.411596,31.160923,47.416665,28.672371,-0.500000,1.211650,-90.000057,-1,1.0,500.0,120.0,MONITORING,,,8.333333,8.333333,55.411596,55.411596,0.000000
1.000000,scenario-defined,0,2,vehicle,0,1,48.762247,21.905417,45.241660,18.192000,-0.500000,0.000000,-90.000057,-1,1.0,500.0,120.0,MONITORING,,,8.333333,8.333333,48.762247,48.762247,0.000000
1.000000,scenario-defined,0,3,vehicle,0,1,50.679994,26.748751,45.256665,22.810000,-0.500000,0.000000,-90.000057,-1,1.0,500.0,120.0,MONITORING,,,8.333333,8.333333,50.679994,50.679994,0.000000
1.050000,scenario-defined,0,1,vehicle,7,1,55.020728,31.325946,46.999998,28.605606,-0.500000,1.335292,-90.000057,-1,1.0,500.0,120.0,MONITORING,,,8.333333,8.333333,55.020728,55.020728,0.000000
1.050000,scenario-defined,0,2,vehicle,0,1,48.375913,22.089528,44.824994,18.192000,-0.500000,0.000000,-90.000057,-1,1.0,500.0,120.0,MONITORING,,,8.333333,8.333333,48.375913,48.375913,0.000000
1.050000,scenario-defined,0,3,vehicle,0,1,50.308265,26.962332,44.839998,22.810000,-0.500000,0.000000,-90.000057,-1,1.0,500.0,120.0,MONITORING,,,8.333333,8.333333,50.308265,50.308265,0.000000
1.100000,scenario-defined,0,1,vehicle,7,1,54.627094,31.487799,46.583332,28.532659,-0.500000,1.458934,-90.000057,-1,1.0,500.0,120.0,MONITORING,,,8.333333,8.333333,54.627094,54.627094,0.000000
1.100000,scenario-defined,0,2,vehicle,0,1,47.990086,22.276602,44.408327,18.192000,-0.500000,0.000000,-90.000057,-1,1.0,500.0,120.0,MONITORING,,,8.333333,8.333333,47.990086,47.990086,0.000000
1.100000,scenario-defined,0,3,vehicle,0,1,49.937246,27.179089,44.423332,22.810000,-0.500000,0.000000,-90.000057,-1,1.0,500.0,120.0,MONITORING,,,8.333333,8.333333,49.937246,49.937246,0.000000
1.150000,scenario-defined,0,1,vehicle,7,1,54.230659,31.646441,46.166665,28.453531,-0.500000,1.582577,-90.000057,-1,1.0,500.0,120.0,MONITORING,,,8.333333,8.333333,54.230659,54.230659,0.000000
1.150000,scenario-defined,0,2,vehicle,0,1,47.604780,22.466705,43.991660,18.192000,-0.500000,0.000000,-90.000057,-1,1.0,500.0,120.0,MONITORING,,,8.333333,8.333333,47.604780,47.604780,0.000000
1.150000,scenario-defined,0,3,vehicle,0,1,49.566951,27.399088,44.006665,22.810000,-0.500000,0.000000,-90.000057,-1,1.0,500.0,120.0,MONITORING,,,8.333333,8.333333,49.566951,49.566951,0.000000
1.200000,scenario-defined,0,1,vehicle,7,1,53.831387,31.801826,45.749998,28.368220,-0.500000,1.706219,-90.000057,-1,1.0,500.0,120.0,MONITORING,,,8.333333,8.333333,53.831387,53.831387,0.000000
1.200000,scenario-defined,0,2,vehicle,0,1,47.220006,22.659909,43.574994,18.192000,-0.500000,0.000000,-90.000057,-1,1.0,500.0,120.0,MONITORING,,,8.333333,8.333333,47.220006,47.220006,0.000000
1.200000,scenario-defined,0,3,vehicle,0,1,49.197399,27.622396,43.589998,22.810000,-0.500000,0.000000,-90.000057,-1,1.0,500.0,120.0,MONITORING,,,8.333333,8.333333,49.197399,49.197399,0.000000
1.250000,scenario-defined,0,1,vehicle,7,1,53.429245,31.953908,45.333332,28.276727,-0.500000,1.829862,-90.000057,-1,1.0,500.0,120.0,MONITORING,,,8.333333,8.333333,53.429245,53.429245,0.000000
1.250000,scenario-defined,0,2,vehicle,0,1,46.835778,22.856286,43.158327,18.192000,-0.500000,0.000000,-90.000057,-1,1.0,500.0,120.0,MONITORING,,,8.333333,8.333333,46.835778,46.835778,0.000000
1.250000,scenario-defined,0,3,vehicle,0,1,48.828605,27.849080,43.173332,22.810000,-0.500000,0.000000,-90.000057,-1,1.0,500.0,120.0,MONITORING,,,8.333333,8.333333,48.828605,48.828605,0.000000
1.300000,scenario-defined,0,1,vehicle,7,1,53.024200,32.102637,44.916665,28.179051,-0.500000,1.953504,-90.000057,-1,1.0,500.0,120.0,MONITORING,,,8.333333,8.333333,53.024200,53.024200,0.000000
1.300000,scenario-defined,0,2,vehicle,0,1,46.452109,23.055908,42.741660,18.192000,-0.500000,0.000000,-90.000057,-1,1.0,500.0,120.0,MONITORING,,,8.333333,8.333333,46.452109,46.452109,0.000000
1.300000,scenario-defined,0,3,vehicle,0,1,48.460587,28.079211,42.756665,22.810000,-0.500000,0.000000,-90.000057,-1,1.0,500.0,120.0,MONITORING,,,8.333333,8.333333,48.460587,48.460587,0.000000
1.350000,scenario-defined,0,1,vehicle,7,1,52.616218,32.247961,44.499998,28.075194,-0.500000,2.077147,-90.000057,-1,1.0,500.0,120.0,MONITORING,,,8.333333,8.333333,52.616218,52.616218,0.000000
1.350000,scenario-defined,0,2,vehicle,0,1,46.069013,23.258853,42.324994,18.192000,-0.500000,0.000000,-90.000057,-1,1.0,500.0,120.0,MONITORING,,,8.333333,8.333333,46.069013,46.069013,0.000000
1.350000,scenario-defined,0,3,vehicle,0,1,48.093363,28.312860,42.339998,22.810000,-0.500000,0.000000,-90.000057,-1,1.0,500.0,120.0,MONITORING,,,8.333333,8.333333,48.093363,48.093363,0.000000
1.400000,scenario-defined,0,1,vehicle,7,1,52.205268,32.389827,44.083332,27.965155,-0.500000,2.200789,-90.000057,-1,1.0,500.0,120.0,MONITORING,,,8.333333,8.333333,52.205268,52.205268,0.000000
1.400000,scenario-defined,0,2,vehicle,0,1,45.686505,23.465199,41.908327,18.192000,-0.500000,0.000000,-90.000057,-1,1.0,500.0,120.0,MONITORING,,,8.333333,8.333333,45.686505,45.686505,0.000000
1.400000,scenario-defined,0,3,vehicle,0,1,47.726951,28.550100,41.923332,22.810000,-0.500000,0.000000,-90.000057,-1,1.0,500.0,120.0,MONITORING,,,8.333333,8.333333,47.726951,47.726951,0.000000
1.450000,scenario-defined,0,1,vehicle,7,1,51.791319,32.528177,43.666665,27.848933,-0.500000,2.324432,-90.000057,-1,1.0,500.0,120.0,MONITORING,,,8.333333,8.333333,51.791319,51.791319,0.000000
1.450000,scenario-defined,0,2,vehicle,0,1,45.304600,23.675027,41.491661,18.192000,-0.500000,0.000000,-90.000057,-1,1.0,500.0,120.0,MONITORING,,,8.333333,8.333333,45.304600,45.304600,0.000000
1.450000,scenario-defined,0,3,vehicle,0,1,47.361370,28.791008,41.506665,22.810000,-0.500000,0.000000,-90.000057,-1,1.0,500.0,120.0,MONITORING,,,8.333333,8.333333,47.361370,47.361370,0.000000
1.500000,scenario-defined,0,1,vehicle,7,1,51.374340,32.662951,43.249999,27.726529,-0.500000,2.448074,-90.000057,-1,1.0,500.0,120.0,MONITORING,,,8.333333,8.333333,51.374340,51.374340,0.000000
1.500000,scenario-defined,0,2,vehicle,0,1,44.923312,23.888419,41.074994,18.192000,-0.500000,0.000000,-90.000057,-1,1.0,500.0,120.0,MONITORING,,,8.333333,8.333333,44.923312,44.923312,0.000000
1.500000,scenario-defined,0,3,vehicle,0,1,46.996639,29.035659,41.089999,22.810000,-0.500000,0.000000,-90.000057,-1,1.0,500.0,120.0,MONITORING,,,8.333333,8.333333,46.996639,46.996639,0.000000
1.550000,scenario-defined,0,1,vehicle,7,1,50.954301,32.794088,42.833332,27.597943,-0.500000,2.571717,-90.000057,-1,1.0,500.0,120.0,MONITORING,,,8.333333,8.333333,50.954301,50.954301,0.000000
1.550000,scenario-defined,0,2,vehicle,0,1,44.542659,24.105462,40.658327,18.192000,-0.500000,0.000000,-90.000057,-1,1.0,500.0,120.0,MONITORING,,,8.333333,8.333333,44.542659,44.542659,0.000000
1.550000,scenario-defined,0,3,vehicle,0,1,46.632778,29.284132,40.673332,22.810000,-0.500000,0.000000,-90.000057,-1,1.0,500.0,120.0,MONITORING,,,8.333333,8.333333,46.632778,46.632778,0.000000
1.600000,scenario-defined,0,1,vehicle,7,1,50.531173,32.921520,42.416665,27.463175,-0.500000,2.695359,-90.000057,-1,1.0,500.0,120.0,MONITORING,,,8.333333,8.333333,50.531173,50.531173,0.000000
1.600000,scenario-defined,0,2,vehicle,0,1,44.162655,24.326242,40.241661,18.192000,-0.500000,0.000000,-90.000057,-1,1.0,500.0,120.0,MONITORING,,,8.333333,8.333333,44.162655,44.162655,0.000000
1.600000,scenario-defined,0,3,vehicle,0,1,46.269809,29.536509,40.256665,22.810000,-0.500000,0.000000,-90.000057,-1,1.0,500.0,120.0,MONITORING,,,8.333333,8.333333,46.269809,46.269809,0.000000
1.650000,scenario-defined,0,1,vehicle,7,1,50.104929,33.045178,41.999999,27.322225,-0.500000,2.819001,-90.000057,-1,1.0,500.0,120.0,MONITORING,,,8.333333,8.333333,50.104929,50.104929,0.000000
1.650000,scenario-defined,0,2,vehicle,0,1,43.783319,24.550852,39.824994,18.192000,-0.500000,0.000000,-90.000057,-1,1.0,500.0,120.0,MONITORING,,,8.333333,8.333333,43.783319,43.783319,0.000000
1.650000,scenario-defined,0,3,vehicle,0,1,45.907751,29.792871,39.839999,22.810000,-0.500000,0.000000,-90.000057,-1,1.0,500.0,120.0,MONITORING,,,8.333333,8.333333,45.907751,45.907751,0.000000
1.700000,scenario-defined,0,1,vehicle,7,1,49.675539,33.164988,41.583332,27.175093,-0.500000,2.942644,-90.000057,-1,1.0,500.0,120.0,MONITORING,,,8.333333,8.333333,49.675539,49.675539,0.000000
1.700000,scenario-defined,0,2,vehicle,0,1,43.404667,24.779385,39.408327,18.192000,-0.500000,0.000000,-90.000057,-1,1.0,500.0,120.0,MONITORING,,,8.333333,8.333333,43.404667,43.404667,0.000000
1.700000,scenario-defined,0,3,vehicle,0,1,45.546627,30.053304,39.423332,22.810000,-0.500000,0.000000,-90.000057,-1,1.0,500.0,120.0,MONITORING,,,8.333333,8.333333,45.546627,45.546627,0.000000
1.750000,scenario-defined,0,1,vehicle,7,1,49.242978,33.280875,41.166665,27.021779,-0.500000,3.066286,-90.000057,-1,1.0,500.0,120.0,MONITORING,,,8.333333,8.333333,49.242978,49.242978,0.000000
1.750000,scenario-defined,0,2,vehicle,0,1,43.026718,25.011936,38.991661,18.192000,-0.500000,0.000000,-90.000057,-1,1.0,500.0,120.0,MONITORING,,,8.333333,8.333333,43.026718,43.026718,0.000000
1.750000,scenario-defined,0,3,vehicle,0,1,45.186459,30.317894,39.006665,22.810000,-0.500000,0.000000,-90.000057,-1,1.0,500.0,120.0,MONITORING,,,8.333333,8.333333,45.186459,45.186459,0.000000
1.800000,scenario-defined,0,1,vehicle,7,1,48.807219,33.392757,40.749999,26.862282,-0.500000,3.189929,-90.000057,-1,1.0,500.0,120.0,MONITORING,,,8.333333,8.333333,48.807219,48.807219,0.000000
1.800000,scenario-defined,0,2,vehicle,0,1,42.649490,25.248605,38.574994,18.192000,-0.500000,0.000000,-90.000057,-1,1.0,500.0,120.0,MONITORING,,,8.333333,8.333333,42.649490,42.649490,0.000000
1.800000,scenario-defined,0,3,vehicle,0,1,44.827270,30.586730,38.589999,22.810000,-0.500000,0.000000,-90.000057,-1,1.0,500.0,120.0,MONITORING,,,8.333333,8.333333,44.827270,44.827270,0.000000
1.850000,scenario-defined,0,1,vehicle,7,1,48.368237,33.500547,40.333332,26.696604,-0.500000,3.313571,-90.000057,-1,1.0,500.0,120.0,MONITORING,,,8.333333,8.333333,48.368237,48.368237,0.000000
1.850000,scenario-defined,0,2,vehicle,0,1,42.273003,25.489493,38.158327,18.192000,-0.500000,0.000000,-90.000057,-1,1.0,500.0,120.0,MONITORING,,,8.333333,8.333333,42.273003,42.273003,0.000000
1.850000,scenario-defined,0,3,vehicle,0,1,44.469083,30.859903,38.173332,22.810000,-0.500000,0.000000,-90.000057,-1,1.0,500.0,120.0,MONITORING,,,8.333333,8.333333,44.469083,44.469083,0.000000
1.900000,scenario-defined,0,1,vehicle,7,1,47.926007,33.604157,39.916665,26.524743,-0.500000,3.437214,-90.000057,-1,1.0,500.0,120.0,MONITORING,,,8.333333,8.333333,47.926007,47.926007,0.000000
1.900000,scenario-defined,0,2,vehicle,0,1,41.897277,25.734707,37.741661,18.192000,-0.500000,0.000000,-90.000057,-1,1.0,500.0,120.0,MONITORING,,,8.333333,8.333333,41.897277,41.897277,0.000000
1.900000,scenario-defined,0,3,vehicle,0,1,44.111924,31.137506,37.756665,22.810000,-0.500000,0.000000,-90.000057,-1,1.0,500.0,120.0,MONITORING,,,8.333333,8.333333,44.111924,44.111924,0.000000
1.950000,scenario-defined,0,1,vehicle,7,1,47.480507,33.703490,39.499999,26.346700,-0.500000,3.560856,-90.000057,-1,1.0,500.0,120.0,MONITORING,,,8.333333,8.333333,47.480507,47.480507,0.000000
1.950000,scenario-defined,0,2,vehicle,0,1,41.522332,25.984353,37.324994,18.192000,-0.500000,0.000000,-90.000057,-1,1.0,500.0,120.0,MONITORING,,,8.333333,8.333333,41.522332,41.522332,0.000000
1.950000,scenario-defined,0,3,vehicle,0,1,43.755818,31.419635,37.339999,22.810000,-0.500000,0.000000,-90.000057,-1,1.0,500.0,120.0,MONITORING,,,8.333333,8.333333,43.755818,43.755818,0.000000
2.000000,scenario-defined,0,1,vehicle,7,1,47.031712,33.798446,39.083332,26.162475,-0.500000,3.684499,-90.000057,-1,1.0,500.0,120.0,MONITORING,,,8.333333,8.333333,47.031712,47.031712,0.000000
2.000000,scenario-defined,0,2,vehicle,0,1,41.148189,26.238545,36.908327,18.192000,-0.500000,0.000000,-90.000057,-1,1.0,500.0,120.0,MONITORING,,,8.333333,8.333333,41.148189,41.148189,0.000000
2.000000,scenario-defined,0,3,vehicle,0,1,43.400790,31.706386,36.923332,22.810000,-0.500000,0.000000,-90.000057,-1,1.0,500.0,120.0,MONITORING,,,8.333333,8.333333,43.400790,43.400790,0.000000
2.050000,scenario-defined,0,1,vehicle,7,1,46.579602,33.888920,38.666665,25.972068,-0.500000,3.808141,-90.000057,-1,1.0,500.0,120.0,MONITORING,,,8.333333,8.333333,46.579602,46.579602,0.000000
2.050000,scenario-defined,0,2,vehicle,0,1,40.774872,26.497396,36.491661,18.192000,-0.500000,0.000000,-90.000057,-1,1.0,500.0,120.0,MONITORING,,,8.333333,8.333333,40.774872,40.774872,0.000000
2.050000,scenario-defined,0,3,vehicle,0,1,43.046866,31.997860,36.506665,22.810000,-0.500000,0.000000,-90.000057,-1,1.0,500.0,120.0,MONITORING,,,8.333333,8.333333,43.046866,43.046866,0.000000
2.100000,scenario-defined,0,1,vehicle,7,1,46.124156,33.974799,38.249999,25.775479,-0.500000,3.931784,-90.000057,-1,1.0,500.0,120.0,MONITORING,,,8.333333,8.333333,46.124156,46.124156,0.000000
2.100000,scenario-defined,0,2,vehicle,0,1,40.402402,26.761025,36.074994,18.192000,-0.500000,0.000000,-90.000057,-1,1.0,500.0,120.0,MONITORING,,,8.333333,8.333333,40.402402,40.402402,0.000000
2.100000,scenario-defined,0,3,vehicle,0,1,42.694076,32.294158,36.089999,22.810000,-0.500000,0.000000,-90.000057,-1,1.0,500.0,120.0,MONITORING,,,8.333333,8.333333,42.694076,42.694076,0.000000
2.150000,scenario-defined,0,1,vehicle,7,1,45.665352,34.055965,37.833332,25.572708,-0.500000,4.055426,-90.000057,-1,1.0,500.0,120.0,MONITORING,,,8.333333,8.333333,45.665352,45.665352,0.000000
2.150000,scenario-defined,0,2,vehicle,0,1,40.030803,27.029554,35.658327,18.192000,-0.500000,0.000000,-90.000057,-1,1.0,500.0,120.0,MONITORING,,,8.333333,8.333333,40.030803,40.030803,0.000000
2.150000,scenario-defined,0,3,vehicle,0,1,42.342446,32.595386,35.673332,22.810000,-0.500000,0.000000,-90.000057,-1,1.0,500.0,120.0,MONITORING,,,8.333333,8.333333,42.342446,42.342446,0.000000
2.200000,scenario-defined,0,1,vehicle,7,1,45.203173,34.132293,37.416665,25.363755,-0.500000,4.179068,-90.000057,-1,1.0,500.0,120.0,MONITORING,,,8.333333,8.333333,45.203173,45.203173,0.000000
2.200000,scenario-defined,0,2,vehicle,0,1,39.660100,27.303110,35.241661,18.192000,-0.500000,0.000000,-90.000057,-1,1.0,500.0,120.0,MONITORING,,,8.333333,8.333333,39.660100,39.660100,0.000000
2.200000,scenario-defined,0,3,vehicle,0,1,41.992006,32.901650,35.256665,22.810000,-0.500000,0.000000,-90.000057,-1,1.0,500.0,120.0,MONITORING,,,8.333333,8.333333,41.992006,41.992006,0.000000
2.250000,scenario-defined,0,1,vehicle,7,1,44.737601,34.203650,36.999999,25.148619,-0.500000,4.302711,-90.000057,-1,1.0,500.0,120.0,MONITORING,,,8.333333,8.333333,44.737601,44.737601,0.000000
2.250000,scenario-defined,0,2,vehicle,0,1,39.290318,27.581821,34.824994,18.192000,-0.500000,0.000000,-90.000057,-1,1.0,500.0,120.0,MONITORING,,,8.333333,8.333333,39.290318,39.290318,0.000000
2.250000,scenario-defined,0,3,vehicle,0,1,41.642786,33.213060,34.839999,22.810000,-0.500000,0.000000,-90.000057,-1,1.0,500.0,120.0,MONITORING,,,8.333333,8.333333,41.642786,41.642786,0.000000
2.300000,scenario-defined,0,1,vehicle,7,1,44.268618,34.269896,36.583332,24.927301,-0.500000,4.426353,-90.000057,-1,1.0,500.0,120.0,MONITORING,,,8.333333,8.333333,44.268618,44.268618,0.000000
2.300000,scenario-defined,0,2,vehicle,0,1,38.921483,27.865821,34.408327,18.192000,-0.500000,0.000000,-90.000057,-1,1.0,500.0,120.0,MONITORING,,,8.333333,8.333333,38.921483,38.921483,0.000000
2.300000,scenario-defined,0,3,vehicle,0,1,41.294817,33.529727,34.423332,22.810000,-0.500000,0.000000,-90.000057,-1,1.0,500.0,120.0,MONITORING,,,8.333333,8.333333,41.294817,41.294817,0.000000
2.350000,scenario-defined,0,1,vehicle,7,1,43.796209,34.330882,36.166665,24.699802,-0.500000,4.549996,-90.000057,-1,1.0,500.0,120.0,MONITORING,,,8.333333,8.333333,43.796209,43.796209,0.000000
2.350000,scenario-defined,0,2,vehicle,0,1,38.553623,28.155248,33.991661,18.192000,-0.500000,0.000000,-90.000057,-1,1.0,500.0,120.0,MONITORING,,,8.333333,8.333333,38.553623,38.553623,0.000000
2.350000,scenario-defined,0,3,vehicle,0,1,40.948131,33.851767,34.006665,22.810000,-0.500000,0.000000,-90.000057,-1,1.0,500.0,120.0,MONITORING,,,8.333333,8.333333,40.948131,40.948131,0.000000
2.400000,scenario-defined,0,1,vehicle,7,1,43.320358,34.386451,35.749999,24.466120,-0.500000,4.673638,-90.000057,-1,1.0,500.0,120.0,MONITORING,,,8.333333,8.333333,43.320358,43.320358,0.000000
2.400000,scenario-defined,0,2,vehicle,0,1,38.186766,28.450244,33.574994,18.192000,-0.500000,0.000000,-90.000057,-1,1.0,500.0,120.0,MONITORING,,,8.333333,8.333333,38.186766,38.186766,0.000000
2.400000,scenario-defined,0,3,vehicle,0,1,40.602760,34.179296,33.589999,22.810000,-0.500000,0.000000,-90.000057,-1,1.0,500.0,120.0,MONITORING,,,8.333333,8.333333,40.602760,40.602760,0.000000
2.450000,scenario-defined,0,1,vehicle,7,1,42.841053,34.436436,35.333332,24.226256,-0.500000,4.797281,-90.000057,-1,1.0,500.0,120.0,MONITORING,,,8.333333,8.333333,42.841053,42.841053,0.000000
2.450000,scenario-defined,0,2,vehicle,0,1,37.820941,28.750954,33.158328,18.192000,-0.500000,0.000000,-90.000057,-1,1.0,500.0,120.0,MONITORING,,,8.333333,8.333333,37.820941,37.820941,0.000000
2.450000,scenario-defined,0,3,vehicle,0,1,40.258739,34.512433,33.173332,22.810000,-0.500000,0.000000,-90.000057,-1,1.0,500.0,120.0,MONITORING,,,8.333333,8.333333,40.258739,40.258739,0.000000
2.500000,scenario-defined,0,1,vehicle,7,1,42.358281,34.480659,34.916666,23.980209,-0.500000,4.920923,-90.000057,-1,1.0,500.0,120.0,MONITORING,,,8.333333,8.333333,42.358281,42.358281,0.000000
2.500000,scenario-defined,0,2,vehicle,0,1,37.456177,29.057530,32.741661,18.192000,-0.500000,0.000000,-90.000057,-1,1.0,500.0,120.0,MONITORING,,,8.333333,8.333333,37.456177,37.456177,0.000000
2.500000,scenario-defined,0,3,vehicle,0,1,39.916102,34.851301,32.756666,22.810000,-0.500000,0.000000,-90.000057,-1,1.0,500.0,120.0,MONITORING,,,8.333333,8.333333,39.916102,39.916102,0.000000
2.550000,scenario-defined,0,1,vehicle,7,1,41.872031,34.518933,34.499999,23.727981,-0.500000,5.044566,-90.000057,-1,1.0,500.0,120.0,MONITORING,,,8.333333,8.333333,41.872031,41.872031,0.000000
2.550000,scenario-defined,0,2,vehicle,0,1,37.092508,29.370127,32.324994,18.192000,-0.500000,0.000000,-90.000057,-1,1.0,500.0,120.0,MONITORING,,,8.333333,8.333333,37.092508,37.092508,0.000000
2.550000,scenario-defined,0,3,vehicle,0,1,39.574886,35.196025,32.339999,22.810000,-0.500000,0.000000,-90.000057,-1,1.0,500.0,120.0,MONITORING,,,8.333333,8.333333,39.574886,39.574886,0.000000
2.600000,scenario-defined,0,1,vehicle,7,1,41.382294,34.551057,34.083332,23.469571,-0.500000,5.168208,-90.000057,-1,1.0,500.0,120.0,MONITORING,,,8.333333,8.333333,41.382294,41.382294,0.000000
2.600000,scenario-defined,0,2,vehicle,0,1,36.729964,29.688904,31.908328,18.192000,-0.500000,0.000000,-90.000057,-1,1.0,500.0,120.0,MONITORING,,,8.333333,8.333333,36.729964,36.729964,0.000000
2.600000,scenario-defined,0,3,vehicle,0,1,39.235128,35.546733,31.923332,22.810000,-0.500000,0.000000,-90.000057,-1,1.0,500.0,120.0,MONITORING,,,8.333333,8.333333,39.235128,39.235128,0.000000
2.650000,scenario-defined,0,1,vehicle,7,1,40.889062,34.576818,33.666666,23.204978,-0.500000,5.291851,-90.000057,-1,1.0,500.0,120.0,MONITORING,,,8.333333,8.333333,40.889062,40.889062,0.000000
2.650000,scenario-defined,0,2,vehicle,0,1,36.368579,30.014027,31.491661,18.192000,-0.500000,0.000000,-90.000057,-1,1.0,500.0,120.0,MONITORING,,,8.333333,8.333333,36.368579,36.368579,0.000000
2.650000,scenario-defined,0,3,vehicle,0,1,38.896865,35.903553,31.506666,22.810000,-0.500000,0.000000,-90.000057,-1,1.0,500.0,120.0,MONITORING,,,8.333333,8.333333,38.896865,38.896865,0.000000
2.700000,scenario-defined,0,1,vehicle,7,1,40.392327,34.595990,33.249999,22.934204,-0.500000,5.415493,-90.000057,-1,1.0,500.0,120.0,MONITORING,,,8.333333,8.333333,40.392327,40.392327,0.000000
2.700000,scenario-defined,0,2,vehicle,0,1,36.008390,30.345665,31.074994,18.192000,-0.500000,0.000000,-90.000057,-1,1.0,500.0,120.0,MONITORING,,,8.333333,8.333333,36.008390,36.008390,0.000000
2.700000,scenario-defined,0,3,vehicle,0,1,38.560137,36.266620,31.089999,22.810000,-0.500000,0.000000,-90.000057,-1,1.0,500.0,120.0,MONITORING,,,8.333333,8.333333,38.560137,38.560137,0.000000
2.750000,scenario-defined,0,1,vehicle,7,1,39.892086,34.608333,32.833332,22.657247,-0.500000,5.539135,-90.000057,-1,1.0,500.0,120.0,MONITORING,,,8.333333,8.333333,39.892086,39.892086,0.000000
2.750000,scenario-defined,0,2,vehicle,0,1,35.649431,30.683993,30.658328,18.192000,-0.500000,0.000000,-90.000057,-1,1.0,500.0,120.0,MONITORING,,,8.333333,8.333333,35.649431,35.649431,0.000000
2.750000,scenario-defined,0,3,vehicle,0,1,38.224984,36.636068,30.673332,22.810000,-0.500000,0.000000,-90.000057,-1,1.0,500.0,120.0,MONITORING,,,8.333333,8.333333,38.224984,38.224984,0.000000
2.800000,scenario-defined,0,1,vehicle,7,1,39.388335,34.613588,32.416666,22.374108,-0.500000,5.662778,-90.000057,-1,1.0,500.0,120.0,MONITORING,,,8.333333,8.333333,39.388335,39.388335,0.000000
2.800000,scenario-defined,0,2,vehicle,0,1,35.291740,31.029191,30.241661,18.192000,-0.500000,0.000000,-90.000057,-1,1.0,500.0,120.0,MONITORING,,,8.333333,8.333333,35.291740,35.291740,0.000000
2.800000,scenario-defined,0,3,vehicle,0,1,37.891449,37.012036,30.256666,22.810000,-0.500000,0.000000,-90.000057,-1,1.0,500.0,120.0,MONITORING,,,8.333333,8.333333,37.891449,37.891449,0.000000
2.850000,scenario-defined,0,1,vehicle,7,1,38.887630,34.625480,31.999999,22.096330,-0.500000,5.555556,-90.000057,-1,1.0,500.0,120.0,MONITORING,,,8.333333,8.333333,38.887630,38.887630,0.000000
2.850000,scenario-defined,0,2,vehicle,0,1,34.935357,31.381446,29.824994,18.192000,-0.500000,0.000000,-90.000057,-1,1.0,500.0,120.0,MONITORING,,,8.333333,8.333333,34.935357,34.935357,0.000000
2.850000,scenario-defined,0,3,vehicle,0,1,37.559575,37.394666,29.839999,22.810000,-0.500000,0.000000,-90.000057,-1,1.0,500.0,120.0,MONITORING,,,8.333333,8.333333,37.559575,37.559575,0.000000
2.900000,scenario-defined,0,1,vehicle,7,1,38.386926,34.637682,31.583332,21.818552,-0.500000,5.555556,-90.000057,-1,1.0,500.0,120.0,MONITORING,,,8.333333,8.333333,38.386926,38.386926,0.000000
2.900000,scenario-defined,0,2,vehicle,0,1,34.580321,31.740947,29.408328,18.192000,-0.500000,0.000000,-90.000057,-1,1.0,500.0,120.0,MONITORING,,,8.333333,8.333333,34.580321,34.580321,0.000000
2.900000,scenario-defined,0,3,vehicle,0,1,37.229405,37.784099,29.423332,22.810000,-0.500000,0.000000,-90.000057,-1,1.0,500.0,120.0,MONITORING,,,8.333333,8.333333,37.229405,37.229405,0.000000
2.950000,scenario-defined,0,1,vehicle,7,1,37.886225,34.650207,31.166666,21.540775,-0.500000,5.555556,-90.000057,-1,1.0,500.0,120.0,MONITORING,,,8.333333,8.333333,37.886225,37.886225,0.000000
2.950000,scenario-defined,0,2,vehicle,0,1,34.226675,32.107892,28.991661,18.192000,-0.500000,0.000000,-90.000057,-1,1.0,500.0,120.0,MONITORING,,,8.333333,8.333333,34.226675,34.226675,0.000000
2.950000,scenario-defined,0,3,vehicle,0,1,36.900986,38.180483,29.006666,22.810000,-0.500000,0.000000,-90.000057,-1,1.0,500.0,120.0,MONITORING,,,8.333333,8.333333,36.900986,36.900986,0.000000
3.000000,scenario-defined,0,1,vehicle,7,1,37.385525,34.663067,30.749999,21.262997,-0.500000,5.555556,-90.000057,-1,1.0,500.0,120.0,MONITORING,,,8.333333,8.333333,37.385525,37.385525,0.000000
3.000000,scenario-defined,0,2,vehicle,0,1,33.874462,32.482484,28.574994,18.192000,-0.500000,0.000000,-90.000057,-1,1.0,500.0,120.0,MONITORING,,,8.333333,8.333333,33.874462,33.874462,0.000000
3.000000,scenario-defined,0,3,vehicle,0,1,36.574365,38.583966,28.589999,22.810000,-0.500000,0.000000,-90.000057,-1,1.0,500.0,120.0,MONITORING,,,8.333333,8.333333,36.574365,36.574365,0.000000
3.050000,scenario-defined,0,1,vehicle,7,1,36.884827,34.676276,30.333332,20.985219,-0.500000,5.555556,-90.000057,-1,1.0,500.0,120.0,MONITORING,,,8.333333,8.333333,36.884827,36.884827,0.000000
3.050000,scenario-defined,0,2,vehicle,0,1,33.523727,32.864930,28.158328,18.192000,-0.500000,0.000000,-90.000057,-1,1.0,500.0,120.0,MONITORING,,,8.333333,8.333333,33.523727,33.523727,0.000000
3.050000,scenario-defined,0,3,vehicle,0,1,36.249590,38.994700,28.173332,22.810000,-0.500000,0.000000,-90.000057,-1,1.0,500.0,120.0,MONITORING,,,8.333333,8.333333,36.249590,36.249590,0.000000
3.100000,scenario-defined,0,1,vehicle,7,1,36.384131,34.689849,29.916666,20.707441,-0.500000,5.555556,-90.000057,-1,1.0,500.0,120.0,MONITORING,,,8.333333,8.333333,36.384131,36.384131,0.000000
3.100000,scenario-defined,0,2,vehicle,0,1,33.174518,33.255445,27.741661,18.192000,-0.500000,0.000000,-90.000057,-1,1.0,500.0,120.0,MONITORING,,,8.333333,8.333333,33.174518,33.174518,0.000000
3.100000,scenario-defined,0,3,vehicle,0,1,35.926711,39.412838,27.756666,22.810000,-0.500000,0.000000,-90.000057,-1,1.0,500.0,120.0,MONITORING,,,8.333333,8.333333,35.926711,35.926711,0.000000
3.150000,scenario-defined,0,1,vehicle,7,1,35.883438,34.703801,29.499999,20.429663,-0.500000,5.555556,-90.000057,-1,1.0,500.0,120.0,MONITORING,,,8.333333,8.333333,35.883438,35.883438,0.000000
3.150000,scenario-defined,0,2,vehicle,0,1,32.826882,33.654251,27.324994,18.192000,-0.500000,0.000000,-90.000057,-1,1.0,500.0,120.0,MONITORING,,,8.333333,8.333333,32.826882,32.826882,0.000000
3.150000,scenario-defined,0,3,vehicle,0,1,35.605781,39.838537,27.339999,22.810000,-0.500000,0.000000,-90.000057,-1,1.0,500.0,120.0,MONITORING,,,8.333333,8.333333,35.605781,35.605781,0.000000
3.200000,scenario-defined,0,1,vehicle,7,1,35.382746,34.718148,29.083332,20.151886,-0.500000,5.555556,-90.000057,-1,1.0,500.0,120.0,MONITORING,,,8.333333,8.333333,35.382746,35.382746,0.000000
3.200000,scenario-defined,0,2,vehicle,0,1,32.480871,34.061573,26.908328,18.192000,-0.500000,0.000000,-90.000057,-1,1.0,500.0,120.0,MONITORING,,,8.333333,8.333333,32.480871,32.480871,0.000000
3.200000,scenario-defined,0,3,vehicle,0,1,35.286852,40.271956,26.923332,22.810000,-0.500000,0.000000,-90.000057,-1,1.0,500.0,120.0,MONITORING,,,8.333333,8.333333,35.286852,35.286852,0.000000
3.250000,scenario-defined,0,1,vehicle,7,1,34.882057,34.732906,28.666666,19.874108,-0.500000,5.555556,-90.000057,-1,1.0,500.0,120.0,MONITORING,,,8.333333,8.333333,34.882057,34.882057,0.000000
3.250000,scenario-defined,0,2,vehicle,0,1,32.136536,34.477645,26.491661,18.192000,-0.500000,0.000000,-90.000057,-1,1.0,500.0,120.0,MONITORING,,,8.333333,8.333333,32.136536,32.136536,0.000000
3.250000,scenario-defined,0,3,vehicle,0,1,34.969979,40.713255,26.506666,22.810000,-0.500000,0.000000,-90.000057,-1,1.0,500.0,120.0,MONITORING,,,8.333333,8.333333,34.969979,34.969979,0.000000
3.300000,scenario-defined,0,1,vehicle,7,1,34.381370,34.748094,28.249999,19.596330,-0.500000,5.555556,-90.000057,-1,1.0,500.0,120.0,MONITORING,,,8.333333,8.333333,34.381370,34.381370,0.000000
3.300000,scenario-defined,0,2,vehicle,0,1,31.793933,34.902708,26.074994,18.192000,-0.500000,0.000000,-90.000057,-1,1.0,500.0,120.0,MONITORING,,,8.333333,8.333333,31.793933,31.793933,0.000000
3.300000,scenario-defined,0,3,vehicle,0,1,34.655218,41.162597,26.089999,22.810000,-0.500000,0.000000,-90.000057,-1,1.0,500.0,120.0,MONITORING,,,8.333333,8.333333,34.655218,34.655218,0.000000
3.350000,scenario-defined,0,1,vehicle,7,1,33.880686,34.763731,27.833332,19.318552,-0.500000,5.555556,-90.000057,-1,1.0,500.0,120.0,MONITORING,,,8.333333,8.333333,33.880686,33.880686,0.000000
3.350000,scenario-defined,0,2,vehicle,0,1,31.453118,35.337006,25.658328,18.192000,-0.500000,0.000000,-90.000057,-1,1.0,500.0,120.0,MONITORING,,,8.333333,8.333333,31.453118,31.453118,0.000000
3.350000,scenario-defined,0,3,vehicle,0,1,34.342628,41.620147,25.673332,22.810000,-0.500000,0.000000,-90.000057,-1,1.0,500.0,120.0,MONITORING,,,8.333333,8.333333,34.342628,34.342628,0.000000
3.400000,scenario-defined,0,1,vehicle,7,1,33.380004,34.779838,27.416666,19.040774,-0.500000,5.555556,-90.000057,-1,1.0,500.0,120.0,MONITORING,,,8.333333,8.333333,33.380004,33.380004,0.000000
3.400000,scenario-defined,0,2,vehicle,0,1,31.114150,35.780793,25.241661,18.192000,-0.500000,0.000000,-90.000057,-1,1.0,500.0,120.0,MONITORING,,,8.333333,8.333333,31.114150,31.114150,0.000000
3.400000,scenario-defined,0,3,vehicle,0,1,34.032268,42.086073,25.256666,22.810000,-0.500000,0.000000,-90.000057,-1,1.0,500.0,120.0,MONITORING,,,8.333333,8.333333,34.032268,34.032268,0.000000
3.450000,scenario-defined,0,1,vehicle,7,1,32.879325,34.796434,26.999999,18.762997,-0.500000,5.555556,-90.000057,-1,1.0,500.0,120.0,MONITORING,,,8.333333,8.333333,32.879325,32.879325,0.000000
3.450000,scenario-defined,0,2,vehicle,0,1,30.777089,36.234328,24.824995,18.192000,-0.500000,0.000000,-90.000057,-1,1.0,500.0,120.0,MONITORING,,,8.333333,8.333333,30.777089,30.777089,0.000000
3.450000,scenario-defined,0,3,vehicle,0,1,33.724200,42.560544,24.839999,22.810000,-0.500000,0.000000,-90.000057,-1,1.0,500.0,120.0,MONITORING,,,8.333333,8.333333,33.724200,33.724200,0.000000
3.500000,scenario-defined,0,1,vehicle,7,1,32.378648,34.813545,26.583333,18.485219,-0.500000,5.555556,-90.000057,-1,1.0,500.0,120.0,MONITORING,,,8.333333,8.333333,32.378648,32.378648,0.000000
3.500000,scenario-defined,0,2,vehicle,0,1,30.442000,36.697877,24.408328,18.192000,-0.500000,0.000000,-90.000057,-1,1.0,500.0,120.0,MONITORING,,,8.333333,8.333333,30.442000,30.442000,0.000000
3.500000,scenario-defined,0,3,vehicle,0,1,33.418487,43.043729,24.423333,22.810000,-0.500000,0.000000,-90.000057,-1,1.0,500.0,120.0,MONITORING,,,8.333333,8.333333,33.418487,33.418487,0.000000
3.550000,scenario-defined,0,1,vehicle,7,1,31.877975,34.831192,26.166666,18.207441,-0.500000,5.555556,-90.000057,-1,1.0,500.0,120.0,MONITORING,,,8.333333,8.333333,31.877975,31.877975,0.000000
3.550000,scenario-defined,0,2,vehicle,0,1,30.108947,37.171713,23.991661,18.192000,-0.500000,0.000000,-90.000057,-1,1.0,500.0,120.0,MONITORING,,,8.333333,8.333333,30.108947,30.108947,0.000000
3.550000,scenario-defined,0,3,vehicle,0,1,33.115194,43.535800,24.006666,22.810000,-0.500000,0.000000,-90.000057,-1,1.0,500.0,120.0,MONITORING,,,8.333333,8.333333,33.115194,33.115194,0.000000
3.600000,scenario-defined,0,1,vehicle,7,1,31.377305,34.849403,25.749999,17.929663,-0.500000,5.555556,-90.000057,-1,1.0,500.0,120.0,MONITORING,,,8.333333,8.333333,31.377305,31.377305,0.000000
3.600000,scenario-defined,0,2,vehicle,0,1,29.777999,37.656115,23.574995,18.192000,-0.500000,0.000000,-90.000057,-1,1.0,500.0,120.0,MONITORING,,,8.333333,8.333333,29.777999,29.777999,0.000000
3.600000,scenario-defined,0,3,vehicle,0,1,32.814390,44.036930,23.589999,22.810000,-0.500000,0.000000,-90.000057,-1,1.0,500.0,120.0,MONITORING,,,8.333333,8.333333,32.814390,32.814390,0.000000
3.650000,scenario-defined,0,1,vehicle,7,1,30.876638,34.868204,25.333333,17.651885,-0.500000,5.555556,-90.000057,-1,1.0,500.0,120.0,MONITORING,,,8.333333,8.333333,30.876638,30.876638,0.000000
3.650000,scenario-defined,0,2,vehicle,0,1,29.449228,38.151369,23.158328,18.192000,-0.500000,0.000000,-90.000057,-1,1.0,500.0,120.0,MONITORING,,,8.333333,8.333333,29.449228,29.449228,0.000000
3.650000,scenario-defined,0,3,vehicle,0,1,32.516141,44.547293,23.173333,22.810000,-0.500000,0.000000,-90.000057,-1,1.0,500.0,120.0,MONITORING,,,8.333333,8.333333,32.516141,32.516141,0.000000
3.700000,scenario-defined,0,1,vehicle,7,1,30.375975,34.887625,24.916666,17.374108,-0.500000,5.555556,-90.000057,-1,1.0,500.0,120.0,MONITORING,,,8.333333,8.333333,30.375975,30.375975,0.000000
3.700000,scenario-defined,0,2,vehicle,0,1,29.122706,38.657767,22.741661,18.192000,-0.500000,0.000000,-90.000057,-1,1.0,500.0,120.0,MONITORING,,,8.333333,8.333333,29.122706,29.122706,0.000000
3.700000,scenario-defined,0,3,vehicle,0,1,32.220521,45.067063,22.756666,22.810000,-0.500000,0.000000,-90.000057,-1,1.0,500.0,120.0,MONITORING,,,8.333333,8.333333,32.220521,32.220521,0.000000
3.750000,scenario-defined,0,1,vehicle,7,1,29.875315,34.907697,24.499999,17.096330,-0.500000,5.555556,-90.000057,-1,1.0,500.0,120.0,MONITORING,,,8.333333,8.333333,29.875315,29.875315,0.000000
3.750000,scenario-defined,0,2,vehicle,0,1,28.798511,39.175607,22.324995,18.192000,-0.500000,0.000000,-90.000057,-1,1.0,500.0,120.0,MONITORING,,,8.333333,8.333333,28.798511,28.798511,0.000000
3.750000,scenario-defined,0,3,vehicle,0,1,31.927600,45.596414,22.339999,22.810000,-0.500000,0.000000,-90.000057,-1,1.0,500.0,120.0,MONITORING,,,8.333333,8.333333,31.927600,31.927600,0.000000
3.800000,scenario-defined,0,1,vehicle,7,1,29.374659,34.928453,24.083333,16.818552,-0.500000,5.555556,-90.000057,-1,1.0,500.0,120.0,MONITORING,,,8.333333,8.333333,29.374659,29.374659,0.000000
3.800000,scenario-defined,0,2,vehicle,0,1,28.476722,39.705195,21.908328,18.192000,-0.500000,0.000000,-90.000057,-1,1.0,500.0,120.0,MONITORING,,,8.333333,8.333333,28.476722,28.476722,0.000000
3.800000,scenario-defined,0,3,vehicle,0,1,31.637456,46.135521,21.923333,22.810000,-0.500000,0.000000,-90.000057,-1,1.0,500.0,120.0,MONITORING,,,8.333333,8.333333,31.637456,31.637456,0.000000
3.850000,scenario-defined,0,1,vehicle,7,1,28.874007,34.949929,23.666666,16.540774,-0.500000,5.555556,-90.000057,-1,1.0,500.0,120.0,MONITORING,,,8.333333,8.333333,28.874007,28.874007,0.000000
3.850000,scenario-defined,0,2,vehicle,0,1,28.157421,40.246841,21.491661,18.192000,-0.500000,0.000000,-90.000057,-1,1.0,500.0,120.0,MONITORING,,,8.333333,8.333333,28.157421,28.157421,0.000000
3.850000,scenario-defined,0,3,vehicle,0,1,31.350164,46.684559,21.506666,22.810000,-0.500000,0.000000,-90.000057,-1,1.0,500.0,120.0,MONITORING,,,8.333333,8.333333,31.350164,31.350164,0.000000
3.900000,scenario-defined,0,1,vehicle,7,1,28.373359,34.972163,23.249999,16.262996,-0.500000,5.555556,-90.000057,-1,1.0,500.0,120.0,MONITORING,,,8.333333,8.333333,28.373359,28.373359,0.000000
3.900000,scenario-defined,0,2,vehicle,0,1,27.840694,40.800861,21.074995,18.192000,-0.500000,0.000000,-90.000057,-1,1.0,500.0,120.0,MONITORING,,,8.333333,8.333333,27.840694,27.840694,0.000000
3.900000,scenario-defined,0,3,vehicle,0,1,31.065804,47.243699,21.089999,22.810000,-0.500000,0.000000,-90.000057,-1,1.0,500.0,120.0,MONITORING,,,8.333333,8.333333,31.065804,31.065804,0.000000
3.950000,scenario-defined,0,1,vehicle,7,1,27.872716,34.995196,22.833333,15.985219,-0.500000,5.555556,-90.000057,-1,1.0,500.0,120.0,MONITORING,,,8.333333,8.333333,27.872716,27.872716,0.000000
3.950000,scenario-defined,0,2,vehicle,0,1,27.526630,41.367577,20.658328,18.192000,-0.500000,0.000000,-90.000057,-1,1.0,500.0,120.0,MONITORING,,,8.333333,8.333333,27.526630,27.526630,0.000000
3.950000,scenario-defined,0,3,vehicle,0,1,30.784457,47.813115,20.673333,22.810000,-0.500000,0.000000,-90.000057,-1,1.0,500.0,120.0,MONITORING,,,8.333333,8.333333,30.784457,30.784457,0.000000
4.000000,scenario-defined,0,1,vehicle,7,1,27.372077,35.019071,22.416666,15.707441,-0.500000,5.555556,-90.000057,-1,1.0,500.0,120.0,MONITORING,,,8.333333,8.333333,27.372077,27.372077,0.000000
4.000000,scenario-defined,0,2,vehicle,0,1,27.215321,41.947317,20.241661,18.192000,-0.500000,0.000000,-90.000057,-1,1.0,500.0,120.0,MONITORING,,,8.333333,8.333333,27.215321,27.215321,0.000000
4.000000,scenario-defined,0,3,vehicle,0,1,30.506206,48.392977,20.256666,22.810000,-0.500000,0.000000,-90.000057,-1,1.0,500.0,120.0,MONITORING,,,8.333333,8.333333,30.506206,30.506206,0.000000
4.050000,scenario-defined,0,1,vehicle,7,1,26.871443,35.043836,21.999999,15.429663,-0.500000,5.555556,-90.000057,-1,1.0,500.0,120.0,MONITORING,,,8.333333,8.333333,26.871443,26.871443,0.000000
4.050000,scenario-defined,0,2,vehicle,0,1,26.906863,42.540410,19.824995,18.192000,-0.500000,0.000000,-90.000057,-1,1.0,500.0,120.0,MONITORING,,,8.333333,8.333333,26.906863,26.906863,0.000000
4.050000,scenario-defined,0,3,vehicle,0,1,30.231137,48.983452,19.839999,22.810000,-0.500000,0.000000,-90.000057,-1,1.0,500.0,120.0,MONITORING,,,8.333333,8.333333,30.231137,30.231137,0.000000
4.100000,scenario-defined,0,1,vehicle,7,1,26.370815,35.069541,21.583333,15.151885,-0.500000,5.555556,-90.000057,-1,1.0,500.0,120.0,MONITORING,,,8.333333,8.333333,26.370815,26.370815,0.000000
4.100000,scenario-defined,0,2,vehicle,0,1,26.601355,43.147192,19.408328,18.192000,-0.500000,0.000000,-90.000057,-1,1.0,500.0,120.0,MONITORING,,,8.333333,8.333333,26.601355,26.601355,0.000000
4.100000,scenario-defined,0,3,vehicle,0,1,29.959338,49.584706,19.423333,22.810000,-0.500000,0.000000,-90.000057,-1,1.0,500.0,120.0,MONITORING,,,8.333333,8.333333,29.959338,29.959338,0.000000
4.150000,scenario-defined,0,1,vehicle,7,1,25.870192,35.096241,21.166666,14.874107,-0.500000,5.555556,-90.000057,-1,1.0,500.0,120.0,MONITORING,,,8.333333,8.333333,25.870192,25.870192,0.000000
4.150000,scenario-defined,0,2,vehicle,0,1,26.298899,43.768003,18.991661,18.192000,-0.500000,0.000000,-90.000057,-1,1.0,500.0,120.0,MONITORING,,,8.333333,8.333333,26.298899,26.298899,0.000000
4.150000,scenario-defined,0,3,vehicle,0,1,29.690899,50.196901,19.006666,22.810000,-0.500000,0.000000,-90.000057,-1,1.0,500.0,120.0,MONITORING,,,8.333333,8.333333,29.690899,29.690899,0.000000
4.200000,scenario-defined,0,1,vehicle,7,1,25.369575,35.123994,20.749999,14.596330,-0.500000,5.555556,-90.000057,-1,1.0,500.0,120.0,MONITORING,,,8.333333,8.333333,25.369575,25.369575,0.000000
4.200000,scenario-defined,0,2,vehicle,0,1,25.999602,44.403182,18.574995,18.192000,-0.500000,0.000000,-90.000057,-1,1.0,500.0,120.0,MONITORING,,,8.333333,8.333333,25.999602,25.999602,0.000000
4.200000,scenario-defined,0,3,vehicle,0,1,29.425910,50.820193,18.589999,22.810000,-0.500000,0.000000,-90.000057,-1,1.0,500.0,120.0,MONITORING,,,8.333333,8.333333,29.425910,29.425910,0.000000
4.250000,scenario-defined,0,1,vehicle,7,1,24.868963,35.152865,20.333333,14.318552,-0.500000,5.555556,-90.000057,-1,1.0,500.0,120.0,MONITORING,,,8.333333,8.333333,24.868963,24.868963,0.000000
4.250000,scenario-defined,0,2,vehicle,0,1,25.703575,45.053074,18.158328,18.192000,-0.500000,0.000000,-90.000057,-1,1.0,500.0,120.0,MONITORING,,,8.333333,8.333333,25.703575,25.703575,0.000000
4.250000,scenario-defined,0,3,vehicle,0,1,29.164467,51.454737,18.173333,22.810000,-0.500000,0.000000,-90.000057,-1,1.0,500.0,120.0,MONITORING,,,8.333333,8.333333,29.164467,29.164467,0.000000
4.300000,scenario-defined,0,1,vehicle,7,1,24.368359,35.182922,19.916666,14.040774,-0.500000,5.555556,-90.000057,-1,1.0,500.0,120.0,MONITORING,,,8.333333,8.333333,24.368359,24.368359,0.000000
4.300000,scenario-defined,0,2,vehicle,0,1,25.410931,45.718022,17.741661,18.192000,-0.500000,0.000000,-90.000057,-1,1.0,500.0,120.0,MONITORING,,,8.333333,8.333333,25.410931,25.410931,0.000000
4.300000,scenario-defined,0,3,vehicle,0,1,28.906665,52.100679,17.756666,22.810000,-0.500000,0.000000,-90.000057,-1,1.0,500.0,120.0,MONITORING,,,8.333333,8.333333,28.906665,28.906665,0.000000
4.350000,scenario-defined,0,1,vehicle,7,1,23.867762,35.214241,19.499999,13.762996,-0.500000,5.555556,-90.000057,-1,1.0,500.0,120.0,MONITORING,,,8.333333,8.333333,23.867762,23.867762,0.000000
4.350000,scenario-defined,0,2,vehicle,0,1,25.121790,46.398369,17.324995,18.192000,-0.500000,0.000000,-90.000057,-1,1.0,500.0,120.0,MONITORING,,,8.333333,8.333333,25.121790,25.121790,0.000000
4.350000,scenario-defined,0,3,vehicle,0,1,28.652603,52.758162,17.339999,22.810000,-0.500000,0.000000,-90.000057,-1,1.0,500.0,120.0,MONITORING,,,8.333333,8.333333,28.652603,28.652603,0.000000
4.400000,scenario-defined,0,1,vehicle,7,1,23.367171,35.246901,19.083333,13.485218,-0.500000,5.555556,-90.000057,-1,1.0,500.0,120.0,MONITORING,,,8.333333,8.333333,23.367171,23.367171,0.000000
4.400000,scenario-defined,0,2,vehicle,0,1,24.836272,47.094459,16.908328,18.192000,-0.500000,0.000000,-90.000057,-1,1.0,500.0,120.0,MONITORING,,,8.333333,8.333333,24.836272,24.836272,0.000000
4.400000,scenario-defined,0,3,vehicle,0,1,28.402382,53.427318,16.923333,22.810000,-0.500000,0.000000,-90.000057,-1,1.0,500.0,120.0,MONITORING,,,8.333333,8.333333,28.402382,28.402382,0.000000
4.450000,scenario-defined,0,1,vehicle,7,1,22.866589,35.280990,18.666666,13.207441,-0.500000,5.555556,-90.000057,1,1.0,500.0,120.0,MONITORING,,,8.333333,8.333333,22.866589,22.866589,0.000000
4.450000,scenario-defined,0,2,vehicle,0,1,24.554506,47.806632,16.491662,18.192000,-0.500000,0.000000,-90.000057,-1,1.0,500.0,120.0,MONITORING,,,8.333333,8.333333,24.554506,24.554506,0.000000
4.450000,scenario-defined,0,3,vehicle,0,1,28.156103,54.108275,16.506666,22.810000,-0.500000,0.000000,-90.000057,-1,1.0,500.0,120.0,MONITORING,,,8.333333,8.333333,28.156103,28.156103,0.000000
4.500000,scenario-defined,0,1,vehicle,7,1,22.366016,35.316606,18.250000,12.929663,-0.500000,5.555556,-90.000057,1,1.0,500.0,120.0,MONITORING,,,8.333333,8.333333,22.366016,22.366016,0.000000
4.500000,scenario-defined,0,2,vehicle,0,1,24.276621,48.535224,16.074995,18.192000,-0.500000,0.000000,-90.000057,-1,1.0,500.0,120.0,MONITORING,,,8.333333,8.333333,24.276621,24.276621,0.000000
4.500000,scenario-defined,0,3,vehicle,0,1,27.913871,54.801150,16.090000,22.810000,-0.500000,0.000000,-90.000057,-1,1.0,500.0,120.0,MONITORING,,,8.333333,8.333333,27.913871,27.913871,0.000000
4.550000,scenario-defined,0,1,vehicle,7,1,21.865451,35.353853,17.833333,12.651885,-0.500000,5.555556,-90.000057,1,1.0,500.0,120.0,MONITORING,,,8.333333,8.333333,21.865451,21.865451,0.000000
4.550000,scenario-defined,0,2,vehicle,0,1,24.002752,49.280564,15.658328,18.192000,-0.500000,0.000000,-90.000057,-1,1.0,500.0,120.0,MONITORING,,,8.333333,8.333333,24.002752,24.002752,0.000000
4.550000,scenario-defined,0,3,vehicle,0,1,27.675792,55.506050,15.673333,22.810000,-0.500000,0.000000,-90.000057,-1,1.0,500.0,120.0,MONITORING,,,8.333333,8.333333,27.675792,27.675792,0.000000
4.600000,scenario-defined,0,1,vehicle,7,1,21.364896,35.392845,17.416666,12.374107,-0.500000,5.555556,-90.000057,1,1.0,500.0,120.0,MONITORING,,,8.333333,8.333333,21.364896,21.364896,0.000000
4.600000,scenario-defined,0,2,vehicle,0,1,23.733038,50.042977,15.241662,18.192000,-0.500000,0.000000,-90.000057,-1,1.0,500.0,120.0,MONITORING,,,8.333333,8.333333,23.733038,23.733038,0.000000
4.600000,scenario-defined,0,3,vehicle,0,1,27.441974,56.223072,15.256666,22.810000,-0.500000,0.000000,-90.000057,-1,1.0,500.0,120.0,MONITORING,,,8.333333,8.333333,27.441974,27.441974,0.000000
4.650000,scenario-defined,0,1,vehicle,7,1,20.864352,35.433707,17.000000,12.096329,-0.500000,5.555556,-90.000057,1,1.0,500.0,120.0,MONITORING,,,8.333333,8.333333,20.864352,20.864352,0.000000
4.650000,scenario-defined,0,2,vehicle,0,1,23.467623,50.822777,14.824995,18.192000,-0.500000,0.000000,-90.000057,-1,1.0,500.0,120.0,MONITORING,,,8.333333,8.333333,23.467623,23.467623,0.000000
4.650000,scenario-defined,0,3,vehicle,0,1,27.212528,56.952301,14.840000,22.810000,-0.500000,0.000000,-90.000057,-1,1.0,500.0,120.0,MONITORING,,,8.333333,8.333333,27.212528,27.212528,0.000000
4.700000,scenario-defined,0,1,vehicle,7,1,20.363818,35.476579,16.583333,11.818552,-0.500000,5.555556,-90.000057,1,1.0,500.0,120.0,MONITORING,,,8.333333,8.333333,20.363818,20.363818,0.000000
4.700000,scenario-defined,0,2,vehicle,0,1,23.206654,51.620265,14.408328,18.192000,-0.500000,0.000000,-90.000057,-1,1.0,500.0,120.0,MONITORING,,,8.333333,8.333333,23.206654,23.206654,0.000000
4.700000,scenario-defined,0,3,vehicle,0,1,26.987564,57.693810,14.423333,22.810000,-0.500000,0.000000,-90.000057,-1,1.0,500.0,120.0,MONITORING,,,8.333333,8.333333,26.987564,26.987564,0.000000
4.750000,scenario-defined,0,1,vehicle,7,1,19.863297,35.521611,16.166666,11.540774,-0.500000,5.555556,-90.000057,1,1.0,500.0,120.0,MONITORING,,,8.333333,8.333333,19.863297,19.863297,0.000000
4.750000,scenario-defined,0,2,vehicle,0,1,22.950282,52.435731,13.991662,18.192000,-0.500000,0.000000,-90.000057,-1,1.0,500.0,120.0,MONITORING,,,8.333333,8.333333,22.950282,22.950282,0.000000
4.750000,scenario-defined,0,3,vehicle,0,1,26.767196,58.447656,14.006666,22.810000,-0.500000,0.000000,-90.000057,-1,1.0,500.0,120.0,MONITORING,,,8.333333,8.333333,26.767196,26.767196,0.000000
4.800000,scenario-defined,0,1,vehicle,7,1,19.362788,35.568971,15.750000,11.262996,-0.500000,5.555556,-90.000057,1,1.0,500.0,120.0,MONITORING,,,8.333333,8.333333,19.362788,19.362788,0.000000
4.800000,scenario-defined,0,2,vehicle,0,1,22.698664,53.269448,13.574995,18.192000,-0.500000,0.000000,-90.000057,-1,1.0,500.0,120.0,MONITORING,,,8.333333,8.333333,22.698664,22.698664,0.000000
4.800000,scenario-defined,0,3,vehicle,0,1,26.551538,59.213882,13.590000,22.810000,-0.500000,0.000000,-90.000057,-1,1.0,500.0,120.0,MONITORING,,,8.333333,8.333333,26.551538,26.551538,0.000000
4.850000,scenario-defined,0,1,vehicle,7,1,18.862294,35.618845,15.333333,10.985218,-0.500000,5.555556,-90.000057,1,1.0,500.0,120.0,MONITORING,,,8.333333,8.333333,18.862294,18.862294,0.000000
4.850000,scenario-defined,0,2,vehicle,0,1,22.451959,54.121671,13.158328,18.192000,-0.500000,0.000000,-90.000057,-1,1.0,500.0,120.0,MONITORING,,,8.333333,8.333333,22.451959,22.451959,0.000000
4.850000,scenario-defined,0,3,vehicle,0,1,26.340706,59.992515,13.173333,22.810000,-0.500000,0.000000,-90.000057,-1,1.0,500.0,120.0,MONITORING,,,8.333333,8.333333,26.340706,26.340706,0.000000
4.900000,scenario-defined,0,1,vehicle,7,1,18.361814,35.671437,14.916666,10.707440,-0.500000,5.555556,-90.000057,1,1.0,500.0,120.0,MONITORING,,,8.333333,8.333333,18.361814,18.361814,0.000000
4.900000,scenario-defined,0,2,vehicle,0,1,22.210331,54.992633,12.741662,18.192000,-0.500000,0.000000,-90.000057,-1,1.0,500.0,120.0,MONITORING,,,8.333333,8.333333,22.210331,22.210331,0.000000
4.900000,scenario-defined,0,3,vehicle,0,0,26.134817,60.783565,12.756666,22.810000,-0.500000,0.000000,-90.000057,-1,1.0,500.0,120.0,MONITORING,,,8.333333,8.333333,26.134817,26.134817,0.000000
4.950000,scenario-defined,0,1,vehicle,7,1,17.861351,35.726977,14.500000,10.429663,-0.500000,5.555556,-90.000057,1,1.0,500.0,120.0,MONITORING,,,8.333333,8.333333,17.861351,17.861351,0.000000
4.950000,scenario-defined,0,2,vehicle,0,1,21.973947,55.882543,12.324995,18.192000,-0.500000,0.000000,-90.000057,-1,1.0,500.0,120.0,MONITORING,,,8.333333,8.333333,21.973947,21.973947,0.000000
4.950000,scenario-defined,0,3,vehicle,0,0,25.933987,61.587021,12.340000,22.810000,-0.500000,0.000000,-90.000057,-1,1.0,500.0,120.0,MONITORING,,,8.333333,8.333333,25.933987,25.933987,0.000000
5.000000,scenario-defined,0,1,vehicle,7,1,17.360905,35.785719,14.083333,10.151885,-0.500000,5.555556,-90.000057,1,1.0,500.0,120.0,MONITORING,,,8.333333,8.333333,17.360905,17.360905,0.000000
5.000000,scenario-defined,0,2,vehicle,0,1,21.742979,56.791583,11.908328,18.192000,-0.500000,0.000000,-90.000057,-1,1.0,500.0,120.0,MONITORING,,,8.333333,8.333333,21.742979,21.742979,0.000000
5.000000,scenario-defined,0,3,vehicle,0,0,25.738337,62.402854,11.923333,22.810000,-0.500000,0.000000,-90.000057,-1,1.0,500.0,120.0,MONITORING,,,8.333333,8.333333,25.738337,25.738337,0.000000
5.050000,scenario-defined,0,1,vehicle,7,1,16.860479,35.847947,13.666666,9.874107,-0.500000,5.555556,-90.000057,1,1.0,500.0,120.0,MONITORING,,,8.333333,8.333333,16.860479,16.860479,0.000000
5.050000,scenario-defined,0,2,vehicle,0,1,21.517601,57.719904,11.491662,18.192000,-0.500000,0.000000,-90.000057,-1,1.0,500.0,120.0,MONITORING,,,8.333333,8.333333,21.517601,21.517601,0.000000
5.050000,scenario-defined,0,3,vehicle,0,0,25.547984,63.231015,11.506666,22.810000,-0.500000,0.000000,-90.000057,-1,1.0,500.0,120.0,MONITORING,,,8.333333,8.333333,25.547984,25.547984,0.000000
5.100000,scenario-defined,0,1,vehicle,7,1,16.360074,35.913983,13.250000,9.596329,-0.500000,5.555556,-90.000057,1,1.0,500.0,120.0,MONITORING,,,8.333333,8.333333,16.360074,16.360074,0.000000
5.100000,scenario-defined,0,2,vehicle,0,1,21.297990,58.667622,11.074995,18.192000,-0.500000,0.000000,-90.000057,-1,1.0,500.0,120.0,MONITORING,,,8.333333,8.333333,21.297990,21.297990,0.000000
5.100000,scenario-defined,0,3,vehicle,0,0,25.363048,64.071431,11.090000,22.810000,-0.500000,0.000000,-90.000057,-1,1.0,500.0,120.0,MONITORING,,,8.333333,8.333333,25.363048,25.363048,0.000000
5.150000,scenario-defined,0,1,vehicle,7,1,15.859692,35.984185,12.833333,9.318551,-0.500000,5.555556,-90.000057,1,1.0,500.0,120.0,MONITORING,,,8.333333,8.333333,15.859692,15.859692,0.000000
5.150000,scenario-defined,0,2,vehicle,0,1,21.084327,59.634817,10.658328,18.192000,-0.500000,0.000000,-90.000057,-1,1.0,500.0,120.0,MONITORING,,,8.333333,8.333333,21.084327,21.084327,0.000000
5.150000,scenario-defined,0,3,vehicle,0,0,25.183648,64.924006,10.673333,22.810000,-0.500000,0.000000,-90.000057,-1,1.0,500.0,120.0,MONITORING,,,8.333333,8.333333,25.183648,25.183648,0.000000
5.200000,scenario-defined,0,1,vehicle,7,1,15.359336,36.058962,12.416666,9.040774,-0.500000,5.555556,-90.000057,1,1.0,500.0,120.0,MONITORING,,,8.333333,8.333333,15.359336,15.359336,0.000000
5.200000,scenario-defined,0,2,vehicle,0,0,20.876793,60.621527,10.241662,18.192000,-0.500000,0.000000,-90.000057,-1,1.0,500.0,120.0,MONITORING,,,8.333333,8.333333,20.876793,20.876793,0.000000
5.200000,scenario-defined,0,3,vehicle,0,0,25.009904,65.788620,10.256666,22.810000,-0.500000,0.000000,-90.000057,-1,1.0,500.0,120.0,MONITORING,,,8.333333,8.333333,25.009904,25.009904,0.000000
5.250000,scenario-defined,0,1,vehicle,7,1,14.859007,36.138775,12.000000,8.762996,-0.500000,5.555556,-90.000057,1,1.0,500.0,120.0,MONITORING,,,8.333333,8.333333,14.859007,14.859007,0.000000
5.250000,scenario-defined,0,2,vehicle,0,0,20.675575,61.627747,9.824995,18.192000,-0.500000,0.000000,-90.000057,-1,1.0,500.0,120.0,MONITORING,,,8.333333,8.333333,20.675575,20.675575,0.000000
5.250000,scenario-defined,0,3,vehicle,0,0,24.841934,66.665129,9.840000,22.810000,-0.500000,0.000000,-90.000057,-1,1.0,500.0,120.0,MONITORING,,,8.333333,8.333333,24.841934,24.841934,0.000000
5.300000,scenario-defined,0,1,vehicle,7,1,14.358709,36.224149,11.583333,8.485218,-0.500000,5.555556,-90.000057,1,1.0,500.0,120.0,MONITORING,,,8.333333,8.333333,14.358709,14.358709,0.000000
5.300000,scenario-defined,0,2,vehicle,0,0,20.480857,62.653421,9.408328,18.192000,-0.500000,0.000000,-90.000057,-1,1.0,500.0,120.0,MONITORING,,,8.333333,8.333333,20.480857,20.480857,0.000000
5.300000,scenario-defined,0,3,vehicle,0,0,24.679856,67.553360,9.423333,22.810000,-0.500000,0.000000,-90.000057,-1,1.0,500.0,120.0,MONITORING,,,8.333333,8.333333,24.679856,24.679856,0.000000
5.350000,scenario-defined,0,1,vehicle,7,1,13.858446,36.315687,11.166666,8.207440,-0.500000,5.555556,-90.000057,1,1.0,500.0,120.0,MONITORING,,,8.333333,8.333333,13.858446,13.858446,0.000000
5.350000,scenario-defined,0,2,vehicle,0,0,20.292827,63.698442,8.991662,18.192000,-0.500000,0.000000,-90.000057,-1,1.0,500.0,120.0,MONITORING,,,8.333333,8.333333,20.292827,20.292827,0.000000
5.350000,scenario-defined,0,3,vehicle,0,0,24.523787,68.453115,9.006666,22.810000,-0.500000,0.000000,-90.000057,-1,1.0,500.0,120.0,MONITORING,,,8.333333,8.333333,24.523787,24.523787,0.000000
5.400000,scenario-defined,0,1,vehicle,7,1,13.358220,36.414082,10.750000,7.929662,-0.500000,5.555556,-90.000057,1,1.0,500.0,120.0,MONITORING,,,8.333333,8.333333,13.358220,13.358220,0.000000
5.400000,scenario-defined,0,2,vehicle,0,0,20.111673,64.762649,8.574995,18.192000,-0.500000,0.000000,-90.000057,-1,1.0,500.0,120.0,MONITORING,,,8.333333,8.333333,20.111673,20.111673,0.000000
5.400000,scenario-defined,0,3,vehicle,0,0,24.373842,69.364168,8.590000,22.810000,-0.500000,0.000000,-90.000057,-1,1.0,500.0,120.0,MONITORING,,,8.333333,8.333333,24.373842,24.373842,0.000000
5.450000,scenario-defined,0,1,vehicle,7,1,12.858037,36.520132,10.333333,7.651885,-0.500000,5.555556,-90.000057,1,1.0,500.0,120.0,MONITORING,,,8.333333,8.333333,12.858037,12.858037,0.000000
5.450000,scenario-defined,0,2,vehicle,0,0,19.937582,65.845820,8.158329,18.192000,-0.500000,0.000000,-90.000057,-1,1.0,500.0,120.0,MONITORING,,,8.333333,8.333333,19.937582,19.937582,0.000000
5.450000,scenario-defined,0,3,vehicle,0,0,24.230136,70.286262,8.173333,22.810000,-0.500000,0.000000,-90.000057,-1,1.0,500.0,120.0,MONITORING,,,8.333333,8.333333,24.230136,24.230136,0.000000
5.500000,scenario-defined,0,1,vehicle,7,1,12.357901,36.634766,9.916667,7.374107,-0.500000,5.555556,-90.000057,1,1.0,500.0,120.0,MONITORING,,,8.333333,8.333333,12.357901,12.357901,0.000000
5.500000,scenario-defined,0,2,vehicle,0,0,19.770741,66.947672,7.741662,18.192000,-0.500000,0.000000,-90.000057,-1,1.0,500.0,120.0,MONITORING,,,8.333333,8.333333,19.770741,19.770741,0.000000
5.500000,scenario-defined,0,3,vehicle,0,0,24.092778,71.219115,7.756667,22.810000,-0.500000,0.000000,-90.000057,-1,1.0,500.0,120.0,MONITORING,,,8.333333,8.333333,24.092778,24.092778,0.000000
5.550000,scenario-defined,0,1,vehicle,7,1,11.857819,36.759069,9.500000,7.096329,-0.500000,5.555556,-90.000057,1,1.0,500.0,120.0,MONITORING,,,8.333333,8.333333,11.857819,11.857819,0.000000
5.550000,scenario-defined,0,2,vehicle,0,0,19.611334,68.067856,7.324995,18.192000,-0.500000,0.000000,-90.000057,-1,1.0,500.0,120.0,MONITORING,,,8.333333,8.333333,19.611334,19.611334,0.000000
5.550000,scenario-defined,0,3,vehicle,0,0,23.961880,72.162412,7.340000,22.810000,-0.500000,0.000000,-90.000057,-1,1.0,500.0,120.0,MONITORING,,,8.333333,8.333333,23.961880,23.961880,0.000000
5.600000,scenario-defined,0,1,vehicle,7,1,11.357798,36.894319,9.083333,6.818551,-0.500000,5.555556,-90.000057,1,1.0,500.0,120.0,MONITORING,,,8.333333,8.333333,11.357798,11.357798,0.000000
5.600000,scenario-defined,0,2,vehicle,0,0,19.459544,69.205956,6.908329,18.192000,-0.500000,0.000000,-90.000057,-1,1.0,500.0,120.0,MONITORING,,,8.333333,8.333333,19.459544,19.459544,0.000000
5.600000,scenario-defined,0,3,vehicle,0,0,23.837547,73.115810,6.923333,22.810000,-0.500000,0.000000,-90.000057,-1,1.0,500.0,120.0,MONITORING,,,8.333333,8.333333,23.837547,23.837547,0.000000
5.650000,scenario-defined,0,1,vehicle,7,1,10.857846,37.042024,8.666667,6.540773,-0.500000,5.555556,-90.000057,1,1.0,500.0,120.0,MONITORING,,,8.333333,8.333333,10.857846,10.857846,0.000000
5.650000,scenario-defined,0,2,vehicle,0,0,19.315552,70.361487,6.491662,18.192000,-0.500000,0.000000,-90.000057,-1,1.0,500.0,120.0,MONITORING,,,8.333333,8.333333,19.315552,19.315552,0.000000
5.650000,scenario-defined,0,3,vehicle,0,0,23.719882,74.078936,6.506667,22.810000,-0.500000,0.000000,-90.000057,-1,1.0,500.0,120.0,MONITORING,,,8.333333,8.333333,23.719882,23.719882,0.000000
5.700000,scenario-defined,0,1,vehicle,7,1,10.357973,37.203986,8.250000,6.262996,-0.500000,5.555556,-90.000057,1,1.0,500.0,120.0,MONITORING,,,8.333333,8.333333,10.357973,10.357973,0.000000
5.700000,scenario-defined,0,2,vehicle,0,0,19.179532,71.533890,6.074995,18.192000,-0.500000,0.000000,-90.000057,-1,1.0,500.0,120.0,MONITORING,,,8.333333,8.333333,19.179532,19.179532,0.000000
5.700000,scenario-defined,0,3,vehicle,0,0,23.608986,75.051387,6.090000,22.810000,-0.500000,0.000000,-90.000057,-1,1.0,500.0,120.0,MONITORING,,,8.333333,8.333333,23.608986,23.608986,0.000000
5.750000,scenario-defined,0,1,vehicle,7,1,9.858192,37.382373,7.833333,5.985218,-0.500000,5.555556,-90.000057,1,1.0,500.0,120.0,MONITORING,,,8.333333,8.333333,9.858192,9.858192,0.000000
5.750000,scenario-defined,0,2,vehicle,0,0,19.051655,72.722535,5.658329,18.192000,-0.500000,0.000000,-90.000057,-1,1.0,500.0,120.0,MONITORING,,,8.333333,8.333333,19.051655,19.051655,0.000000
5.750000,scenario-defined,0,3,vehicle,0,0,23.504953,76.032731,5.673333,22.810000,-0.500000,0.000000,-90.000057,-1,1.0,500.0,120.0,MONITORING,,,8.333333,8.333333,23.504953,23.504953,0.000000
5.800000,scenario-defined,0,1,vehicle,7,1,9.358516,37.579810,7.416667,5.707440,-0.500000,5.555556,-90.000057,1,1.0,500.0,120.0,MONITORING,,,8.333333,8.333333,9.358516,9.358516,0.000000
5.800000,scenario-defined,0,2,vehicle,0,0,18.932086,73.926719,5.241662,18.192000,-0.500000,0.000000,-90.000057,-1,1.0,500.0,120.0,MONITORING,,,8.333333,8.333333,18.932086,18.932086,0.000000
5.800000,scenario-defined,0,3,vehicle,0,0,23.407876,77.022507,5.256667,22.810000,-0.500000,0.000000,-90.000057,-1,1.0,500.0,120.0,MONITORING,,,8.333333,8.333333,23.407876,23.407876,0.000000
5.850000,scenario-defined,0,1,vehicle,7,1,8.858963,37.799517,7.000000,5.429662,-0.500000,5.555556,-90.000057,1,1.0,500.0,120.0,MONITORING,,,8.333333,8.333333,8.858963,8.858963,0.000000
5.850000,scenario-defined,0,2,vehicle,0,0,18.820984,75.145663,4.824995,18.192000,-0.500000,0.000000,-90.000057,-1,1.0,500.0,120.0,MONITORING,,,8.333333,8.333333,18.820984,18.820984,0.000000
5.850000,scenario-defined,0,3,vehicle,0,0,23.317841,78.020226,4.840000,22.810000,-0.500000,0.000000,-90.000057,-1,1.0,500.0,120.0,MONITORING,,,8.333333,8.333333,23.317841,23.317841,0.000000
5.900000,scenario-defined,0,1,vehicle,7,1,8.359557,38.045480,6.583333,5.151884,-0.500000,5.555556,-90.000057,1,1.0,500.0,120.0,MONITORING,,,8.333333,8.333333,8.359557,8.359557,0.000000
5.900000,scenario-defined,0,2,vehicle,0,0,18.718500,76.378518,4.408329,18.192000,-0.500000,0.000000,-90.000057,-1,1.0,500.0,120.0,MONITORING,,,8.333333,8.333333,18.718500,18.718500,0.000000
5.900000,scenario-defined,0,3,vehicle,0,0,23.234930,79.025372,4.423333,22.810000,-0.500000,0.000000,-90.000057,-1,1.0,500.0,120.0,MONITORING,,,8.333333,8.333333,23.234930,23.234930,0.000000
5.950000,scenario-defined,0,1,vehicle,7,1,7.860324,38.322691,6.166667,4.874107,-0.500000,5.555556,-90.000057,1,1.0,500.0,120.0,MONITORING,,,8.333333,8.333333,7.860324,7.860324,0.000000
5.950000,scenario-defined,0,2,vehicle,0,0,18.624775,77.624363,3.991662,18.192000,-0.500000,0.000000,-90.000057,-1,1.0,500.0,120.0,MONITORING,,,8.333333,8.333333,18.624775,18.624775,0.000000
5.950000,scenario-defined,0,3,vehicle,0,0,23.159220,80.037403,4.006667,22.810000,-0.500000,0.000000,-90.000057,-1,1.0,500.0,120.0,MONITORING,,,8.333333,8.333333,23.159220,23.159220,0.000000
6.000000,scenario-defined,0,1,vehicle,7,1,7.361300,38.637495,5.750000,4.596329,-0.500000,5.555556,-90.000057,1,1.0,500.0,120.0,MONITORING,,,8.333333,8.333333,7.361300,7.361300,0.000000
6.000000,scenario-defined,0,2,vehicle,0,0,18.539942,78.882208,3.574995,18.192000,-0.500000,0.000000,-90.000057,-1,1.0,500.0,120.0,MONITORING,,,8.333333,8.333333,18.539942,18.539942,0.000000
6.000000,scenario-defined,0,3,vehicle,0,0,23.090782,81.055753,3.590000,22.810000,-0.500000,0.000000,-90.000057,-1,1.0,500.0,120.0,MONITORING,,,8.333333,8.333333,23.090782,23.090782,0.000000
6.050000,scenario-defined,0,1,vehicle,7,1,6.862531,38.998071,5.333333,4.318551,-0.500000,5.555556,-90.000057,1,1.0,500.0,120.0,MONITORING,,,8.333333,8.333333,6.862531,6.862531,0.000000
6.050000,scenario-defined,0,2,vehicle,0,0,18.464125,80.151000,3.158329,18.192000,-0.500000,0.000000,-90.000057,-1,1.0,500.0,120.0,MONITORING,,,8.333333,8.333333,18.464125,18.464125,0.000000
6.050000,scenario-defined,0,3,vehicle,0,0,23.029680,82.079831,3.173333,22.810000,-0.500000,0.000000,-90.000057,-1,1.0,500.0,120.0,MONITORING,,,8.333333,8.333333,23.029680,23.029680,0.000000
6.100000,scenario-defined,0,1,vehicle,7,1,6.364076,39.415149,4.916667,4.040773,-0.500000,5.555556,-90.000057,1,1.0,500.0,120.0,MONITORING,,,8.333333,8.333333,6.364076,6.364076,0.000000
6.100000,scenario-defined,0,2,vehicle,0,0,18.397434,81.429621,2.741662,18.192000,-0.500000,0.000000,-90.000057,-1,1.0,500.0,120.0,MONITORING,,,8.333333,8.333333,18.397434,18.397434,0.000000
6.100000,scenario-defined,0,3,vehicle,0,0,22.975972,83.109028,2.756667,22.810000,-0.500000,0.000000,-90.000057,-1,1.0,500.0,120.0,MONITORING,,,8.333333,8.333333,22.975972,22.975972,0.000000
6.150000,scenario-defined,0,1,vehicle,7,1,5.866015,39.903082,4.500000,3.762995,-0.500000,5.555556,-90.000057,1,1.0,500.0,120.0,BRAKING,1,0.703921,8.333333,7.933333,5.866015,5.866015,0.000000
6.150000,scenario-defined,0,2,vehicle,0,0,18.339969,82.716899,2.324995,18.192000,-0.500000,0.000000,-90.000057,-1,1.0,500.0,120.0,BRAKING,1,0.703921,8.333333,7.933333,18.339969,18.339969,0.000000
6.150000,scenario-defined,0,3,vehicle,0,0,22.929712,84.142712,2.340000,22.810000,-0.500000,0.000000,-90.000057,-1,1.0,500.0,120.0,BRAKING,1,0.703921,8.333333,7.933333,22.929712,22.929712,0.000000
6.200000,scenario-defined,0,1,vehicle,7,1,5.383687,40.343325,4.103333,3.485218,-0.500000,5.555556,-90.000057,1,1.0,500.0,120.0,BRAKING,1,0.678616,7.933333,7.533333,5.383687,5.383687,0.000000
6.200000,scenario-defined,0,2,vehicle,0,0,18.293915,83.949314,1.928329,18.192000,-0.500000,0.000000,-90.000057,-1,1.0,500.0,120.0,BRAKING,1,0.678616,7.933333,7.533333,18.293915,18.293915,0.000000
6.200000,scenario-defined,0,3,vehicle,0,0,22.892633,85.130356,1.943333,22.810000,-0.500000,0.000000,-90.000057,-1,1.0,500.0,120.0,BRAKING,1,0.678616,7.933333,7.533333,22.892633,22.892633,0.000000
6.250000,scenario-defined,0,1,vehicle,7,1,4.916881,40.717674,3.726667,3.207440,-0.500000,5.555556,-90.000057,1,1.0,500.0,120.0,BRAKING,1,0.652683,7.533333,7.133333,4.916881,4.916881,0.000000
6.250000,scenario-defined,0,2,vehicle,0,0,18.258054,85.124833,1.551662,18.192000,-0.500000,0.000000,-90.000057,-1,1.0,500.0,120.0,BRAKING,1,0.652683,7.533333,7.133333,18.258054,18.258054,0.000000
6.250000,scenario-defined,0,3,vehicle,0,0,22.863739,86.070906,1.566667,22.810000,-0.500000,0.000000,-90.000057,-1,1.0,500.0,120.0,BRAKING,1,0.652683,7.533333,7.133333,22.863739,22.863739,0.000000
6.300000,scenario-defined,0,1,vehicle,7,1,4.465403,41.001603,3.370000,2.929662,-0.500000,5.555556,-90.000057,1,1.0,500.0,120.0,BRAKING,1,0.625991,7.133333,6.733333,4.465403,4.465403,0.000000
6.300000,scenario-defined,0,2,vehicle,0,0,18.231206,86.241756,1.194995,18.192000,-0.500000,0.000000,-90.000057,-1,1.0,500.0,120.0,BRAKING,1,0.625991,7.133333,6.733333,18.231206,18.231206,0.000000
6.300000,scenario-defined,0,3,vehicle,0,0,22.842071,86.963482,1.210000,22.810000,-0.500000,0.000000,-90.000057,-1,1.0,500.0,120.0,BRAKING,1,0.625991,7.133333,6.733333,22.842071,22.842071,0.000000
6.350000,scenario-defined,0,1,vehicle,7,1,4.029094,41.161496,3.033333,2.651884,-0.500000,5.555556,-90.000057,1,1.0,500.0,120.0,BRAKING,1,0.598380,6.733333,6.333333,4.029094,4.029094,0.000000
6.350000,scenario-defined,0,2,vehicle,0,0,18.212237,87.298693,0.858329,18.192000,-0.500000,0.000000,-90.000057,-1,1.0,500.0,120.0,BRAKING,1,0.598380,6.733333,6.333333,18.212237,18.212237,0.000000
6.350000,scenario-defined,0,3,vehicle,0,0,22.826713,87.807370,0.873333,22.810000,-0.500000,0.000000,-90.000057,-1,1.0,500.0,120.0,BRAKING,1,0.598380,6.733333,6.333333,22.826713,22.826713,0.000000
6.400000,scenario-defined,0,1,vehicle,7,1,3.607861,41.150344,2.716667,2.374106,-0.500000,5.555556,-90.000057,1,1.0,500.0,120.0,BRAKING,1,0.569662,6.333333,5.933333,3.607861,3.607861,0.000000
6.400000,scenario-defined,0,2,vehicle,0,0,18.200062,88.294537,0.541662,18.192000,-0.500000,0.000000,-90.000057,-1,1.0,500.0,120.0,BRAKING,1,0.569662,6.333333,5.933333,18.200062,18.200062,0.000000
6.400000,scenario-defined,0,3,vehicle,0,0,22.816792,88.602002,0.556667,22.810000,-0.500000,0.000000,-90.000057,-1,1.0,500.0,120.0,BRAKING,1,0.569662,6.333333,5.933333,22.816792,22.816792,0.000000
6.450000,scenario-defined,0,1,vehicle,7,1,3.201717,40.900793,2.420000,2.096329,-0.500000,5.555556,-90.000057,1,1.0,500.0,120.0,BRAKING,1,0.539615,5.933333,5.533333,3.201717,3.201717,0.000000
6.450000,scenario-defined,0,2,vehicle,0,0,18.193650,89.228432,0.244996,18.192000,-0.500000,0.000000,-90.000057,-1,1.0,500.0,120.0,BRAKING,1,0.539615,5.933333,5.533333,18.193650,18.193650,0.000000
6.450000,scenario-defined,0,3,vehicle,0,0,22.811482,89.346941,0.260000,22.810000,-0.500000,0.000000,-90.000057,-1,1.0,500.0,120.0,BRAKING,1,0.539615,5.933333,5.533333,22.811482,22.811482,0.000000
6.500000,scenario-defined,0,1,vehicle,7,1,2.810873,40.313552,2.143334,1.818551,-0.500000,5.555556,-90.000057,1,1.0,500.0,120.0,BRAKING,1,0.507989,5.533333,5.133333,2.810873,2.810873,0.000000
6.500000,scenario-defined,0,2,vehicle,0,0,18.192028,90.099748,-0.031671,18.192000,-0.500000,0.000000,-90.000057,-1,1.0,500.0,120.0,BRAKING,1,0.507989,5.533333,5.133333,18.192028,18.192028,0.000000
6.500000,scenario-defined,0,3,vehicle,0,0,22.810006,90.041864,-0.016666,22.810000,-0.500000,0.000000,-90.000057,-1,1.0,500.0,120.0,BRAKING,1,0.507989,5.533333,5.133333,22.810006,22.810006,0.000000
6.550000,scenario-defined,0,1,vehicle,7,1,2.435876,39.237276,1.886667,1.540773,-0.500000,5.555556,-90.000057,1,1.0,500.0,120.0,BRAKING,1,0.474521,5.133333,4.733333,2.435876,2.435876,0.000000
6.550000,scenario-defined,0,2,vehicle,0,0,18.194285,90.908045,-0.288338,18.192000,-0.500000,0.000000,-90.000057,-1,1.0,500.0,120.0,BRAKING,1,0.474521,5.133333,4.733333,18.194285,18.194285,0.000000
6.550000,scenario-defined,0,3,vehicle,0,0,22.811638,90.686545,-0.273333,22.810000,-0.500000,0.000000,-90.000057,-1,1.0,500.0,120.0,BRAKING,1,0.474521,5.133333,4.733333,22.811638,22.811638,0.000000
6.600000,scenario-defined,0,1,vehicle,7,1,2.077897,37.432304,1.650000,1.262995,-0.500000,5.555556,-90.000057,1,1.0,500.0,120.0,BRAKING,1,0.438992,4.733333,4.333333,2.077897,2.077897,0.000000
6.600000,scenario-defined,0,2,vehicle,0,0,18.199574,91.653045,-0.525004,18.192000,-0.500000,0.000000,-90.000057,-1,1.0,500.0,120.0,BRAKING,1,0.438992,4.733333,4.333333,18.199574,18.199574,0.000000
6.600000,scenario-defined,0,3,vehicle,0,0,22.815701,91.280840,-0.510000,22.810000,-0.500000,0.000000,-90.000057,-1,1.0,500.0,120.0,BRAKING,1,0.438992,4.733333,4.333333,22.815701,22.815701,0.000000
6.650000,scenario-defined,0,1,vehicle,7,1,1.739281,34.503107,1.433334,0.985217,-0.500000,5.555556,-90.000057,1,1.0,500.0,120.0,BRAKING,1,0.401372,4.333333,3.933333,1.739281,1.739281,0.000000
6.650000,scenario-defined,0,2,vehicle,0,0,18.207112,92.334603,-0.741671,18.192000,-0.500000,0.000000,-90.000057,-1,1.0,500.0,120.0,BRAKING,1,0.401372,4.333333,3.933333,18.207112,18.207112,0.000000
6.650000,scenario-defined,0,3,vehicle,0,0,22.821572,91.824675,-0.726666,22.810000,-0.500000,0.000000,-90.000057,-1,1.0,500.0,120.0,BRAKING,1,0.401372,4.333333,3.933333,22.821572,22.821572,0.000000
6.700000,scenario-defined,0,1,vehicle,7,1,1.424716,29.771862,1.236667,0.707440,-0.500000,5.555556,-90.000057,1,1.0,500.0,120.0,BRAKING,1,0.362215,3.933333,3.533333,1.424716,1.424716,0.000000
6.700000,scenario-defined,0,2,vehicle,0,0,18.216184,92.952682,-0.938338,18.192000,-0.500000,0.000000,-90.000057,-1,1.0,500.0,120.0,BRAKING,1,0.362215,3.933333,3.533333,18.216184,18.216184,0.000000
6.700000,scenario-defined,0,3,vehicle,0,0,22.828680,92.318028,-0.923333,22.810000,-0.500000,0.000000,-90.000057,-1,1.0,500.0,120.0,BRAKING,1,0.362215,3.933333,3.533333,22.828680,22.828680,0.000000
6.750000,scenario-defined,0,1,vehicle,7,1,1.143770,22.064737,1.060000,0.429662,-0.500000,5.555556,-90.000057,1,1.0,500.0,120.0,BRAKING,1,0.323708,3.533333,3.133333,1.143770,1.143770,0.000000
6.750000,scenario-defined,0,2,vehicle,0,0,18.226138,93.507323,-1.115004,18.192000,-0.500000,0.000000,-90.000057,-1,1.0,500.0,120.0,BRAKING,1,0.323708,3.533333,3.133333,18.226138,18.226138,0.000000
6.750000,scenario-defined,0,3,vehicle,0,0,22.836508,92.760919,-1.100000,22.810000,-0.500000,0.000000,-90.000057,-1,1.0,500.0,120.0,BRAKING,1,0.323708,3.533333,3.133333,22.836508,22.836508,0.000000
6.800000,scenario-defined,0,1,vehicle,7,0,0.916013,9.544276,0.903334,0.151884,-0.500000,5.555556,-90.000057,1,1.0,500.0,120.0,MONITORING,,,3.133333,3.133333,0.916013,0.916013,0.000000
6.800000,scenario-defined,0,2,vehicle,0,0,18.236393,93.998629,-1.271671,18.192000,-0.500000,0.000000,-90.000057,-1,1.0,500.0,120.0,MONITORING,,,3.133333,3.133333,18.236393,18.236393,0.000000
6.800000,scenario-defined,0,3,vehicle,0,0,22.844590,93.153396,-1.256666,22.810000,-0.500000,0.000000,-90.000057,-1,1.0,500.0,120.0,MONITORING,,,3.133333,3.133333,22.844590,22.844590,0.000000
6.850000,scenario-defined,0,1,vehicle,7,0,0.757206,-9.570502,0.746667,-0.125894,-0.500000,5.555556,-90.000057,1,1.0,500.0,120.0,MONITORING,,,3.133333,3.133333,0.757206,0.757206,0.000000
6.850000,scenario-defined,0,2,vehicle,0,0,18.247987,94.489346,-1.428338,18.192000,-0.500000,0.000000,-90.000057,-1,1.0,500.0,120.0,MONITORING,,,3.133333,3.133333,18.247987,18.247987,0.000000
6.850000,scenario-defined,0,3,vehicle,0,0,22.853744,93.545578,-1.413333,22.810000,-0.500000,0.000000,-90.000057,-1,1.0,500.0,120.0,MONITORING,,,3.133333,3.133333,22.853744,22.853744,0.000000
6.900000,scenario-defined,0,1,vehicle,7,0,0.714878,-34.379503,0.590000,-0.403672,-0.500000,5.555556,-90.000057,1,1.0,500.0,120.0,MONITORING,,,3.133333,3.133333,0.714878,0.714878,0.000000
6.900000,scenario-defined,0,2,vehicle,0,0,18.260917,94.979403,-1.585004,18.192000,-0.500000,0.000000,-90.000057,-1,1.0,500.0,120.0,MONITORING,,,3.133333,3.133333,18.260917,18.260917,0.000000
6.900000,scenario-defined,0,3,vehicle,0,0,22.863967,93.937427,-1.570000,22.810000,-0.500000,0.000000,-90.000057,-1,1.0,500.0,120.0,MONITORING,,,3.133333,3.133333,22.863967,22.863967,0.000000
6.950000,scenario-defined,0,1,vehicle,7,0,0.807559,-57.547724,0.433334,-0.681449,-0.500000,5.555556,-90.000057,1,1.0,500.0,120.0,MONITORING,,,3.133333,3.133333,0.807559,0.807559,0.000000
6.950000,scenario-defined,0,2,vehicle,0,0,18.275182,95.468732,-1.741671,18.192000,-0.500000,0.000000,-90.000057,-1,1.0,500.0,120.0,MONITORING,,,3.133333,3.133333,18.275182,18.275182,0.000000
6.950000,scenario-defined,0,3,vehicle,0,0,22.875259,94.328907,-1.726666,22.810000,-0.500000,0.000000,-90.000057,-1,1.0,500.0,120.0,MONITORING,,,3.133333,3.133333,22.875259,22.875259,0.000000
7.000000,scenario-defined,0,1,vehicle,7,0,0.998329,-73.911013,0.276667,-0.959227,-0.500000,5.555556,-90.000057,1,1.0,500.0,120.0,MONITORING,,,3.133333,3.133333,0.998329,0.998329,0.000000
7.000000,scenario-defined,0,2,vehicle,0,0,18.290778,95.957262,-1.898338,18.192000,-0.500000,0.000000,-90.000057,-1,1.0,500.0,120.0,MONITORING,,,3.133333,3.133333,18.290778,18.290778,0.000000
7.000000,scenario-defined,0,3,vehicle,0,0,22.887618,94.719984,-1.883333,22.810000,-0.500000,0.000000,-90.000057,-1,1.0,500.0,120.0,MONITORING,,,3.133333,3.133333,22.887618,22.887618,0.000000
7.050000,scenario-defined,0,1,vehicle,7,0,1.242812,-84.459144,0.120000,-1.237005,-0.500000,5.555556,-90.000057,1,1.0,500.0,120.0,MONITORING,,,3.133333,3.133333,1.242812,1.242812,0.000000
7.050000,scenario-defined,0,2,vehicle,0,0,18.307701,96.444924,-2.055004,18.192000,-0.500000,0.000000,-90.000057,-1,1.0,500.0,120.0,MONITORING,,,3.133333,3.133333,18.307701,18.307701,0.000000
7.050000,scenario-defined,0,3,vehicle,0,0,22.901041,95.110619,-2.040000,22.810000,-0.500000,0.000000,-90.000057,-1,1.0,500.0,120.0,MONITORING,,,3.133333,3.133333,22.901041,22.901041,0.000000
7.100000,scenario-defined,0,1,vehicle,7,0,1.515227,-91.386611,-0.036666,-1.514783,-0.500000,5.555556,-90.000057,1,1.0,500.0,120.0,MONITORING,,,3.133333,3.133333,1.515227,1.515227,0.000000
7.100000,scenario-defined,0,2,vehicle,0,0,18.325948,96.931650,-2.211671,18.192000,-0.500000,0.000000,-90.000057,-1,1.0,500.0,120.0,MONITORING,,,3.133333,3.133333,18.325948,18.325948,0.000000
7.100000,scenario-defined,0,3,vehicle,0,0,22.915528,95.500779,-2.196666,22.810000,-0.500000,0.000000,-90.000057,-1,1.0,500.0,120.0,MONITORING,,,3.133333,3.133333,22.915528,22.915528,0.000000
7.150000,scenario-defined,0,1,vehicle,7,0,1.802956,-96.155724,-0.193333,-1.792561,-0.500000,5.555556,-90.000057,1,1.0,500.0,120.0,MONITORING,,,3.133333,3.133333,1.802956,1.802956,0.000000
7.150000,scenario-defined,0,2,vehicle,0,0,18.345514,97.417373,-2.368338,18.192000,-0.500000,0.000000,-90.000057,-1,1.0,500.0,120.0,MONITORING,,,3.133333,3.133333,18.345514,18.345514,0.000000
7.150000,scenario-defined,0,3,vehicle,0,0,22.931077,95.890428,-2.353333,22.810000,-0.500000,0.000000,-90.000057,-1,1.0,500.0,120.0,MONITORING,,,3.133333,3.133333,22.931077,22.931077,0.000000
7.200000,scenario-defined,0,1,vehicle,7,0,2.099715,-99.595374,-0.350000,-2.070338,-0.500000,5.555556,-90.000057,1,1.0,500.0,120.0,MONITORING,,,3.133333,3.133333,2.099715,2.099715,0.000000
7.200000,scenario-defined,0,2,vehicle,0,0,18.366396,97.902026,-2.525004,18.192000,-0.500000,0.000000,-90.000057,-1,1.0,500.0,120.0,MONITORING,,,3.133333,3.133333,18.366396,18.366396,0.000000
7.200000,scenario-defined,0,3,vehicle,0,0,22.947684,96.279531,-2.510000,22.810000,-0.500000,0.000000,-90.000057,-1,1.0,500.0,120.0,MONITORING,,,3.133333,3.133333,22.947684,22.947684,0.000000
7.250000,scenario-defined,0,1,vehicle,7,0,2.402158,-102.176350,-0.506666,-2.348116,-0.500000,5.555556,-90.000057,1,1.0,500.0,120.0,MONITORING,,,3.133333,3.133333,2.402158,2.402158,0.000000
7.250000,scenario-defined,0,2,vehicle,0,0,18.388589,98.385544,-2.681671,18.192000,-0.500000,0.000000,-90.000057,-1,1.0,500.0,120.0,MONITORING,,,3.133333,3.133333,18.388589,18.388589,0.000000
7.250000,scenario-defined,0,3,vehicle,0,0,22.965348,96.668053,-2.666666,22.810000,-0.500000,0.000000,-90.000057,-1,1.0,500.0,120.0,MONITORING,,,3.133333,3.133333,22.965348,22.965348,0.000000
7.300000,scenario-defined,0,1,vehicle,7,0,2.708381,-104.177021,-0.663333,-2.625894,-0.500000,5.555556,-90.000057,1,1.0,500.0,120.0,MONITORING,,,3.133333,3.133333,2.708381,2.708381,0.000000
7.300000,scenario-defined,0,2,vehicle,0,0,18.412089,98.867861,-2.838338,18.192000,-0.500000,0.000000,-90.000057,-1,1.0,500.0,120.0,MONITORING,,,3.133333,3.133333,18.412089,18.412089,0.000000
7.300000,scenario-defined,0,3,vehicle,0,0,22.984066,97.055961,-2.823333,22.810000,-0.500000,0.000000,-90.000057,-1,1.0,500.0,120.0,MONITORING,,,3.133333,3.133333,22.984066,22.984066,0.000000
7.350000,scenario-defined,0,1,vehicle,7,0,3.017235,-105.769727,-0.820000,-2.903672,-0.500000,5.555556,-90.000057,1,1.0,500.0,120.0,MONITORING,,,3.133333,3.133333,3.017235,3.017235,0.000000
7.350000,scenario-defined,0,2,vehicle,0,0,18.436890,99.348916,-2.995004,18.192000,-0.500000,0.000000,-90.000057,-1,1.0,500.0,120.0,MONITORING,,,3.133333,3.133333,18.436890,18.436890,0.000000
7.350000,scenario-defined,0,3,vehicle,0,0,23.003837,97.443219,-2.980000,22.810000,-0.500000,0.000000,-90.000057,-1,1.0,500.0,120.0,MONITORING,,,3.133333,3.133333,23.003837,23.003837,0.000000
7.400000,scenario-defined,0,1,vehicle,7,0,3.327987,-107.065847,-0.976666,-3.181450,-0.500000,5.555556,-90.000057,1,1.0,500.0,120.0,MONITORING,,,3.133333,3.133333,3.327987,3.327987,0.000000
7.400000,scenario-defined,0,2,vehicle,0,0,18.462987,99.828644,-3.151671,18.192000,-0.500000,0.000000,-90.000057,-1,1.0,500.0,120.0,MONITORING,,,3.133333,3.133333,18.462987,18.462987,0.000000
7.400000,scenario-defined,0,3,vehicle,0,0,23.024656,97.829794,-3.136666,22.810000,-0.500000,0.000000,-90.000057,-1,1.0,500.0,120.0,MONITORING,,,3.133333,3.133333,23.024656,23.024656,0.000000
7.450000,scenario-defined,0,1,vehicle,7,0,3.640151,-108.140141,-1.133333,-3.459227,-0.500000,5.555556,-90.000057,1,1.0,500.0,120.0,MONITORING,,,3.133333,3.133333,3.640151,3.640151,0.000000
7.450000,scenario-defined,0,2,vehicle,0,0,18.490375,100.306984,-3.308337,18.192000,-0.500000,0.000000,-90.000057,-1,1.0,500.0,120.0,MONITORING,,,3.133333,3.133333,18.490375,18.490375,0.000000
7.450000,scenario-defined,0,3,vehicle,0,0,23.046521,98.215654,-3.293333,22.810000,-0.500000,0.000000,-90.000057,-1,1.0,500.0,120.0,MONITORING,,,3.133333,3.133333,23.046521,23.046521,0.000000
7.500000,scenario-defined,0,1,vehicle,7,0,3.953392,-109.044472,-1.289999,-3.737005,-0.500000,5.555556,-90.000057,1,1.0,500.0,120.0,MONITORING,,,3.133333,3.133333,3.953392,3.953392,0.000000
7.500000,scenario-defined,0,2,vehicle,0,0,18.519047,100.783876,-3.465004,18.192000,-0.500000,0.000000,-90.000057,-1,1.0,500.0,120.0,MONITORING,,,3.133333,3.133333,18.519047,18.519047,0.000000
7.500000,scenario-defined,0,3,vehicle,0,0,23.069430,98.600765,-3.449999,22.810000,-0.500000,0.000000,-90.000057,-1,1.0,500.0,120.0,MONITORING,,,3.133333,3.133333,23.069430,23.069430,0.000000
7.550000,scenario-defined,0,1,vehicle,7,0,4.267473,-109.815857,-1.446666,-4.014783,-0.500000,5.555556,-90.000057,1,1.0,500.0,120.0,MONITORING,,,3.133333,3.133333,4.267473,4.267473,0.000000
7.550000,scenario-defined,0,2,vehicle,0,0,18.548999,101.259261,-3.621671,18.192000,-0.500000,0.000000,-90.000057,-1,1.0,500.0,120.0,MONITORING,,,3.133333,3.133333,18.548999,18.548999,0.000000
7.550000,scenario-defined,0,3,vehicle,0,0,23.093379,98.985094,-3.606666,22.810000,-0.500000,0.000000,-90.000057,-1,1.0,500.0,120.0,MONITORING,,,3.133333,3.133333,23.093379,23.093379,0.000000
7.600000,scenario-defined,0,1,vehicle,7,0,4.582222,-110.481378,-1.603333,-4.292561,-0.500000,5.555556,-90.000057,1,1.0,500.0,120.0,MONITORING,,,3.133333,3.133333,4.582222,4.582222,0.000000
7.600000,scenario-defined,0,2,vehicle,0,0,18.580223,101.733081,-3.778337,18.192000,-0.500000,0.000000,-90.000057,-1,1.0,500.0,120.0,MONITORING,,,3.133333,3.133333,18.580223,18.580223,0.000000
7.600000,scenario-defined,0,3,vehicle,0,0,23.118364,99.368609,-3.763333,22.810000,-0.500000,0.000000,-90.000057,-1,1.0,500.0,120.0,MONITORING,,,3.133333,3.133333,23.118364,23.118364,0.000000
7.650000,scenario-defined,0,1,vehicle,7,0,4.897509,-111.061281,-1.759999,-4.570339,-0.500000,5.555556,-90.000057,1,1.0,500.0,120.0,MONITORING,,,3.133333,3.133333,4.897509,4.897509,0.000000
7.650000,scenario-defined,0,2,vehicle,0,0,18.612714,102.205279,-3.935004,18.192000,-0.500000,0.000000,-90.000057,-1,1.0,500.0,120.0,MONITORING,,,3.133333,3.133333,18.612714,18.612714,0.000000
7.650000,scenario-defined,0,3,vehicle,0,0,23.144384,99.751280,-3.919999,22.810000,-0.500000,0.000000,-90.000057,-1,1.0,500.0,120.0,MONITORING,,,3.133333,3.133333,23.144384,23.144384,0.000000
7.700000,scenario-defined,0,1,vehicle,7,0,5.213237,-111.570989,-1.916666,-4.848116,-0.500000,5.555556,-90.000057,1,1.0,500.0,120.0,MONITORING,,,3.133333,3.133333,5.213237,5.213237,0.000000
7.700000,scenario-defined,0,2,vehicle,0,0,18.646464,102.675799,-4.091671,18.192000,-0.500000,0.000000,-90.000057,-1,1.0,500.0,120.0,MONITORING,,,3.133333,3.133333,18.646464,18.646464,0.000000
7.700000,scenario-defined,0,3,vehicle,0,0,23.171433,100.133074,-4.076666,22.810000,-0.500000,0.000000,-90.000057,-1,1.0,500.0,120.0,MONITORING,,,3.133333,3.133333,23.171433,23.171433,0.000000
7.750000,scenario-defined,0,1,vehicle,7,0,5.529331,-112.022453,-2.073333,-5.125894,-0.500000,5.555556,-90.000057,1,1.0,500.0,120.0,MONITORING,,,3.133333,3.133333,5.529331,5.529331,0.000000
7.750000,scenario-defined,0,2,vehicle,0,0,18.681468,103.144588,-4.248337,18.192000,-0.500000,0.000000,-90.000057,-1,1.0,500.0,120.0,MONITORING,,,3.133333,3.133333,18.681468,18.681468,0.000000
7.750000,scenario-defined,0,3,vehicle,0,0,23.199509,100.513961,-4.233333,22.810000,-0.500000,0.000000,-90.000057,-1,1.0,500.0,120.0,MONITORING,,,3.133333,3.133333,23.199509,23.199509,0.000000
7.800000,scenario-defined,0,1,vehicle,7,0,5.845731,-112.425069,-2.229999,-5.403672,-0.500000,5.555556,-90.000057,1,1.0,500.0,120.0,MONITORING,,,3.133333,3.133333,5.845731,5.845731,0.000000
7.800000,scenario-defined,0,2,vehicle,0,0,18.717717,103.611592,-4.405004,18.192000,-0.500000,0.000000,-90.000057,-1,1.0,500.0,120.0,MONITORING,,,3.133333,3.133333,18.717717,18.717717,0.000000
7.800000,scenario-defined,0,3,vehicle,0,0,23.228607,100.893910,-4.389999,22.810000,-0.500000,0.000000,-90.000057,-1,1.0,500.0,120.0,MONITORING,,,3.133333,3.133333,23.228607,23.228607,0.000000
7.850000,scenario-defined,0,1,vehicle,7,0,6.162390,-112.786324,-2.386666,-5.681450,-0.500000,5.555556,-90.000057,1,1.0,500.0,120.0,MONITORING,,,3.133333,3.133333,6.162390,6.162390,0.000000
7.850000,scenario-defined,0,2,vehicle,0,0,18.755205,104.076759,-4.561671,18.192000,-0.500000,0.000000,-90.000057,-1,1.0,500.0,120.0,MONITORING,,,3.133333,3.133333,18.755205,18.755205,0.000000
7.850000,scenario-defined,0,3,vehicle,0,0,23.258725,101.272892,-4.546666,22.810000,-0.500000,0.000000,-90.000057,-1,1.0,500.0,120.0,MONITORING,,,3.133333,3.133333,23.258725,23.258725,0.000000
7.900000,scenario-defined,0,1,vehicle,7,0,6.479270,-113.112255,-2.543333,-5.959228,-0.500000,5.555556,-90.000057,1,1.0,500.0,120.0,MONITORING,,,3.133333,3.133333,6.479270,6.479270,0.000000
7.900000,scenario-defined,0,2,vehicle,0,0,18.793924,104.540041,-4.718337,18.192000,-0.500000,0.000000,-90.000057,-1,1.0,500.0,120.0,MONITORING,,,3.133333,3.133333,18.793924,18.793924,0.000000
7.900000,scenario-defined,0,3,vehicle,0,0,23.289857,101.650878,-4.703333,22.810000,-0.500000,0.000000,-90.000057,-1,1.0,500.0,120.0,MONITORING,,,3.133333,3.133333,23.289857,23.289857,0.000000
7.950000,scenario-defined,0,1,vehicle,7,0,6.796340,-113.407784,-2.699999,-6.237005,-0.500000,5.555556,-90.000057,1,1.0,500.0,120.0,MONITORING,,,3.133333,3.133333,6.796340,6.796340,0.000000
7.950000,scenario-defined,0,2,vehicle,0,0,18.833867,105.001388,-4.875004,18.192000,-0.500000,0.000000,-90.000057,-1,1.0,500.0,120.0,MONITORING,,,3.133333,3.133333,18.833867,18.833867,0.000000
7.950000,scenario-defined,0,3,vehicle,0,0,23.322000,102.027837,-4.859999,22.810000,-0.500000,0.000000,-90.000057,-1,1.0,500.0,120.0,MONITORING,,,3.133333,3.133333,23.322000,23.322000,0.000000
8.000000,scenario-defined,0,1,vehicle,7,0,7.113574,-113.676961,-2.856666,-6.514783,-0.500000,5.555556,-90.000057,1,1.0,500.0,120.0,MONITORING,,,3.133333,3.133333,7.113574,7.113574,0.000000
8.000000,scenario-defined,0,2,vehicle,0,0,18.875025,105.460752,-5.031671,18.192000,-0.500000,0.000000,-90.000057,-1,1.0,500.0,120.0,MONITORING,,,3.133333,3.133333,18.875025,18.875025,0.000000
8.000000,scenario-defined,0,3,vehicle,0,0,23.355150,102.403743,-5.016666,22.810000,-0.500000,0.000000,-90.000057,-1,1.0,500.0,120.0,MONITORING,,,3.133333,3.133333,23.355150,23.355150,0.000000
8.050000,scenario-defined,0,1,vehicle,7,0,7.430953,-113.923149,-3.013333,-6.792561,-0.500000,5.555556,-90.000057,1,1.0,500.0,120.0,MONITORING,,,3.133333,3.133333,7.430953,7.430953,0.000000
8.050000,scenario-defined,0,2,vehicle,0,0,18.917392,105.918088,-5.188337,18.192000,-0.500000,0.000000,-90.000057,-1,1.0,500.0,120.0,MONITORING,,,3.133333,3.133333,18.917392,18.917392,0.000000
8.050000,scenario-defined,0,3,vehicle,0,0,23.389302,102.778567,-5.173333,22.810000,-0.500000,0.000000,-90.000057,-1,1.0,500.0,120.0,MONITORING,,,3.133333,3.133333,23.389302,23.389302,0.000000
8.100000,scenario-defined,0,1,vehicle,7,0,7.748457,-114.149166,-3.169999,-7.070339,-0.500000,5.555556,-90.000057,1,1.0,500.0,120.0,MONITORING,,,3.133333,3.133333,7.748457,7.748457,0.000000
8.100000,scenario-defined,0,2,vehicle,0,0,18.960958,106.373351,-5.345004,18.192000,-0.500000,0.000000,-90.000057,-1,1.0,500.0,120.0,MONITORING,,,3.133333,3.133333,18.960958,18.960958,0.000000
8.100000,scenario-defined,0,3,vehicle,0,0,23.424453,103.152283,-5.329999,22.810000,-0.500000,0.000000,-90.000057,-1,1.0,500.0,120.0,MONITORING,,,3.133333,3.133333,23.424453,23.424453,0.000000
8.150000,scenario-defined,0,1,vehicle,7,0,8.066072,-114.357386,-3.326666,-7.348117,-0.500000,5.555556,-90.000057,1,1.0,500.0,120.0,MONITORING,,,3.133333,3.133333,8.066072,8.066072,0.000000
8.150000,scenario-defined,0,2,vehicle,0,0,19.005716,106.826499,-5.501671,18.192000,-0.500000,0.000000,-90.000057,-1,1.0,500.0,120.0,MONITORING,,,3.133333,3.133333,19.005716,19.005716,0.000000
8.150000,scenario-defined,0,3,vehicle,0,0,23.460597,103.524862,-5.486666,22.810000,-0.500000,0.000000,-90.000057,-1,1.0,500.0,120.0,MONITORING,,,3.133333,3.133333,23.460597,23.460597,0.000000
8.200000,scenario-defined,0,1,vehicle,7,0,8.383786,-114.549827,-3.483333,-7.625894,-0.500000,5.555556,-90.000057,1,1.0,500.0,120.0,MONITORING,,,3.133333,3.133333,8.383786,8.383786,0.000000
8.200000,scenario-defined,0,2,vehicle,0,0,19.051657,107.277489,-5.658337,18.192000,-0.500000,0.000000,-90.000057,-1,1.0,500.0,120.0,MONITORING,,,3.133333,3.133333,19.051657,19.051657,0.000000
8.200000,scenario-defined,0,3,vehicle,0,0,23.497730,103.896280,-5.643333,22.810000,-0.500000,0.000000,-90.000057,-1,1.0,500.0,120.0,MONITORING,,,3.133333,3.133333,23.497730,23.497730,0.000000
8.250000,scenario-defined,0,1,vehicle,7,0,8.701588,-114.728213,-3.639999,-7.903672,-0.500000,5.555556,-90.000057,1,1.0,500.0,120.0,MONITORING,,,3.133333,3.133333,8.701588,8.701588,0.000000
8.250000,scenario-defined,0,2,vehicle,0,0,19.098773,107.726282,-5.815004,18.192000,-0.500000,0.000000,-90.000057,-1,1.0,500.0,120.0,MONITORING,,,3.133333,3.133333,19.098773,19.098773,0.000000
8.250000,scenario-defined,0,3,vehicle,0,0,23.535847,104.266510,-5.799999,22.810000,-0.500000,0.000000,-90.000057,-1,1.0,500.0,120.0,MONITORING,,,3.133333,3.133333,23.535847,23.535847,0.000000
8.300000,scenario-defined,0,1,vehicle,7,0,9.019468,-114.894026,-3.796666,-8.181450,-0.500000,5.555556,-90.000057,1,1.0,500.0,120.0,MONITORING,,,3.133333,3.133333,9.019468,9.019468,0.000000
8.300000,scenario-defined,0,2,vehicle,0,0,19.147055,108.172839,-5.971671,18.192000,-0.500000,0.000000,-90.000057,-1,1.0,500.0,120.0,MONITORING,,,3.133333,3.133333,19.147055,19.147055,0.000000
8.300000,scenario-defined,0,3,vehicle,0,0,23.574944,104.635527,-5.956666,22.810000,-0.500000,0.000000,-90.000057,-1,1.0,500.0,120.0,MONITORING,,,3.133333,3.133333,23.574944,23.574944,0.000000
8.350000,scenario-defined,0,1,vehicle,7,0,9.337418,-115.048549,-3.953333,-8.459228,-0.500000,5.555556,-90.000057,1,1.0,500.0,120.0,MONITORING,,,3.133333,3.133333,9.337418,9.337418,0.000000
8.350000,scenario-defined,0,2,vehicle,0,0,19.196494,108.617122,-6.128337,18.192000,-0.500000,0.000000,-90.000057,-1,1.0,500.0,120.0,MONITORING,,,3.133333,3.133333,19.196494,19.196494,0.000000
8.350000,scenario-defined,0,3,vehicle,0,0,23.615015,105.003308,-6.113333,22.810000,-0.500000,0.000000,-90.000057,-1,1.0,500.0,120.0,MONITORING,,,3.133333,3.133333,23.615015,23.615015,0.000000
8.400000,scenario-defined,0,1,vehicle,7,0,9.655432,-115.192893,-4.109999,-8.737006,-0.500000,5.555556,-90.000057,1,1.0,500.0,120.0,MONITORING,,,3.133333,3.133333,9.655432,9.655432,0.000000
8.400000,scenario-defined,0,2,vehicle,0,0,19.247081,109.059097,-6.285004,18.192000,-0.500000,0.000000,-90.000057,-1,1.0,500.0,120.0,MONITORING,,,3.133333,3.133333,19.247081,19.247081,0.000000
8.400000,scenario-defined,0,3,vehicle,0,0,23.656056,105.369827,-6.269999,22.810000,-0.500000,0.000000,-90.000057,-1,1.0,500.0,120.0,MONITORING,,,3.133333,3.133333,23.656056,23.656056,0.000000
8.450000,scenario-defined,0,1,vehicle,7,0,9.973503,-115.328032,-4.266666,-9.014783,-0.500000,5.555556,-90.000057,1,1.0,500.0,120.0,MONITORING,,,3.133333,3.133333,9.973503,9.973503,0.000000
8.450000,scenario-defined,0,2,vehicle,0,0,19.298808,109.498728,-6.441670,18.192000,-0.500000,0.000000,-90.000057,-1,1.0,500.0,120.0,MONITORING,,,3.133333,3.133333,19.298808,19.298808,0.000000
8.450000,scenario-defined,0,3,vehicle,0,0,23.698062,105.735062,-6.426666,22.810000,-0.500000,0.000000,-90.000057,-1,1.0,500.0,120.0,MONITORING,,,3.133333,3.133333,23.698062,23.698062,0.000000
8.500000,scenario-defined,0,1,vehicle,7,0,10.291626,-115.454817,-4.423332,-9.292561,-0.500000,5.555556,-90.000057,1,1.0,500.0,120.0,MONITORING,,,3.133333,3.133333,10.291626,10.291626,0.000000
8.500000,scenario-defined,0,2,vehicle,0,0,19.351664,109.935983,-6.598337,18.192000,-0.500000,0.000000,-90.000057,-1,1.0,500.0,120.0,MONITORING,,,3.133333,3.133333,19.351664,19.351664,0.000000
8.500000,scenario-defined,0,3,vehicle,0,0,23.741027,106.098990,-6.583332,22.810000,-0.500000,0.000000,-90.000057,-1,1.0,500.0,120.0,MONITORING,,,3.133333,3.133333,23.741027,23.741027,0.000000
8.550000,scenario-defined,0,1,vehicle,7,0,10.609797,-115.573998,-4.579999,-9.570339,-0.500000,5.555556,-90.000057,1,1.0,500.0,120.0,MONITORING,,,3.133333,3.133333,10.609797,10.609797,0.000000
8.550000,scenario-defined,0,2,vehicle,0,0,19.405642,110.370831,-6.755004,18.192000,-0.500000,0.000000,-90.000057,-1,1.0,500.0,120.0,MONITORING,,,3.133333,3.133333,19.405642,19.405642,0.000000
8.550000,scenario-defined,0,3,vehicle,0,0,23.784947,106.461588,-6.739999,22.810000,-0.500000,0.000000,-90.000057,-1,1.0,500.0,120.0,MONITORING,,,3.133333,3.133333,23.784947,23.784947,0.000000
8.600000,scenario-defined,0,1,vehicle,7,0,10.928010,-115.686239,-4.736666,-9.848117,-0.500000,5.555556,-90.000057,1,1.0,500.0,120.0,MONITORING,,,3.133333,3.133333,10.928010,10.928010,0.000000
8.600000,scenario-defined,0,2,vehicle,0,0,19.460731,110.803242,-6.911670,18.192000,-0.500000,0.000000,-90.000057,-1,1.0,500.0,120.0,MONITORING,,,3.133333,3.133333,19.460731,19.460731,0.000000
8.600000,scenario-defined,0,3,vehicle,0,0,23.829815,106.822835,-6.896666,22.810000,-0.500000,0.000000,-90.000057,-1,1.0,500.0,120.0,MONITORING,,,3.133333,3.133333,23.829815,23.829815,0.000000
8.650000,scenario-defined,0,1,vehicle,7,0,11.246264,-115.792128,-4.893332,-10.125895,-0.500000,5.555556,-90.000057,1,1.0,500.0,120.0,MONITORING,,,3.133333,3.133333,11.246264,11.246264,0.000000
8.650000,scenario-defined,0,2,vehicle,0,0,19.516922,111.233187,-7.068337,18.192000,-0.500000,0.000000,-90.000057,-1,1.0,500.0,120.0,MONITORING,,,3.133333,3.133333,19.516922,19.516922,0.000000
8.650000,scenario-defined,0,3,vehicle,0,0,23.875628,107.182710,-7.053332,22.810000,-0.500000,0.000000,-90.000057,-1,1.0,500.0,120.0,MONITORING,,,3.133333,3.133333,23.875628,23.875628,0.000000
8.700000,scenario-defined,0,1,vehicle,7,0,11.564553,-115.892188,-5.049999,-10.403672,-0.500000,5.555556,-90.000057,1,1.0,500.0,120.0,MONITORING,,,3.133333,3.133333,11.564553,11.564553,0.000000
8.700000,scenario-defined,0,2,vehicle,0,0,19.574206,111.660640,-7.225004,18.192000,-0.500000,0.000000,-90.000057,-1,1.0,500.0,120.0,MONITORING,,,3.133333,3.133333,19.574206,19.574206,0.000000
8.700000,scenario-defined,0,3,vehicle,0,0,23.922378,107.541193,-7.209999,22.810000,-0.500000,0.000000,-90.000057,-1,1.0,500.0,120.0,MONITORING,,,3.133333,3.133333,23.922378,23.922378,0.000000
8.750000,scenario-defined,0,1,vehicle,7,0,11.882876,-115.986888,-5.206666,-10.681450,-0.500000,5.555556,-90.000057,1,1.0,500.0,120.0,MONITORING,,,3.133333,3.133333,11.882876,11.882876,0.000000
8.750000,scenario-defined,0,2,vehicle,0,0,19.632573,112.085575,-7.381670,18.192000,-0.500000,0.000000,-90.000057,-1,1.0,500.0,120.0,MONITORING,,,3.133333,3.133333,19.632573,19.632573,0.000000
8.750000,scenario-defined,0,3,vehicle,0,0,23.970062,107.898263,-7.366666,22.810000,-0.500000,0.000000,-90.000057,-1,1.0,500.0,120.0,MONITORING,,,3.133333,3.133333,23.970062,23.970062,0.000000
8.800000,scenario-defined,0,1,vehicle,7,0,12.201230,-116.076646,-5.363332,-10.959228,-0.500000,5.555556,-90.000057,1,1.0,500.0,120.0,MONITORING,,,3.133333,3.133333,12.201230,12.201230,0.000000
8.800000,scenario-defined,0,2,vehicle,0,0,19.692013,112.507967,-7.538337,18.192000,-0.500000,0.000000,-90.000057,-1,1.0,500.0,120.0,MONITORING,,,3.133333,3.133333,19.692013,19.692013,0.000000
8.800000,scenario-defined,0,3,vehicle,0,0,24.018673,108.253902,-7.523332,22.810000,-0.500000,0.000000,-90.000057,-1,1.0,500.0,120.0,MONITORING,,,3.133333,3.133333,24.018673,24.018673,0.000000
8.850000,scenario-defined,0,1,vehicle,7,0,12.519612,-116.161839,-5.519999,-11.237006,-0.500000,5.555556,-90.000057,1,1.0,500.0,120.0,MONITORING,,,3.133333,3.133333,12.519612,12.519612,0.000000
8.850000,scenario-defined,0,2,vehicle,0,0,19.752517,112.927795,-7.695004,18.192000,-0.500000,0.000000,-90.000057,-1,1.0,500.0,120.0,MONITORING,,,3.133333,3.133333,19.752517,19.752517,0.000000
8.850000,scenario-defined,0,3,vehicle,0,0,24.068205,108.608091,-7.679999,22.810000,-0.500000,0.000000,-90.000057,-1,1.0,500.0,120.0,MONITORING,,,3.133333,3.133333,24.068205,24.068205,0.000000
8.900000,scenario-defined,0,1,vehicle,7,0,12.838021,-116.242806,-5.676666,-11.514784,-0.500000,5.555556,-90.000057,1,1.0,500.0,120.0,MONITORING,,,3.133333,3.133333,12.838021,12.838021,0.000000
8.900000,scenario-defined,0,2,vehicle,0,0,19.814076,113.345036,-7.851670,18.192000,-0.500000,0.000000,-90.000057,-1,1.0,500.0,120.0,MONITORING,,,3.133333,3.133333,19.814076,19.814076,0.000000
8.900000,scenario-defined,0,3,vehicle,0,0,24.118653,108.960811,-7.836666,22.810000,-0.500000,0.000000,-90.000057,-1,1.0,500.0,120.0,MONITORING,,,3.133333,3.133333,24.118653,24.118653,0.000000
8.950000,scenario-defined,0,1,vehicle,7,0,13.156454,-116.319854,-5.833332,-11.792561,-0.500000,5.555556,-90.000057,1,1.0,500.0,120.0,MONITORING,,,3.133333,3.133333,13.156454,13.156454,0.000000
8.950000,scenario-defined,0,2,vehicle,0,0,19.876678,113.759671,-8.008337,18.192000,-0.500000,0.000000,-90.000057,-1,1.0,500.0,120.0,MONITORING,,,3.133333,3.133333,19.876678,19.876678,0.000000
8.950000,scenario-defined,0,3,vehicle,0,0,24.170012,109.312046,-7.993332,22.810000,-0.500000,0.000000,-90.000057,-1,1.0,500.0,120.0,MONITORING,,,3.133333,3.133333,24.170012,24.170012,0.000000
