time,controller,ego_id,object_id,object_type,object_category,detected,distance,bearing_deg,relative_x,relative_y,relative_z,object_speed,object_heading_deg,lane_id,sensor_near_range,sensor_far_range,sensor_fov_deg,controller_state,aeb_target_id,ttc,ego_speed,commanded_speed,true_distance,perceived_distance,distance_error
0.000000,scenario-defined,0,1,vehicle,7,0,62.841565,27.482522,55.749998,29.000000,-0.500000,0.000000,-90.000057,-1,1.0,500.0,120.0,MONITORING,,,8.333333,8.333333,62.841565,62.841565,0.000000
0.000000,scenario-defined,0,2,vehicle,0,0,56.579402,18.755505,53.574993,18.192000,-0.500000,0.000000,-90.000057,-1,1.0,500.0,120.0,MONITORING,,,8.333333,8.333333,56.579402,56.579402,0.000000
0.000000,scenario-defined,0,3,vehicle,0,0,58.242459,23.056502,53.589998,22.810000,-0.500000,0.000000,-90.000057,-1,1.0,500.0,120.0,MONITORING,,,8.333333,8.333333,58.242459,58.242459,0.000000
0.050000,scenario-defined,0,1,vehicle,7,1,62.472214,27.658872,55.333331,29.000000,-0.500000,0.000000,-90.000057,-1,1.0,500.0,120.0,MONITORING,,,8.333333,8.333333,62.472214,62.356942,-0.115272
0.050000,scenario-defined,0,2,vehicle,0,1,56.185021,18.892124,53.158327,18.192000,-0.500000,0.000000,-90.000057,-1,1.0,500.0,120.0,MONITORING,,,8.333333,8.333333,56.185021,56.046698,-0.138323
0.050000,scenario-defined,0,3,vehicle,0,1,57.859306,23.218095,53.173331,22.810000,-0.500000,0.000000,-90.000057,-1,1.0,500.0,120.0,MONITORING,,,8.333333,8.333333,57.859306,57.770253,-0.089053
0.100000,scenario-defined,0,1,vehicle,7,1,62.103463,27.837318,54.916665,29.000000,-0.500000,0.000000,-90.000057,-1,1.0,500.0,120.0,MONITORING,,,8.333333,8.333333,62.103463,62.665050,0.561587
0.100000,scenario-defined,0,2,vehicle,0,1,55.790963,19.030675,52.741660,18.192000,-0.500000,0.000000,-90.000057,-1,1.0,500.0,120.0,MONITORING,,,8.333333,8.333333,55.790963,55.688893,-0.102071
0.100000,scenario-defined,0,3,vehicle,0,1,57.476619,23.381842,52.756665,22.810000,-0.500000,0.000000,-90.000057,-1,1.0,500.0,120.0,MONITORING,,,8.333333,8.333333,57.476619,56.278737,-1.197883
0.150000,scenario-defined,0,1,vehicle,7,1,61.735320,28.017894,54.499998,29.000000,-0.500000,0.000000,-90.000057,-1,1.0,500.0,120.0,MONITORING,,,8.333333,8.333333,61.735320,62.001175,0.265855
0.150000,scenario-defined,0,2,vehicle,0,1,55.397236,19.171195,52.324993,18.192000,-0.500000,0.000000,-90.000057,-1,1.0,500.0,120.0,MONITORING,,,8.333333,8.333333,55.397236,55.183366,-0.213870
0.150000,scenario-defined,0,3,vehicle,0,1,57.094409,23.547783,52.339998,22.810000,-0.500000,0.000000,-90.000057,-1,1.0,500.0,120.0,MONITORING,,,8.333333,8.333333,57.094409,56.920842,-0.173567
0.200000,scenario-defined,0,1,vehicle,7,1,61.367799,28.200635,54.083331,29.000000,-0.500000,0.000000,-90.000057,-1,1.0,500.0,120.0,MONITORING,,,8.333333,8.333333,61.367799,61.460507,0.092708
0.200000,scenario-defined,0,2,vehicle,0,1,55.003848,19.313727,51.908327,18.192000,-0.500000,0.000000,-90.000057,-1,1.0,500.0,120.0,MONITORING,,,8.333333,8.333333,55.003848,55.189686,0.185838
0.200000,scenario-defined,0,3,vehicle,0,1,56.712683,23.715959,51.923331,22.810000,-0.500000,0.000000,-90.000057,-1,1.0,500.0,120.0,MONITORING,,,8.333333,8.333333,56.712683,57.643530,0.930847
0.250000,scenario-defined,0,1,vehicle,7,1,61.000909,28.385576,53.666665,29.000000,-0.500000,0.000000,-90.000057,-1,1.0,500.0,120.0,MONITORING,,,8.333333,8.333333,61.000909,61.526218,0.525309
0.250000,scenario-defined,0,2,vehicle,0,1,54.610804,19.458311,51.491660,18.192000,-0.500000,0.000000,-90.000057,-1,1.0,500.0,120.0,MONITORING,,,8.333333,8.333333,54.610804,54.699210,0.088406
0.250000,scenario-defined,0,3,vehicle,0,1,56.331453,23.886412,51.506665,22.810000,-0.500000,0.000000,-90.000057,-1,1.0,500.0,120.0,MONITORING,,,8.333333,8.333333,56.331453,55.740796,-0.590657
0.300000,scenario-defined,0,1,vehicle,7,1,60.634663,28.572754,53.249998,29.000000,-0.500000,0.000000,-90.000057,-1,1.0,500.0,120.0,MONITORING,,,8.333333,8.333333,60.634663,59.822933,-0.811730
0.300000,scenario-defined,0,2,vehicle,0,1,54.218113,19.604991,51.074993,18.192000,-0.500000,0.000000,-90.000057,-1,1.0,500.0,120.0,MONITORING,,,8.333333,8.333333,54.218113,54.415187,0.197074
0.300000,scenario-defined,0,3,vehicle,0,1,55.950728,24.059187,51.089998,22.810000,-0.500000,0.000000,-90.000057,-1,1.0,500.0,120.0,MONITORING,,,8.333333,8.333333,55.950728,56.999593,1.048865
0.350000,scenario-defined,0,1,vehicle,7,1,60.269071,28.762204,52.833331,29.000000,-0.500000,0.000000,-90.000057,-1,1.0,500.0,120.0,MONITORING,,,8.333333,8.333333,60.269071,60.302396,0.033325
0.350000,scenario-defined,0,2,vehicle,0,1,53.825783,19.753809,50.658327,18.192000,-0.500000,0.000000,-90.000057,-1,1.0,500.0,120.0,MONITORING,,,8.333333,8.333333,53.825783,53.740725,-0.085059
0.350000,scenario-defined,0,3,vehicle,0,1,55.570519,24.234328,50.673331,22.810000,-0.500000,0.000000,-90.000057,-1,1.0,500.0,120.0,MONITORING,,,8.333333,8.333333,55.570519,55.995940,0.425421
0.400000,scenario-defined,0,1,vehicle,7,1,59.904146,28.953964,52.416665,29.000000,-0.500000,0.000000,-90.000057,-1,1.0,500.0,120.0,MONITORING,,,8.333333,8.333333,59.904146,58.741310,-1.162836
0.400000,scenario-defined,0,2,vehicle,0,1,53.433822,19.904812,50.241660,18.192000,-0.500000,0.000000,-90.000057,-1,1.0,500.0,120.0,MONITORING,,,8.333333,8.333333,53.433822,53.184000,-0.249822
0.400000,scenario-defined,0,3,vehicle,0,1,55.190837,24.411880,50.256665,22.810000,-0.500000,0.000000,-90.000057,-1,1.0,500.0,120.0,MONITORING,,,8.333333,8.333333,55.190837,55.583127,0.392290
0.450000,scenario-defined,0,1,vehicle,7,1,59.539901,29.148073,51.999998,29.000000,-0.500000,0.000000,-90.000057,-1,1.0,500.0,120.0,MONITORING,,,8.333333,8.333333,59.539901,60.238624,0.698724
0.450000,scenario-defined,0,2,vehicle,0,1,53.042236,20.058046,49.824994,18.192000,-0.500000,0.000000,-90.000057,-1,1.0,500.0,120.0,MONITORING,,,8.333333,8.333333,53.042236,52.849733,-0.192504
0.450000,scenario-defined,0,3,vehicle,0,1,54.811691,24.591890,49.839998,22.810000,-0.500000,0.000000,-90.000057,-1,1.0,500.0,120.0,MONITORING,,,8.333333,8.333333,54.811691,55.112971,0.301280
0.500000,scenario-defined,0,1,vehicle,7,1,59.176347,29.344569,51.583332,29.000000,-0.500000,0.000000,-90.000057,-1,1.0,500.0,120.0,MONITORING,,,8.333333,8.333333,59.176347,59.374918,0.198571
0.500000,scenario-defined,0,2,vehicle,0,1,52.651036,20.213558,49.408327,18.192000,-0.500000,0.000000,-90.000057,-1,1.0,500.0,120.0,MONITORING,,,8.333333,8.333333,52.651036,53.276898,0.625861
0.500000,scenario-defined,0,3,vehicle,0,1,54.433095,24.774406,49.423332,22.810000,-0.500000,0.000000,-90.000057,-1,1.0,500.0,120.0,MONITORING,,,8.333333,8.333333,54.433095,53.542517,-0.890578
0.550000,scenario-defined,0,1,vehicle,7,1,58.811061,29.539302,51.166665,28.995057,-0.500000,0.098867,-90.000057,-1,1.0,500.0,120.0,MONITORING,,,8.333333,8.333333,58.811061,59.265662,0.454601
0.550000,scenario-defined,0,2,vehicle,0,1,52.260230,20.371397,48.991660,18.192000,-0.500000,0.000000,-90.000057,-1,1.0,500.0,120.0,MONITORING,,,8.333333,8.333333,52.260230,51.048614,-1.211616
0.550000,scenario-defined,0,3,vehicle,0,1,54.055058,24.959477,49.006665,22.810000,-0.500000,0.000000,-90.000057,-1,1.0,500.0,120.0,MONITORING,,,8.333333,8.333333,54.055058,51.959102,-2.095956
0.600000,scenario-defined,0,1,vehicle,7,1,58.443396,29.731204,50.749998,28.983931,-0.500000,0.222510,-90.000057,-1,1.0,500.0,120.0,MONITORING,,,8.333333,8.333333,58.443396,57.957884,-0.485513
0.600000,scenario-defined,0,2,vehicle,0,1,51.869826,20.531613,48.574994,18.192000,-0.500000,0.000000,-90.000057,-1,1.0,500.0,120.0,MONITORING,,,8.333333,8.333333,51.869826,51.137178,-0.732648
0.600000,scenario-defined,0,3,vehicle,0,1,53.677593,25.147153,48.589998,22.810000,-0.500000,0.000000,-90.000057,-1,1.0,500.0,120.0,MONITORING,,,8.333333,8.333333,53.677593,54.378403,0.700810
0.650000,scenario-defined,0,1,vehicle,7,1,58.073312,29.920248,50.333332,28.966624,-0.500000,0.346152,-90.000057,-1,1.0,500.0,120.0,MONITORING,,,8.333333,8.333333,58.073312,58.604725,0.531413
0.650000,scenario-defined,0,2,vehicle,0,1,51.479834,20.694258,48.158327,18.192000,-0.500000,0.000000,-90.000057,-1,1.0,500.0,120.0,MONITORING,,,8.333333,8.333333,51.479834,50.504574,-0.975260
0.650000,scenario-defined,0,3,vehicle,0,1,53.300713,25.337485,48.173332,22.810000,-0.500000,0.000000,-90.000057,-1,1.0,500.0,120.0,MONITORING,,,8.333333,8.333333,53.300713,53.978602,0.677889
0.700000,scenario-defined,0,1,vehicle,7,1,57.700766,30.106405,49.916665,28.943134,-0.500000,0.469795,-90.000057,-1,1.0,500.0,120.0,MONITORING,,,8.333333,8.333333,57.700766,56.899004,-0.801762
0.700000,scenario-defined,0,2,vehicle,0,1,51.090263,20.859385,47.741660,18.192000,-0.500000,0.000000,-90.000057,-1,1.0,500.0,120.0,MONITORING,,,8.333333,8.333333,51.090263,51.021268,-0.068995
0.700000,scenario-defined,0,3,vehicle,0,1,52.924429,25.530525,47.756665,22.810000,-0.500000,0.000000,-90.000057,-1,1.0,500.0,120.0,MONITORING,,,8.333333,8.333333,52.924429,52.689309,-0.235120
0.750000,scenario-defined,0,1,vehicle,7,1,57.325719,30.289643,49.499998,28.913462,-0.500000,0.593437,-90.000057,-1,1.0,500.0,120.0,MONITORING,,,8.333333,8.333333,57.325719,57.417255,0.091536
0.750000,scenario-defined,0,2,vehicle,0,1,50.701123,21.027047,47.324994,18.192000,-0.500000,0.000000,-90.000057,-1,1.0,500.0,120.0,MONITORING,,,8.333333,8.333333,50.701123,51.356032,0.654909
0.750000,scenario-defined,0,3,vehicle,0,1,52.548754,25.726328,47.339998,22.810000,-0.500000,0.000000,-90.000057,-1,1.0,500.0,120.0,MONITORING,,,8.333333,8.333333,52.548754,53.059485,0.510731
0.800000,scenario-defined,0,1,vehicle,7,1,56.948131,30.469933,49.083332,28.877608,-0.500000,0.717080,-90.000057,-1,1.0,500.0,120.0,MONITORING,,,8.333333,8.333333,56.948131,57.228040,0.279908
0.800000,scenario-defined,0,2,vehicle,0,1,50.312424,21.197302,46.908327,18.192000,-0.500000,0.000000,-90.000057,-1,1.0,500.0,120.0,MONITORING,,,8.333333,8.333333,50.312424,50.832382,0.519958
0.800000,scenario-defined,0,3,vehicle,0,1,52.173702,25.924948,46.923332,22.810000,-0.500000,0.000000,-90.000057,-1,1.0,500.0,120.0,MONITORING,,,8.333333,8.333333,52.173702,52.556495,0.382794
0.850000,scenario-defined,0,1,vehicle,7,1,56.567963,30.647241,48.666665,28.835572,-0.500000,0.840722,-90.000057,-1,1.0,500.0,120.0,MONITORING,,,8.333333,8.333333,56.567963,56.066375,-0.501588
0.850000,scenario-defined,0,2,vehicle,0,1,49.924176,21.370207,46.491660,18.192000,-0.500000,0.000000,-90.000057,-1,1.0,500.0,120.0,MONITORING,,,8.333333,8.333333,49.924176,49.708965,-0.215211
0.850000,scenario-defined,0,3,vehicle,0,1,51.799286,26.126442,46.506665,22.810000,-0.500000,0.000000,-90.000057,-1,1.0,500.0,120.0,MONITORING,,,8.333333,8.333333,51.799286,51.423311,-0.375975
0.900000,scenario-defined,0,1,vehicle,7,1,56.185177,30.821532,48.249998,28.787354,-0.500000,0.964365,-90.000057,-1,1.0,500.0,120.0,MONITORING,,,8.333333,8.333333,56.185177,56.584638,0.399461
0.900000,scenario-defined,0,2,vehicle,0,1,49.536390,21.545820,46.074994,18.192000,-0.500000,0.000000,-90.000057,-1,1.0,500.0,120.0,MONITORING,,,8.333333,8.333333,49.536390,49.461355,-0.075035
0.900000,scenario-defined,0,3,vehicle,0,1,51.425519,26.330868,46.089998,22.810000,-0.500000,0.000000,-90.000057,-1,1.0,500.0,120.0,MONITORING,,,8.333333,8.333333,51.425519,53.294123,1.868603
0.950000,scenario-defined,0,1,vehicle,7,1,55.799733,30.992772,47.833332,28.732953,-0.500000,1.088007,-90.000057,-1,1.0,500.0,120.0,MONITORING,,,8.333333,8.333333,55.799733,55.144299,-0.655434
0.950000,scenario-defined,0,2,vehicle,0,1,49.149076,21.724203,45.658327,18.192000,-0.500000,0.000000,-90.000057,-1,1.0,500.0,120.0,MONITORING,,,8.333333,8.333333,49.149076,48.819414,-0.329662
0.950000,scenario-defined,0,3,vehicle,0,1,51.052417,26.538284,45.673332,22.810000,-0.500000,0.000000,-90.000057,-1,1.0,500.0,120.0,MONITORING,,,8.333333,8.333333,51.052417,51.667196,0.614779
1.000000,scenario-defined,0,1,vehicle,7,1,55.411596,31.160923,47.416665,28.672371,-0.500000,1.211650,-90.000057,-1,1.0,500.0,120.0,MONITORING,,,8.333333,8.333333,55.411596,56.549076,1.137480
1.000000,scenario-defined,0,2,vehicle,0,1,48.762247,21.905417,45.241660,18.192000,-0.500000,0.000000,-90.000057,-1,1.0,500.0,120.0,MONITORING,,,8.333333,8.333333,48.762247,48.913954,0.151708
1.000000,scenario-defined,0,3,vehicle,0,1,50.679994,26.748751,45.256665,22.810000,-0.500000,0.000000,-90.000057,-1,1.0,500.0,120.0,MONITORING,,,8.333333,8.333333,50.679994,51.348648,0.668654
1.050000,scenario-defined,0,1,vehicle,7,1,55.020728,31.325946,46.999998,28.605606,-0.500000,1.335292,-90.000057,-1,1.0,500.0,120.0,MONITORING,,,8.333333,8.333333,55.020728,56.161804,1.141076
1.050000,scenario-defined,0,2,vehicle,0,1,48.375913,22.089528,44.824994,18.192000,-0.500000,0.000000,-90.000057,-1,1.0,500.0,120.0,MONITORING,,,8.333333,8.333333,48.375913,48.347704,-0.028208
1.050000,scenario-defined,0,3,vehicle,0,1,50.308265,26.962332,44.839998,22.810000,-0.500000,0.000000,-90.000057,-1,1.0,500.0,120.0,MONITORING,,,8.333333,8.333333,50.308265,49.169898,-1.138367
1.100000,scenario-defined,0,1,vehicle,7,1,54.627094,31.487799,46.583332,28.532659,-0.500000,1.458934,-90.000057,-1,1.0,500.0,120.0,MONITORING,,,8.333333,8.333333,54.627094,54.201433,-0.425661
1.100000,scenario-defined,0,2,vehicle,0,1,47.990086,22.276602,44.408327,18.192000,-0.500000,0.000000,-90.000057,-1,1.0,500.0,120.0,MONITORING,,,8.333333,8.333333,47.990086,48.275955,0.285869
1.100000,scenario-defined,0,3,vehicle,0,1,49.937246,27.179089,44.423332,22.810000,-0.500000,0.000000,-90.000057,-1,1.0,500.0,120.0,MONITORING,,,8.333333,8.333333,49.937246,49.504142,-0.433104
1.150000,scenario-defined,0,1,vehicle,7,1,54.230659,31.646441,46.166665,28.453531,-0.500000,1.582577,-90.000057,-1,1.0,500.0,120.0,MONITORING,,,8.333333,8.333333,54.230659,54.257484,0.026825
1.150000,scenario-defined,0,2,vehicle,0,1,47.604780,22.466705,43.991660,18.192000,-0.500000,0.000000,-90.000057,-1,1.0,500.0,120.0,MONITORING,,,8.333333,8.333333,47.604780,47.680751,0.075971
1.150000,scenario-defined,0,3,vehicle,0,1,49.566951,27.399088,44.006665,22.810000,-0.500000,0.000000,-90.000057,-1,1.0,500.0,120.0,MONITORING,,,8.333333,8.333333,49.566951,49.472274,-0.094678
1.200000,scenario-defined,0,1,vehicle,7,1,53.831387,31.801826,45.749998,28.368220,-0.500000,1.706219,-90.000057,-1,1.0,500.0,120.0,MONITORING,,,8.333333,8.333333,53.831387,54.410293,0.578906
1.200000,scenario-defined,0,2,vehicle,0,1,47.220006,22.659909,43.574994,18.192000,-0.500000,0.000000,-90.000057,-1,1.0,500.0,120.0,MONITORING,,,8.333333,8.333333,47.220006,47.394240,0.174234
1.200000,scenario-defined,0,3,vehicle,0,1,49.197399,27.622396,43.589998,22.810000,-0.500000,0.000000,-90.000057,-1,1.0,500.0,120.0,MONITORING,,,8.333333,8.333333,49.197399,49.893821,0.696423
1.250000,scenario-defined,0,1,vehicle,7,1,53.429245,31.953908,45.333332,28.276727,-0.500000,1.829862,-90.000057,-1,1.0,500.0,120.0,MONITORING,,,8.333333,8.333333,53.429245,53.925219,0.495974
1.250000,scenario-defined,0,2,vehicle,0,1,46.835778,22.856286,43.158327,18.192000,-0.500000,0.000000,-90.000057,-1,1.0,500.0,120.0,MONITORING,,,8.333333,8.333333,46.835778,46.652957,-0.182821
1.250000,scenario-defined,0,3,vehicle,0,1,48.828605,27.849080,43.173332,22.810000,-0.500000,0.000000,-90.000057,-1,1.0,500.0,120.0,MONITORING,,,8.333333,8.333333,48.828605,48.660066,-0.168539
1.300000,scenario-defined,0,1,vehicle,7,1,53.024200,32.102637,44.916665,28.179051,-0.500000,1.953504,-90.000057,-1,1.0,500.0,120.0,MONITORING,,,8.333333,8.333333,53.024200,52.358935,-0.665265
1.300000,scenario-defined,0,2,vehicle,0,1,46.452109,23.055908,42.741660,18.192000,-0.500000,0.000000,-90.000057,-1,1.0,500.0,120.0,MONITORING,,,8.333333,8.333333,46.452109,46.737791,0.285682
1.300000,scenario-defined,0,3,vehicle,0,1,48.460587,28.079211,42.756665,22.810000,-0.500000,0.000000,-90.000057,-1,1.0,500.0,120.0,MONITORING,,,8.333333,8.333333,48.460587,48.290537,-0.170050
1.350000,scenario-defined,0,1,vehicle,7,1,52.616218,32.247961,44.499998,28.075194,-0.500000,2.077147,-90.000057,-1,1.0,500.0,120.0,MONITORING,,,8.333333,8.333333,52.616218,52.560009,-0.056209
1.350000,scenario-defined,0,2,vehicle,0,1,46.069013,23.258853,42.324994,18.192000,-0.500000,0.000000,-90.000057,-1,1.0,500.0,120.0,MONITORING,,,8.333333,8.333333,46.069013,46.293804,0.224791
1.350000,scenario-defined,0,3,vehicle,0,1,48.093363,28.312860,42.339998,22.810000,-0.500000,0.000000,-90.000057,-1,1.0,500.0,120.0,MONITORING,,,8.333333,8.333333,48.093363,47.876324,-0.217039
1.400000,scenario-defined,0,1,vehicle,7,1,52.205268,32.389827,44.083332,27.965155,-0.500000,2.200789,-90.000057,-1,1.0,500.0,120.0,MONITORING,,,8.333333,8.333333,52.205268,51.970342,-0.234926
1.400000,scenario-defined,0,2,vehicle,0,1,45.686505,23.465199,41.908327,18.192000,-0.500000,0.000000,-90.000057,-1,1.0,500.0,120.0,MONITORING,,,8.333333,8.333333,45.686505,45.134119,-0.552386
1.400000,scenario-defined,0,3,vehicle,0,1,47.726951,28.550100,41.923332,22.810000,-0.500000,0.000000,-90.000057,-1,1.0,500.0,120.0,MONITORING,,,8.333333,8.333333,47.726951,47.402207,-0.324744
1.450000,scenario-defined,0,1,vehicle,7,1,51.791319,32.528177,43.666665,27.848933,-0.500000,2.324432,-90.000057,-1,1.0,500.0,120.0,MONITORING,,,8.333333,8.333333,51.791319,51.337130,-0.454189
1.450000,scenario-defined,0,2,vehicle,0,1,45.304600,23.675027,41.491661,18.192000,-0.500000,0.000000,-90.000057,-1,1.0,500.0,120.0,MONITORING,,,8.333333,8.333333,45.304600,45.429328,0.124728
1.450000,scenario-defined,0,3,vehicle,0,1,47.361370,28.791008,41.506665,22.810000,-0.500000,0.000000,-90.000057,-1,1.0,500.0,120.0,MONITORING,,,8.333333,8.333333,47.361370,47.719418,0.358048
1.500000,scenario-defined,0,1,vehicle,7,1,51.374340,32.662951,43.249999,27.726529,-0.500000,2.448074,-90.000057,-1,1.0,500.0,120.0,MONITORING,,,8.333333,8.333333,51.374340,51.359566,-0.014773
1.500000,scenario-defined,0,2,vehicle,0,1,44.923312,23.888419,41.074994,18.192000,-0.500000,0.000000,-90.000057,-1,1.0,500.0,120.0,MONITORING,,,8.333333,8.333333,44.923312,45.001722,0.078409
1.500000,scenario-defined,0,3,vehicle,0,1,46.996639,29.035659,41.089999,22.810000,-0.500000,0.000000,-90.000057,-1,1.0,500.0,120.0,MONITORING,,,8.333333,8.333333,46.996639,47.047030,0.050391
1.550000,scenario-defined,0,1,vehicle,7,1,50.954301,32.794088,42.833332,27.597943,-0.500000,2.571717,-90.000057,-1,1.0,500.0,120.0,MONITORING,,,8.333333,8.333333,50.954301,51.822094,0.867793
1.550000,scenario-defined,0,2,vehicle,0,1,44.542659,24.105462,40.658327,18.192000,-0.500000,0.000000,-90.000057,-1,1.0,500.0,120.0,MONITORING,,,8.333333,8.333333,44.542659,44.810665,0.268007
1.550000,scenario-defined,0,3,vehicle,0,1,46.632778,29.284132,40.673332,22.810000,-0.500000,0.000000,-90.000057,-1,1.0,500.0,120.0,MONITORING,,,8.333333,8.333333,46.632778,46.714886,0.082108
1.600000,scenario-defined,0,1,vehicle,7,1,50.531173,32.921520,42.416665,27.463175,-0.500000,2.695359,-90.000057,-1,1.0,500.0,120.0,MONITORING,,,8.333333,8.333333,50.531173,49.722418,-0.808755
1.600000,scenario-defined,0,2,vehicle,0,1,44.162655,24.326242,40.241661,18.192000,-0.500000,0.000000,-90.000057,-1,1.0,500.0,120.0,MONITORING,,,8.333333,8.333333,44.162655,44.433671,0.271016
1.600000,scenario-defined,0,3,vehicle,0,1,46.269809,29.536509,40.256665,22.810000,-0.500000,0.000000,-90.000057,-1,1.0,500.0,120.0,MONITORING,,,8.333333,8.333333,46.269809,46.384123,0.114314
1.650000,scenario-defined,0,1,vehicle,7,1,50.104929,33.045178,41.999999,27.322225,-0.500000,2.819001,-90.000057,-1,1.0,500.0,120.0,MONITORING,,,8.333333,8.333333,50.104929,51.086482,0.981553
1.650000,scenario-defined,0,2,vehicle,0,1,43.783319,24.550852,39.824994,18.192000,-0.500000,0.000000,-90.000057,-1,1.0,500.0,120.0,MONITORING,,,8.333333,8.333333,43.783319,43.774347,-0.008972
1.650000,scenario-defined,0,3,vehicle,0,1,45.907751,29.792871,39.839999,22.810000,-0.500000,0.000000,-90.000057,-1,1.0,500.0,120.0,MONITORING,,,8.333333,8.333333,45.907751,46.493681,0.585930
1.700000,scenario-defined,0,1,vehicle,7,1,49.675539,33.164988,41.583332,27.175093,-0.500000,2.942644,-90.000057,-1,1.0,500.0,120.0,MONITORING,,,8.333333,8.333333,49.675539,49.567876,-0.107663
1.700000,scenario-defined,0,2,vehicle,0,1,43.404667,24.779385,39.408327,18.192000,-0.500000,0.000000,-90.000057,-1,1.0,500.0,120.0,MONITORING,,,8.333333,8.333333,43.404667,43.882585,0.477918
1.700000,scenario-defined,0,3,vehicle,0,1,45.546627,30.053304,39.423332,22.810000,-0.500000,0.000000,-90.000057,-1,1.0,500.0,120.0,MONITORING,,,8.333333,8.333333,45.546627,45.581162,0.034536
1.750000,scenario-defined,0,1,vehicle,7,1,49.242978,33.280875,41.166665,27.021779,-0.500000,3.066286,-90.000057,-1,1.0,500.0,120.0,MONITORING,,,8.333333,8.333333,49.242978,49.088097,-0.154881
1.750000,scenario-defined,0,2,vehicle,0,1,43.026718,25.011936,38.991661,18.192000,-0.500000,0.000000,-90.000057,-1,1.0,500.0,120.0,MONITORING,,,8.333333,8.333333,43.026718,42.688184,-0.338534
1.750000,scenario-defined,0,3,vehicle,0,1,45.186459,30.317894,39.006665,22.810000,-0.500000,0.000000,-90.000057,-1,1.0,500.0,120.0,MONITORING,,,8.333333,8.333333,45.186459,45.141149,-0.045309
1.800000,scenario-defined,0,1,vehicle,7,1,48.807219,33.392757,40.749999,26.862282,-0.500000,3.189929,-90.000057,-1,1.0,500.0,120.0,MONITORING,,,8.333333,8.333333,48.807219,49.234215,0.426996
1.800000,scenario-defined,0,2,vehicle,0,1,42.649490,25.248605,38.574994,18.192000,-0.500000,0.000000,-90.000057,-1,1.0,500.0,120.0,MONITORING,,,8.333333,8.333333,42.649490,42.894403,0.244912
1.800000,scenario-defined,0,3,vehicle,0,1,44.827270,30.586730,38.589999,22.810000,-0.500000,0.000000,-90.000057,-1,1.0,500.0,120.0,MONITORING,,,8.333333,8.333333,44.827270,45.033935,0.206665
1.850000,scenario-defined,0,1,vehicle,7,1,48.368237,33.500547,40.333332,26.696604,-0.500000,3.313571,-90.000057,-1,1.0,500.0,120.0,MONITORING,,,8.333333,8.333333,48.368237,47.655475,-0.712762
1.850000,scenario-defined,0,2,vehicle,0,1,42.273003,25.489493,38.158327,18.192000,-0.500000,0.000000,-90.000057,-1,1.0,500.0,120.0,MONITORING,,,8.333333,8.333333,42.273003,42.486293,0.213289
1.850000,scenario-defined,0,3,vehicle,0,1,44.469083,30.859903,38.173332,22.810000,-0.500000,0.000000,-90.000057,-1,1.0,500.0,120.0,MONITORING,,,8.333333,8.333333,44.469083,44.635839,0.166756
1.900000,scenario-defined,0,1,vehicle,7,1,47.926007,33.604157,39.916665,26.524743,-0.500000,3.437214,-90.000057,-1,1.0,500.0,120.0,MONITORING,,,8.333333,8.333333,47.926007,47.761029,-0.164978
1.900000,scenario-defined,0,2,vehicle,0,1,41.897277,25.734707,37.741661,18.192000,-0.500000,0.000000,-90.000057,-1,1.0,500.0,120.0,MONITORING,,,8.333333,8.333333,41.897277,41.709062,-0.188215
1.900000,scenario-defined,0,3,vehicle,0,1,44.111924,31.137506,37.756665,22.810000,-0.500000,0.000000,-90.000057,-1,1.0,500.0,120.0,MONITORING,,,8.333333,8.333333,44.111924,44.111231,-0.000693
1.950000,scenario-defined,0,1,vehicle,7,1,47.480507,33.703490,39.499999,26.346700,-0.500000,3.560856,-90.000057,-1,1.0,500.0,120.0,MONITORING,,,8.333333,8.333333,47.480507,47.997970,0.517463
1.950000,scenario-defined,0,2,vehicle,0,1,41.522332,25.984353,37.324994,18.192000,-0.500000,0.000000,-90.000057,-1,1.0,500.0,120.0,MONITORING,,,8.333333,8.333333,41.522332,41.205802,-0.316530
1.950000,scenario-defined,0,3,vehicle,0,1,43.755818,31.419635,37.339999,22.810000,-0.500000,0.000000,-90.000057,-1,1.0,500.0,120.0,MONITORING,,,8.333333,8.333333,43.755818,43.627476,-0.128342
2.000000,scenario-defined,0,1,vehicle,7,1,47.031712,33.798446,39.083332,26.162475,-0.500000,3.684499,-90.000057,-1,1.0,500.0,120.0,MONITORING,,,8.333333,8.333333,47.031712,47.440248,0.408535
2.000000,scenario-defined,0,2,vehicle,0,1,41.148189,26.238545,36.908327,18.192000,-0.500000,0.000000,-90.000057,-1,1.0,500.0,120.0,MONITORING,,,8.333333,8.333333,41.148189,41.014344,-0.133845
2.000000,scenario-defined,0,3,vehicle,0,1,43.400790,31.706386,36.923332,22.810000,-0.500000,0.000000,-90.000057,-1,1.0,500.0,120.0,MONITORING,,,8.333333,8.333333,43.400790,43.291514,-0.109275
2.050000,scenario-defined,0,1,vehicle,7,1,46.579602,33.888920,38.666665,25.972068,-0.500000,3.808141,-90.000057,-1,1.0,500.0,120.0,MONITORING,,,8.333333,8.333333,46.579602,46.608935,0.029333
2.050000,scenario-defined,0,2,vehicle,0,1,40.774872,26.497396,36.491661,18.192000,-0.500000,0.000000,-90.000057,-1,1.0,500.0,120.0,MONITORING,,,8.333333,8.333333,40.774872,40.402485,-0.372387
2.050000,scenario-defined,0,3,vehicle,0,1,43.046866,31.997860,36.506665,22.810000,-0.500000,0.000000,-90.000057,-1,1.0,500.0,120.0,MONITORING,,,8.333333,8.333333,43.046866,43.112850,0.065984
2.100000,scenario-defined,0,1,vehicle,7,1,46.124156,33.974799,38.249999,25.775479,-0.500000,3.931784,-90.000057,-1,1.0,500.0,120.0,MONITORING,,,8.333333,8.333333,46.124156,45.761270,-0.362885
2.100000,scenario-defined,0,2,vehicle,0,1,40.402402,26.761025,36.074994,18.192000,-0.500000,0.000000,-90.000057,-1,1.0,500.0,120.0,MONITORING,,,8.333333,8.333333,40.402402,40.667961,0.265559
2.100000,scenario-defined,0,3,vehicle,0,1,42.694076,32.294158,36.089999,22.810000,-0.500000,0.000000,-90.000057,-1,1.0,500.0,120.0,MONITORING,,,8.333333,8.333333,42.694076,42.695030,0.000954
2.150000,scenario-defined,0,1,vehicle,7,1,45.665352,34.055965,37.833332,25.572708,-0.500000,4.055426,-90.000057,-1,1.0,500.0,120.0,MONITORING,,,8.333333,8.333333,45.665352,46.350382,0.685029
2.150000,scenario-defined,0,2,vehicle,0,1,40.030803,27.029554,35.658327,18.192000,-0.500000,0.000000,-90.000057,-1,1.0,500.0,120.0,MONITORING,,,8.333333,8.333333,40.030803,40.115055,0.084252
2.150000,scenario-defined,0,3,vehicle,0,1,42.342446,32.595386,35.673332,22.810000,-0.500000,0.000000,-90.000057,-1,1.0,500.0,120.0,MONITORING,,,8.333333,8.333333,42.342446,42.752153,0.409707
2.200000,scenario-defined,0,1,vehicle,7,1,45.203173,34.132293,37.416665,25.363755,-0.500000,4.179068,-90.000057,-1,1.0,500.0,120.0,MONITORING,,,8.333333,8.333333,45.203173,44.812194,-0.390979
2.200000,scenario-defined,0,2,vehicle,0,1,39.660100,27.303110,35.241661,18.192000,-0.500000,0.000000,-90.000057,-1,1.0,500.0,120.0,MONITORING,,,8.333333,8.333333,39.660100,39.623458,-0.036642
2.200000,scenario-defined,0,3,vehicle,0,1,41.992006,32.901650,35.256665,22.810000,-0.500000,0.000000,-90.000057,-1,1.0,500.0,120.0,MONITORING,,,8.333333,8.333333,41.992006,42.088950,0.096944
2.250000,scenario-defined,0,1,vehicle,7,1,44.737601,34.203650,36.999999,25.148619,-0.500000,4.302711,-90.000057,-1,1.0,500.0,120.0,MONITORING,,,8.333333,8.333333,44.737601,45.261317,0.523716
2.250000,scenario-defined,0,2,vehicle,0,1,39.290318,27.581821,34.824994,18.192000,-0.500000,0.000000,-90.000057,-1,1.0,500.0,120.0,MONITORING,,,8.333333,8.333333,39.290318,38.786043,-0.504275
2.250000,scenario-defined,0,3,vehicle,0,1,41.642786,33.213060,34.839999,22.810000,-0.500000,0.000000,-90.000057,-1,1.0,500.0,120.0,MONITORING,,,8.333333,8.333333,41.642786,41.939972,0.297186
2.300000,scenario-defined,0,1,vehicle,7,1,44.268618,34.269896,36.583332,24.927301,-0.500000,4.426353,-90.000057,-1,1.0,500.0,120.0,MONITORING,,,8.333333,8.333333,44.268618,44.446024,0.177406
2.300000,scenario-defined,0,2,vehicle,0,1,38.921483,27.865821,34.408327,18.192000,-0.500000,0.000000,-90.000057,-1,1.0,500.0,120.0,MONITORING,,,8.333333,8.333333,38.921483,39.381547,0.460064
2.300000,scenario-defined,0,3,vehicle,0,1,41.294817,33.529727,34.423332,22.810000,-0.500000,0.000000,-90.000057,-1,1.0,500.0,120.0,MONITORING,,,8.333333,8.333333,41.294817,41.508532,0.213716
2.350000,scenario-defined,0,1,vehicle,7,1,43.796209,34.330882,36.166665,24.699802,-0.500000,4.549996,-90.000057,-1,1.0,500.0,120.0,MONITORING,,,8.333333,8.333333,43.796209,43.811830,0.015621
2.350000,scenario-defined,0,2,vehicle,0,1,38.553623,28.155248,33.991661,18.192000,-0.500000,0.000000,-90.000057,-1,1.0,500.0,120.0,MONITORING,,,8.333333,8.333333,38.553623,38.397128,-0.156495
2.350000,scenario-defined,0,3,vehicle,0,1,40.948131,33.851767,34.006665,22.810000,-0.500000,0.000000,-90.000057,-1,1.0,500.0,120.0,MONITORING,,,8.333333,8.333333,40.948131,40.573677,-0.374454
2.400000,scenario-defined,0,1,vehicle,7,1,43.320358,34.386451,35.749999,24.466120,-0.500000,4.673638,-90.000057,-1,1.0,500.0,120.0,MONITORING,,,8.333333,8.333333,43.320358,43.378985,0.058627
2.400000,scenario-defined,0,2,vehicle,0,1,38.186766,28.450244,33.574994,18.192000,-0.500000,0.000000,-90.000057,-1,1.0,500.0,120.0,MONITORING,,,8.333333,8.333333,38.186766,38.129257,-0.057509
2.400000,scenario-defined,0,3,vehicle,0,1,40.602760,34.179296,33.589999,22.810000,-0.500000,0.000000,-90.000057,-1,1.0,500.0,120.0,MONITORING,,,8.333333,8.333333,40.602760,41.208840,0.606080
2.450000,scenario-defined,0,1,vehicle,7,1,42.841053,34.436436,35.333332,24.226256,-0.500000,4.797281,-90.000057,-1,1.0,500.0,120.0,MONITORING,,,8.333333,8.333333,42.841053,42.657746,-0.183307
2.450000,scenario-defined,0,2,vehicle,0,1,37.820941,28.750954,33.158328,18.192000,-0.500000,0.000000,-90.000057,-1,1.0,500.0,120.0,MONITORING,,,8.333333,8.333333,37.820941,37.917058,0.096118
2.450000,scenario-defined,0,3,vehicle,0,1,40.258739,34.512433,33.173332,22.810000,-0.500000,0.000000,-90.000057,-1,1.0,500.0,120.0,MONITORING,,,8.333333,8.333333,40.258739,39.788039,-0.470700
2.500000,scenario-defined,0,1,vehicle,7,1,42.358281,34.480659,34.916666,23.980209,-0.500000,4.920923,-90.000057,-1,1.0,500.0,120.0,MONITORING,,,8.333333,8.333333,42.358281,42.239642,-0.118639
2.500000,scenario-defined,0,2,vehicle,0,1,37.456177,29.057530,32.741661,18.192000,-0.500000,0.000000,-90.000057,-1,1.0,500.0,120.0,MONITORING,,,8.333333,8.333333,37.456177,37.534522,0.078344
2.500000,scenario-defined,0,3,vehicle,0,1,39.916102,34.851301,32.756666,22.810000,-0.500000,0.000000,-90.000057,-1,1.0,500.0,120.0,MONITORING,,,8.333333,8.333333,39.916102,40.163290,0.247188
2.550000,scenario-defined,0,1,vehicle,7,1,41.872031,34.518933,34.499999,23.727981,-0.500000,5.044566,-90.000057,-1,1.0,500.0,120.0,MONITORING,,,8.333333,8.333333,41.872031,42.306462,0.434431
2.550000,scenario-defined,0,2,vehicle,0,1,37.092508,29.370127,32.324994,18.192000,-0.500000,0.000000,-90.000057,-1,1.0,500.0,120.0,MONITORING,,,8.333333,8.333333,37.092508,37.079263,-0.013244
2.550000,scenario-defined,0,3,vehicle,0,1,39.574886,35.196025,32.339999,22.810000,-0.500000,0.000000,-90.000057,-1,1.0,500.0,120.0,MONITORING,,,8.333333,8.333333,39.574886,39.239713,-0.335173
2.600000,scenario-defined,0,1,vehicle,7,1,41.382294,34.551057,34.083332,23.469571,-0.500000,5.168208,-90.000057,-1,1.0,500.0,120.0,MONITORING,,,8.333333,8.333333,41.382294,41.519649,0.137355
2.600000,scenario-defined,0,2,vehicle,0,1,36.729964,29.688904,31.908328,18.192000,-0.500000,0.000000,-90.000057,-1,1.0,500.0,120.0,MONITORING,,,8.333333,8.333333,36.729964,36.885060,0.155096
2.600000,scenario-defined,0,3,vehicle,0,1,39.235128,35.546733,31.923332,22.810000,-0.500000,0.000000,-90.000057,-1,1.0,500.0,120.0,MONITORING,,,8.333333,8.333333,39.235128,39.382625,0.147498
2.650000,scenario-defined,0,1,vehicle,7,1,40.889062,34.576818,33.666666,23.204978,-0.500000,5.291851,-90.000057,-1,1.0,500.0,120.0,MONITORING,,,8.333333,8.333333,40.889062,40.678976,-0.210086
2.650000,scenario-defined,0,2,vehicle,0,1,36.368579,30.014027,31.491661,18.192000,-0.500000,0.000000,-90.000057,-1,1.0,500.0,120.0,MONITORING,,,8.333333,8.333333,36.368579,36.708595,0.340015
2.650000,scenario-defined,0,3,vehicle,0,1,38.896865,35.903553,31.506666,22.810000,-0.500000,0.000000,-90.000057,-1,1.0,500.0,120.0,MONITORING,,,8.333333,8.333333,38.896865,38.923233,0.026369
2.700000,scenario-defined,0,1,vehicle,7,1,40.392327,34.595990,33.249999,22.934204,-0.500000,5.415493,-90.000057,-1,1.0,500.0,120.0,MONITORING,,,8.333333,8.333333,40.392327,40.602275,0.209947
2.700000,scenario-defined,0,2,vehicle,0,1,36.008390,30.345665,31.074994,18.192000,-0.500000,0.000000,-90.000057,-1,1.0,500.0,120.0,MONITORING,,,8.333333,8.333333,36.008390,36.390612,0.382222
2.700000,scenario-defined,0,3,vehicle,0,1,38.560137,36.266620,31.089999,22.810000,-0.500000,0.000000,-90.000057,-1,1.0,500.0,120.0,MONITORING,,,8.333333,8.333333,38.560137,38.742918,0.182782
2.750000,scenario-defined,0,1,vehicle,7,1,39.892086,34.608333,32.833332,22.657247,-0.500000,5.539135,-90.000057,-1,1.0,500.0,120.0,MONITORING,,,8.333333,8.333333,39.892086,39.978041,0.085955
2.750000,scenario-defined,0,2,vehicle,0,1,35.649431,30.683993,30.658328,18.192000,-0.500000,0.000000,-90.000057,-1,1.0,500.0,120.0,MONITORING,,,8.333333,8.333333,35.649431,36.295269,0.645839
2.750000,scenario-defined,0,3,vehicle,0,1,38.224984,36.636068,30.673332,22.810000,-0.500000,0.000000,-90.000057,-1,1.0,500.0,120.0,MONITORING,,,8.333333,8.333333,38.224984,38.298095,0.073111
2.800000,scenario-defined,0,1,vehicle,7,1,39.388335,34.613588,32.416666,22.374108,-0.500000,5.662778,-90.000057,-1,1.0,500.0,120.0,MONITORING,,,8.333333,8.333333,39.388335,39.299545,-0.088789
2.800000,scenario-defined,0,2,vehicle,0,1,35.291740,31.029191,30.241661,18.192000,-0.500000,0.000000,-90.000057,-1,1.0,500.0,120.0,MONITORING,,,8.333333,8.333333,35.291740,35.325330,0.033590
2.800000,scenario-defined,0,3,vehicle,0,1,37.891449,37.012036,30.256666,22.810000,-0.500000,0.000000,-90.000057,-1,1.0,500.0,120.0,MONITORING,,,8.333333,8.333333,37.891449,38.336280,0.444831
2.850000,scenario-defined,0,1,vehicle,7,1,38.887630,34.625480,31.999999,22.096330,-0.500000,5.555556,-90.000057,-1,1.0,500.0,120.0,MONITORING,,,8.333333,8.333333,38.887630,38.923243,0.035614
2.850000,scenario-defined,0,2,vehicle,0,1,34.935357,31.381446,29.824994,18.192000,-0.500000,0.000000,-90.000057,-1,1.0,500.0,120.0,MONITORING,,,8.333333,8.333333,34.935357,35.091170,0.155813
2.850000,scenario-defined,0,3,vehicle,0,1,37.559575,37.394666,29.839999,22.810000,-0.500000,0.000000,-90.000057,-1,1.0,500.0,120.0,MONITORING,,,8.333333,8.333333,37.559575,37.918294,0.358719
2.900000,scenario-defined,0,1,vehicle,7,1,38.386926,34.637682,31.583332,21.818552,-0.500000,5.555556,-90.000057,-1,1.0,500.0,120.0,MONITORING,,,8.333333,8.333333,38.386926,38.233069,-0.153858
2.900000,scenario-defined,0,2,vehicle,0,1,34.580321,31.740947,29.408328,18.192000,-0.500000,0.000000,-90.000057,-1,1.0,500.0,120.0,MONITORING,,,8.333333,8.333333,34.580321,34.062350,-0.517971
2.900000,scenario-defined,0,3,vehicle,0,1,37.229405,37.784099,29.423332,22.810000,-0.500000,0.000000,-90.000057,-1,1.0,500.0,120.0,MONITORING,,,8.333333,8.333333,37.229405,37.319232,0.089827
2.950000,scenario-defined,0,1,vehicle,7,1,37.886225,34.650207,31.166666,21.540775,-0.500000,5.555556,-90.000057,-1,1.0,500.0,120.0,MONITORING,,,8.333333,8.333333,37.886225,37.955145,0.068920
2.950000,scenario-defined,0,2,vehicle,0,1,34.226675,32.107892,28.991661,18.192000,-0.500000,0.000000,-90.000057,-1,1.0,500.0,120.0,MONITORING,,,8.333333,8.333333,34.226675,34.044272,-0.182403
2.950000,scenario-defined,0,3,vehicle,0,1,36.900986,38.180483,29.006666,22.810000,-0.500000,0.000000,-90.000057,-1,1.0,500.0,120.0,MONITORING,,,8.333333,8.333333,36.900986,37.162312,0.261326
3.000000,scenario-defined,0,1,vehicle,7,1,37.385525,34.663067,30.749999,21.262997,-0.500000,5.555556,-90.000057,-1,1.0,500.0,120.0,MONITORING,,,8.333333,8.333333,37.385525,37.567795,0.182270
3.000000,scenario-defined,0,2,vehicle,0,1,33.874462,32.482484,28.574994,18.192000,-0.500000,0.000000,-90.000057,-1,1.0,500.0,120.0,MONITORING,,,8.333333,8.333333,33.874462,33.575964,-0.298498
3.000000,scenario-defined,0,3,vehicle,0,1,36.574365,38.583966,28.589999,22.810000,-0.500000,0.000000,-90.000057,-1,1.0,500.0,120.0,MONITORING,,,8.333333,8.333333,36.574365,36.729830,0.155466
3.050000,scenario-defined,0,1,vehicle,7,1,36.884827,34.676276,30.333332,20.985219,-0.500000,5.555556,-90.000057,-1,1.0,500.0,120.0,MONITORING,,,8.333333,8.333333,36.884827,36.825996,-0.058831
3.050000,scenario-defined,0,2,vehicle,0,1,33.523727,32.864930,28.158328,18.192000,-0.500000,0.000000,-90.000057,-1,1.0,500.0,120.0,MONITORING,,,8.333333,8.333333,33.523727,33.078820,-0.444908
3.050000,scenario-defined,0,3,vehicle,0,1,36.249590,38.994700,28.173332,22.810000,-0.500000,0.000000,-90.000057,-1,1.0,500.0,120.0,MONITORING,,,8.333333,8.333333,36.249590,36.385475,0.135885
3.100000,scenario-defined,0,1,vehicle,7,1,36.384131,34.689849,29.916666,20.707441,-0.500000,5.555556,-90.000057,-1,1.0,500.0,120.0,MONITORING,,,8.333333,8.333333,36.384131,36.370567,-0.013564
3.100000,scenario-defined,0,2,vehicle,0,1,33.174518,33.255445,27.741661,18.192000,-0.500000,0.000000,-90.000057,-1,1.0,500.0,120.0,MONITORING,,,8.333333,8.333333,33.174518,32.950933,-0.223585
3.100000,scenario-defined,0,3,vehicle,0,1,35.926711,39.412838,27.756666,22.810000,-0.500000,0.000000,-90.000057,-1,1.0,500.0,120.0,MONITORING,,,8.333333,8.333333,35.926711,36.083595,0.156884
3.150000,scenario-defined,0,1,vehicle,7,1,35.883438,34.703801,29.499999,20.429663,-0.500000,5.555556,-90.000057,-1,1.0,500.0,120.0,MONITORING,,,8.333333,8.333333,35.883438,36.029865,0.146428
3.150000,scenario-defined,0,2,vehicle,0,1,32.826882,33.654251,27.324994,18.192000,-0.500000,0.000000,-90.000057,-1,1.0,500.0,120.0,MONITORING,,,8.333333,8.333333,32.826882,32.653621,-0.173261
3.150000,scenario-defined,0,3,vehicle,0,1,35.605781,39.838537,27.339999,22.810000,-0.500000,0.000000,-90.000057,-1,1.0,500.0,120.0,MONITORING,,,8.333333,8.333333,35.605781,35.725887,0.120106
3.200000,scenario-defined,0,1,vehicle,7,1,35.382746,34.718148,29.083332,20.151886,-0.500000,5.555556,-90.000057,-1,1.0,500.0,120.0,MONITORING,,,8.333333,8.333333,35.382746,35.687265,0.304519
3.200000,scenario-defined,0,2,vehicle,0,1,32.480871,34.061573,26.908328,18.192000,-0.500000,0.000000,-90.000057,-1,1.0,500.0,120.0,MONITORING,,,8.333333,8.333333,32.480871,32.267071,-0.213800
3.200000,scenario-defined,0,3,vehicle,0,1,35.286852,40.271956,26.923332,22.810000,-0.500000,0.000000,-90.000057,-1,1.0,500.0,120.0,MONITORING,,,8.333333,8.333333,35.286852,35.401119,0.114267
3.250000,scenario-defined,0,1,vehicle,7,1,34.882057,34.732906,28.666666,19.874108,-0.500000,5.555556,-90.000057,-1,1.0,500.0,120.0,MONITORING,,,8.333333,8.333333,34.882057,34.882883,0.000827
3.250000,scenario-defined,0,2,vehicle,0,1,32.136536,34.477645,26.491661,18.192000,-0.500000,0.000000,-90.000057,-1,1.0,500.0,120.0,MONITORING,,,8.333333,8.333333,32.136536,32.816340,0.679803
3.250000,scenario-defined,0,3,vehicle,0,1,34.969979,40.713255,26.506666,22.810000,-0.500000,0.000000,-90.000057,-1,1.0,500.0,120.0,MONITORING,,,8.333333,8.333333,34.969979,34.411288,-0.558691
3.300000,scenario-defined,0,1,vehicle,7,1,34.381370,34.748094,28.249999,19.596330,-0.500000,5.555556,-90.000057,-1,1.0,500.0,120.0,MONITORING,,,8.333333,8.333333,34.381370,34.589955,0.208585
3.300000,scenario-defined,0,2,vehicle,0,1,31.793933,34.902708,26.074994,18.192000,-0.500000,0.000000,-90.000057,-1,1.0,500.0,120.0,MONITORING,,,8.333333,8.333333,31.793933,31.702060,-0.091874
3.300000,scenario-defined,0,3,vehicle,0,1,34.655218,41.162597,26.089999,22.810000,-0.500000,0.000000,-90.000057,-1,1.0,500.0,120.0,MONITORING,,,8.333333,8.333333,34.655218,34.625159,-0.030059
3.350000,scenario-defined,0,1,vehicle,7,1,33.880686,34.763731,27.833332,19.318552,-0.500000,5.555556,-90.000057,-1,1.0,500.0,120.0,MONITORING,,,8.333333,8.333333,33.880686,34.451162,0.570477
3.350000,scenario-defined,0,2,vehicle,0,1,31.453118,35.337006,25.658328,18.192000,-0.500000,0.000000,-90.000057,-1,1.0,500.0,120.0,MONITORING,,,8.333333,8.333333,31.453118,31.450546,-0.002572
3.350000,scenario-defined,0,3,vehicle,0,1,34.342628,41.620147,25.673332,22.810000,-0.500000,0.000000,-90.000057,-1,1.0,500.0,120.0,MONITORING,,,8.333333,8.333333,34.342628,35.014911,0.672283
3.400000,scenario-defined,0,1,vehicle,7,1,33.380004,34.779838,27.416666,19.040774,-0.500000,5.555556,-90.000057,-1,1.0,500.0,120.0,MONITORING,,,8.333333,8.333333,33.380004,33.247359,-0.132644
3.400000,scenario-defined,0,2,vehicle,0,1,31.114150,35.780793,25.241661,18.192000,-0.500000,0.000000,-90.000057,-1,1.0,500.0,120.0,MONITORING,,,8.333333,8.333333,31.114150,31.219304,0.105154
3.400000,scenario-defined,0,3,vehicle,0,1,34.032268,42.086073,25.256666,22.810000,-0.500000,0.000000,-90.000057,-1,1.0,500.0,120.0,MONITORING,,,8.333333,8.333333,34.032268,33.885014,-0.147254
3.450000,scenario-defined,0,1,vehicle,7,1,32.879325,34.796434,26.999999,18.762997,-0.500000,5.555556,-90.000057,-1,1.0,500.0,120.0,MONITORING,,,8.333333,8.333333,32.879325,32.672118,-0.207206
3.450000,scenario-defined,0,2,vehicle,0,1,30.777089,36.234328,24.824995,18.192000,-0.500000,0.000000,-90.000057,-1,1.0,500.0,120.0,MONITORING,,,8.333333,8.333333,30.777089,30.795834,0.018745
3.450000,scenario-defined,0,3,vehicle,0,1,33.724200,42.560544,24.839999,22.810000,-0.500000,0.000000,-90.000057,-1,1.0,500.0,120.0,MONITORING,,,8.333333,8.333333,33.724200,33.639428,-0.084771
3.500000,scenario-defined,0,1,vehicle,7,1,32.378648,34.813545,26.583333,18.485219,-0.500000,5.555556,-90.000057,-1,1.0,500.0,120.0,MONITORING,,,8.333333,8.333333,32.378648,32.439396,0.060747
3.500000,scenario-defined,0,2,vehicle,0,1,30.442000,36.697877,24.408328,18.192000,-0.500000,0.000000,-90.000057,-1,1.0,500.0,120.0,MONITORING,,,8.333333,8.333333,30.442000,29.810491,-0.631508
3.500000,scenario-defined,0,3,vehicle,0,1,33.418487,43.043729,24.423333,22.810000,-0.500000,0.000000,-90.000057,-1,1.0,500.0,120.0,MONITORING,,,8.333333,8.333333,33.418487,34.019227,0.600740
3.550000,scenario-defined,0,1,vehicle,7,1,31.877975,34.831192,26.166666,18.207441,-0.500000,5.555556,-90.000057,-1,1.0,500.0,120.0,MONITORING,,,8.333333,8.333333,31.877975,31.827876,-0.050099
3.550000,scenario-defined,0,2,vehicle,0,1,30.108947,37.171713,23.991661,18.192000,-0.500000,0.000000,-90.000057,-1,1.0,500.0,120.0,MONITORING,,,8.333333,8.333333,30.108947,30.631818,0.522872
3.550000,scenario-defined,0,3,vehicle,0,1,33.115194,43.535800,24.006666,22.810000,-0.500000,0.000000,-90.000057,-1,1.0,500.0,120.0,MONITORING,,,8.333333,8.333333,33.115194,32.813061,-0.302134
3.600000,scenario-defined,0,1,vehicle,7,1,31.377305,34.849403,25.749999,17.929663,-0.500000,5.555556,-90.000057,-1,1.0,500.0,120.0,MONITORING,,,8.333333,8.333333,31.377305,31.465066,0.087761
3.600000,scenario-defined,0,2,vehicle,0,1,29.777999,37.656115,23.574995,18.192000,-0.500000,0.000000,-90.000057,-1,1.0,500.0,120.0,MONITORING,,,8.333333,8.333333,29.777999,30.727482,0.949483
3.600000,scenario-defined,0,3,vehicle,0,1,32.814390,44.036930,23.589999,22.810000,-0.500000,0.000000,-90.000057,-1,1.0,500.0,120.0,MONITORING,,,8.333333,8.333333,32.814390,32.553471,-0.260919
3.650000,scenario-defined,0,1,vehicle,7,1,30.876638,34.868204,25.333333,17.651885,-0.500000,5.555556,-90.000057,-1,1.0,500.0,120.0,MONITORING,,,8.333333,8.333333,30.876638,30.428048,-0.448590
3.650000,scenario-defined,0,2,vehicle,0,1,29.449228,38.151369,23.158328,18.192000,-0.500000,0.000000,-90.000057,-1,1.0,500.0,120.0,MONITORING,,,8.333333,8.333333,29.449228,29.285275,-0.163953
3.650000,scenario-defined,0,3,vehicle,0,1,32.516141,44.547293,23.173333,22.810000,-0.500000,0.000000,-90.000057,-1,1.0,500.0,120.0,MONITORING,,,8.333333,8.333333,32.516141,32.657888,0.141747
3.700000,scenario-defined,0,1,vehicle,7,1,30.375975,34.887625,24.916666,17.374108,-0.500000,5.555556,-90.000057,-1,1.0,500.0,120.0,MONITORING,,,8.333333,8.333333,30.375975,30.583977,0.208002
3.700000,scenario-defined,0,2,vehicle,0,1,29.122706,38.657767,22.741661,18.192000,-0.500000,0.000000,-90.000057,-1,1.0,500.0,120.0,MONITORING,,,8.333333,8.333333,29.122706,29.509816,0.387110
3.700000,scenario-defined,0,3,vehicle,0,1,32.220521,45.067063,22.756666,22.810000,-0.500000,0.000000,-90.000057,-1,1.0,500.0,120.0,MONITORING,,,8.333333,8.333333,32.220521,32.143417,-0.077104
3.750000,scenario-defined,0,1,vehicle,7,1,29.875315,34.907697,24.499999,17.096330,-0.500000,5.555556,-90.000057,-1,1.0,500.0,120.0,MONITORING,,,8.333333,8.333333,29.875315,29.394640,-0.480675
3.750000,scenario-defined,0,2,vehicle,0,1,28.798511,39.175607,22.324995,18.192000,-0.500000,0.000000,-90.000057,-1,1.0,500.0,120.0,MONITORING,,,8.333333,8.333333,28.798511,28.668002,-0.130509
3.750000,scenario-defined,0,3,vehicle,0,1,31.927600,45.596414,22.339999,22.810000,-0.500000,0.000000,-90.000057,-1,1.0,500.0,120.0,MONITORING,,,8.333333,8.333333,31.927600,32.299667,0.372067
3.800000,scenario-defined,0,1,vehicle,7,1,29.374659,34.928453,24.083333,16.818552,-0.500000,5.555556,-90.000057,-1,1.0,500.0,120.0,MONITORING,,,8.333333,8.333333,29.374659,29.514358,0.139699
3.800000,scenario-defined,0,2,vehicle,0,1,28.476722,39.705195,21.908328,18.192000,-0.500000,0.000000,-90.000057,-1,1.0,500.0,120.0,MONITORING,,,8.333333,8.333333,28.476722,27.889640,-0.587082
3.800000,scenario-defined,0,3,vehicle,0,1,31.637456,46.135521,21.923333,22.810000,-0.500000,0.000000,-90.000057,-1,1.0,500.0,120.0,MONITORING,,,8.333333,8.333333,31.637456,31.626940,-0.010515
3.850000,scenario-defined,0,1,vehicle,7,1,28.874007,34.949929,23.666666,16.540774,-0.500000,5.555556,-90.000057,-1,1.0,500.0,120.0,MONITORING,,,8.333333,8.333333,28.874007,29.293458,0.419450
3.850000,scenario-defined,0,2,vehicle,0,1,28.157421,40.246841,21.491661,18.192000,-0.500000,0.000000,-90.000057,-1,1.0,500.0,120.0,MONITORING,,,8.333333,8.333333,28.157421,28.795386,0.637964
3.850000,scenario-defined,0,3,vehicle,0,1,31.350164,46.684559,21.506666,22.810000,-0.500000,0.000000,-90.000057,-1,1.0,500.0,120.0,MONITORING,,,8.333333,8.333333,31.350164,31.518670,0.168506
3.900000,scenario-defined,0,1,vehicle,7,1,28.373359,34.972163,23.249999,16.262996,-0.500000,5.555556,-90.000057,-1,1.0,500.0,120.0,MONITORING,,,8.333333,8.333333,28.373359,28.466150,0.092791
3.900000,scenario-defined,0,2,vehicle,0,1,27.840694,40.800861,21.074995,18.192000,-0.500000,0.000000,-90.000057,-1,1.0,500.0,120.0,MONITORING,,,8.333333,8.333333,27.840694,27.468633,-0.372062
3.900000,scenario-defined,0,3,vehicle,0,1,31.065804,47.243699,21.089999,22.810000,-0.500000,0.000000,-90.000057,-1,1.0,500.0,120.0,MONITORING,,,8.333333,8.333333,31.065804,30.812831,-0.252973
3.950000,scenario-defined,0,1,vehicle,7,1,27.872716,34.995196,22.833333,15.985219,-0.500000,5.555556,-90.000057,-1,1.0,500.0,120.0,MONITORING,,,8.333333,8.333333,27.872716,27.886791,0.014075
3.950000,scenario-defined,0,2,vehicle,0,1,27.526630,41.367577,20.658328,18.192000,-0.500000,0.000000,-90.000057,-1,1.0,500.0,120.0,MONITORING,,,8.333333,8.333333,27.526630,27.677590,0.150959
3.950000,scenario-defined,0,3,vehicle,0,1,30.784457,47.813115,20.673333,22.810000,-0.500000,0.000000,-90.000057,-1,1.0,500.0,120.0,MONITORING,,,8.333333,8.333333,30.784457,30.958512,0.174055
4.000000,scenario-defined,0,1,vehicle,7,1,27.372077,35.019071,22.416666,15.707441,-0.500000,5.555556,-90.000057,-1,1.0,500.0,120.0,MONITORING,,,8.333333,8.333333,27.372077,27.228615,-0.143463
4.000000,scenario-defined,0,2,vehicle,0,1,27.215321,41.947317,20.241661,18.192000,-0.500000,0.000000,-90.000057,-1,1.0,500.0,120.0,MONITORING,,,8.333333,8.333333,27.215321,26.869739,-0.345583
4.000000,scenario-defined,0,3,vehicle,0,1,30.506206,48.392977,20.256666,22.810000,-0.500000,0.000000,-90.000057,-1,1.0,500.0,120.0,MONITORING,,,8.333333,8.333333,30.506206,30.272872,-0.233335
4.050000,scenario-defined,0,1,vehicle,7,1,26.871443,35.043836,21.999999,15.429663,-0.500000,5.555556,-90.000057,-1,1.0,500.0,120.0,MONITORING,,,8.333333,8.333333,26.871443,26.524351,-0.347092
4.050000,scenario-defined,0,2,vehicle,0,1,26.906863,42.540410,19.824995,18.192000,-0.500000,0.000000,-90.000057,-1,1.0,500.0,120.0,MONITORING,,,8.333333,8.333333,26.906863,27.099886,0.193023
4.050000,scenario-defined,0,3,vehicle,0,1,30.231137,48.983452,19.839999,22.810000,-0.500000,0.000000,-90.000057,-1,1.0,500.0,120.0,MONITORING,,,8.333333,8.333333,30.231137,29.537453,-0.693684
4.100000,scenario-defined,0,1,vehicle,7,1,26.370815,35.069541,21.583333,15.151885,-0.500000,5.555556,-90.000057,-1,1.0,500.0,120.0,MONITORING,,,8.333333,8.333333,26.370815,26.270831,-0.099983
4.100000,scenario-defined,0,2,vehicle,0,1,26.601355,43.147192,19.408328,18.192000,-0.500000,0.000000,-90.000057,-1,1.0,500.0,120.0,MONITORING,,,8.333333,8.333333,26.601355,26.736318,0.134963
4.100000,scenario-defined,0,3,vehicle,0,1,29.959338,49.584706,19.423333,22.810000,-0.500000,0.000000,-90.000057,-1,1.0,500.0,120.0,MONITORING,,,8.333333,8.333333,29.959338,30.415942,0.456604
4.150000,scenario-defined,0,1,vehicle,7,1,25.870192,35.096241,21.166666,14.874107,-0.500000,5.555556,-90.000057,-1,1.0,500.0,120.0,MONITORING,,,8.333333,8.333333,25.870192,25.891582,0.021390
4.150000,scenario-defined,0,2,vehicle,0,1,26.298899,43.768003,18.991661,18.192000,-0.500000,0.000000,-90.000057,-1,1.0,500.0,120.0,MONITORING,,,8.333333,8.333333,26.298899,26.599284,0.300385
4.150000,scenario-defined,0,3,vehicle,0,1,29.690899,50.196901,19.006666,22.810000,-0.500000,0.000000,-90.000057,-1,1.0,500.0,120.0,MONITORING,,,8.333333,8.333333,29.690899,29.571197,-0.119701
4.200000,scenario-defined,0,1,vehicle,7,1,25.369575,35.123994,20.749999,14.596330,-0.500000,5.555556,-90.000057,-1,1.0,500.0,120.0,MONITORING,,,8.333333,8.333333,25.369575,25.146253,-0.223321
4.200000,scenario-defined,0,2,vehicle,0,1,25.999602,44.403182,18.574995,18.192000,-0.500000,0.000000,-90.000057,-1,1.0,500.0,120.0,MONITORING,,,8.333333,8.333333,25.999602,25.797284,-0.202318
4.200000,scenario-defined,0,3,vehicle,0,1,29.425910,50.820193,18.589999,22.810000,-0.500000,0.000000,-90.000057,-1,1.0,500.0,120.0,MONITORING,,,8.333333,8.333333,29.425910,29.884111,0.458201
4.250000,scenario-defined,0,1,vehicle,7,1,24.868963,35.152865,20.333333,14.318552,-0.500000,5.555556,-90.000057,-1,1.0,500.0,120.0,MONITORING,,,8.333333,8.333333,24.868963,24.968386,0.099422
4.250000,scenario-defined,0,2,vehicle,0,1,25.703575,45.053074,18.158328,18.192000,-0.500000,0.000000,-90.000057,-1,1.0,500.0,120.0,MONITORING,,,8.333333,8.333333,25.703575,25.849794,0.146219
4.250000,scenario-defined,0,3,vehicle,0,1,29.164467,51.454737,18.173333,22.810000,-0.500000,0.000000,-90.000057,-1,1.0,500.0,120.0,MONITORING,,,8.333333,8.333333,29.164467,30.163547,0.999081
4.300000,scenario-defined,0,1,vehicle,7,1,24.368359,35.182922,19.916666,14.040774,-0.500000,5.555556,-90.000057,-1,1.0,500.0,120.0,MONITORING,,,8.333333,8.333333,24.368359,24.365125,-0.003234
4.300000,scenario-defined,0,2,vehicle,0,1,25.410931,45.718022,17.741661,18.192000,-0.500000,0.000000,-90.000057,-1,1.0,500.0,120.0,MONITORING,,,8.333333,8.333333,25.410931,25.597036,0.186105
4.300000,scenario-defined,0,3,vehicle,0,1,28.906665,52.100679,17.756666,22.810000,-0.500000,0.000000,-90.000057,-1,1.0,500.0,120.0,MONITORING,,,8.333333,8.333333,28.906665,28.998943,0.092277
4.350000,scenario-defined,0,1,vehicle,7,1,23.867762,35.214241,19.499999,13.762996,-0.500000,5.555556,-90.000057,-1,1.0,500.0,120.0,MONITORING,,,8.333333,8.333333,23.867762,23.845573,-0.022189
4.350000,scenario-defined,0,2,vehicle,0,1,25.121790,46.398369,17.324995,18.192000,-0.500000,0.000000,-90.000057,-1,1.0,500.0,120.0,MONITORING,,,8.333333,8.333333,25.121790,25.816641,0.694851
4.350000,scenario-defined,0,3,vehicle,0,1,28.652603,52.758162,17.339999,22.810000,-0.500000,0.000000,-90.000057,-1,1.0,500.0,120.0,MONITORING,,,8.333333,8.333333,28.652603,29.104585,0.451981
4.400000,scenario-defined,0,1,vehicle,7,1,23.367171,35.246901,19.083333,13.485218,-0.500000,5.555556,-90.000057,-1,1.0,500.0,120.0,MONITORING,,,8.333333,8.333333,23.367171,23.227224,-0.139948
4.400000,scenario-defined,0,2,vehicle,0,1,24.836272,47.094459,16.908328,18.192000,-0.500000,0.000000,-90.000057,-1,1.0,500.0,120.0,MONITORING,,,8.333333,8.333333,24.836272,24.796288,-0.039985
4.400000,scenario-defined,0,3,vehicle,0,1,28.402382,53.427318,16.923333,22.810000,-0.500000,0.000000,-90.000057,-1,1.0,500.0,120.0,MONITORING,,,8.333333,8.333333,28.402382,28.530883,0.128501
4.450000,scenario-defined,0,1,vehicle,7,1,22.866589,35.280990,18.666666,13.207441,-0.500000,5.555556,-90.000057,1,1.0,500.0,120.0,MONITORING,,,8.333333,8.333333,22.866589,22.944908,0.078318
4.450000,scenario-defined,0,2,vehicle,0,1,24.554506,47.806632,16.491662,18.192000,-0.500000,0.000000,-90.000057,-1,1.0,500.0,120.0,MONITORING,,,8.333333,8.333333,24.554506,24.419661,-0.134845
4.450000,scenario-defined,0,3,vehicle,0,1,28.156103,54.108275,16.506666,22.810000,-0.500000,0.000000,-90.000057,-1,1.0,500.0,120.0,MONITORING,,,8.333333,8.333333,28.156103,27.479434,-0.676668
4.500000,scenario-defined,0,1,vehicle,7,1,22.366016,35.316606,18.250000,12.929663,-0.500000,5.555556,-90.000057,1,1.0,500.0,120.0,MONITORING,,,8.333333,8.333333,22.366016,22.175379,-0.190637
4.500000,scenario-defined,0,2,vehicle,0,1,24.276621,48.535224,16.074995,18.192000,-0.500000,0.000000,-90.000057,-1,1.0,500.0,120.0,MONITORING,,,8.333333,8.333333,24.276621,24.269510,-0.007111
4.500000,scenario-defined,0,3,vehicle,0,1,27.913871,54.801150,16.090000,22.810000,-0.500000,0.000000,-90.000057,-1,1.0,500.0,120.0,MONITORING,,,8.333333,8.333333,27.913871,27.882910,-0.030961
4.550000,scenario-defined,0,1,vehicle,7,1,21.865451,35.353853,17.833333,12.651885,-0.500000,5.555556,-90.000057,1,1.0,500.0,120.0,MONITORING,,,8.333333,8.333333,21.865451,21.899973,0.034522
4.550000,scenario-defined,0,2,vehicle,0,1,24.002752,49.280564,15.658328,18.192000,-0.500000,0.000000,-90.000057,-1,1.0,500.0,120.0,MONITORING,,,8.333333,8.333333,24.002752,23.925785,-0.076967
4.550000,scenario-defined,0,3,vehicle,0,1,27.675792,55.506050,15.673333,22.810000,-0.500000,0.000000,-90.000057,-1,1.0,500.0,120.0,MONITORING,,,8.333333,8.333333,27.675792,27.308521,-0.367271
4.600000,scenario-defined,0,1,vehicle,7,1,21.364896,35.392845,17.416666,12.374107,-0.500000,5.555556,-90.000057,1,1.0,500.0,120.0,MONITORING,,,8.333333,8.333333,21.364896,21.162592,-0.202305
4.600000,scenario-defined,0,2,vehicle,0,1,23.733038,50.042977,15.241662,18.192000,-0.500000,0.000000,-90.000057,-1,1.0,500.0,120.0,MONITORING,,,8.333333,8.333333,23.733038,23.765957,0.032919
4.600000,scenario-defined,0,3,vehicle,0,1,27.441974,56.223072,15.256666,22.810000,-0.500000,0.000000,-90.000057,-1,1.0,500.0,120.0,MONITORING,,,8.333333,8.333333,27.441974,27.552991,0.111016
4.650000,scenario-defined,0,1,vehicle,7,1,20.864352,35.433707,17.000000,12.096329,-0.500000,5.555556,-90.000057,1,1.0,500.0,120.0,MONITORING,,,8.333333,8.333333,20.864352,20.963651,0.099299
4.650000,scenario-defined,0,2,vehicle,0,1,23.467623,50.822777,14.824995,18.192000,-0.500000,0.000000,-90.000057,-1,1.0,500.0,120.0,MONITORING,,,8.333333,8.333333,23.467623,23.546703,0.079080
4.650000,scenario-defined,0,3,vehicle,0,1,27.212528,56.952301,14.840000,22.810000,-0.500000,0.000000,-90.000057,-1,1.0,500.0,120.0,MONITORING,,,8.333333,8.333333,27.212528,27.155313,-0.057215
4.700000,scenario-defined,0,1,vehicle,7,1,20.363818,35.476579,16.583333,11.818552,-0.500000,5.555556,-90.000057,1,1.0,500.0,120.0,MONITORING,,,8.333333,8.333333,20.363818,20.498744,0.134926
4.700000,scenario-defined,0,2,vehicle,0,1,23.206654,51.620265,14.408328,18.192000,-0.500000,0.000000,-90.000057,-1,1.0,500.0,120.0,MONITORING,,,8.333333,8.333333,23.206654,23.193017,-0.013637
4.700000,scenario-defined,0,3,vehicle,0,1,26.987564,57.693810,14.423333,22.810000,-0.500000,0.000000,-90.000057,-1,1.0,500.0,120.0,MONITORING,,,8.333333,8.333333,26.987564,26.789313,-0.198251
4.750000,scenario-defined,0,1,vehicle,7,1,19.863297,35.521611,16.166666,11.540774,-0.500000,5.555556,-90.000057,1,1.0,500.0,120.0,MONITORING,,,8.333333,8.333333,19.863297,19.811239,-0.052058
4.750000,scenario-defined,0,2,vehicle,0,1,22.950282,52.435731,13.991662,18.192000,-0.500000,0.000000,-90.000057,-1,1.0,500.0,120.0,MONITORING,,,8.333333,8.333333,22.950282,22.891801,-0.058481
4.750000,scenario-defined,0,3,vehicle,0,1,26.767196,58.447656,14.006666,22.810000,-0.500000,0.000000,-90.000057,-1,1.0,500.0,120.0,MONITORING,,,8.333333,8.333333,26.767196,26.117475,-0.649721
4.800000,scenario-defined,0,1,vehicle,7,1,19.362788,35.568971,15.750000,11.262996,-0.500000,5.555556,-90.000057,1,1.0,500.0,120.0,MONITORING,,,8.333333,8.333333,19.362788,19.378421,0.015633
4.800000,scenario-defined,0,2,vehicle,0,1,22.698664,53.269448,13.574995,18.192000,-0.500000,0.000000,-90.000057,-1,1.0,500.0,120.0,MONITORING,,,8.333333,8.333333,22.698664,22.723653,0.024989
4.800000,scenario-defined,0,3,vehicle,0,1,26.551538,59.213882,13.590000,22.810000,-0.500000,0.000000,-90.000057,-1,1.0,500.0,120.0,MONITORING,,,8.333333,8.333333,26.551538,26.442859,-0.108680
4.850000,scenario-defined,0,1,vehicle,7,1,18.862294,35.618845,15.333333,10.985218,-0.500000,5.555556,-90.000057,1,1.0,500.0,120.0,MONITORING,,,8.333333,8.333333,18.862294,18.790909,-0.071384
4.850000,scenario-defined,0,2,vehicle,0,1,22.451959,54.121671,13.158328,18.192000,-0.500000,0.000000,-90.000057,-1,1.0,500.0,120.0,MONITORING,,,8.333333,8.333333,22.451959,22.489140,0.037180
4.850000,scenario-defined,0,3,vehicle,0,1,26.340706,59.992515,13.173333,22.810000,-0.500000,0.000000,-90.000057,-1,1.0,500.0,120.0,MONITORING,,,8.333333,8.333333,26.340706,26.855767,0.515061
4.900000,scenario-defined,0,1,vehicle,7,1,18.361814,35.671437,14.916666,10.707440,-0.500000,5.555556,-90.000057,1,1.0,500.0,120.0,MONITORING,,,8.333333,8.333333,18.361814,18.365639,0.003826
4.900000,scenario-defined,0,2,vehicle,0,1,22.210331,54.992633,12.741662,18.192000,-0.500000,0.000000,-90.000057,-1,1.0,500.0,120.0,MONITORING,,,8.333333,8.333333,22.210331,22.159568,-0.050763
4.900000,scenario-defined,0,3,vehicle,0,0,26.134817,60.783565,12.756666,22.810000,-0.500000,0.000000,-90.000057,-1,1.0,500.0,120.0,MONITORING,,,8.333333,8.333333,26.134817,26.134817,0.000000
4.950000,scenario-defined,0,1,vehicle,7,1,17.861351,35.726977,14.500000,10.429663,-0.500000,5.555556,-90.000057,1,1.0,500.0,120.0,MONITORING,,,8.333333,8.333333,17.861351,17.802206,-0.059145
4.950000,scenario-defined,0,2,vehicle,0,1,21.973947,55.882543,12.324995,18.192000,-0.500000,0.000000,-90.000057,-1,1.0,500.0,120.0,MONITORING,,,8.333333,8.333333,21.973947,21.966972,-0.006976
4.950000,scenario-defined,0,3,vehicle,0,0,25.933987,61.587021,12.340000,22.810000,-0.500000,0.000000,-90.000057,-1,1.0,500.0,120.0,MONITORING,,,8.333333,8.333333,25.933987,25.933987,0.000000
5.000000,scenario-defined,0,1,vehicle,7,1,17.360905,35.785719,14.083333,10.151885,-0.500000,5.555556,-90.000057,1,1.0,500.0,120.0,MONITORING,,,8.333333,8.333333,17.360905,17.234429,-0.126477
5.000000,scenario-defined,0,2,vehicle,0,1,21.742979,56.791583,11.908328,18.192000,-0.500000,0.000000,-90.000057,-1,1.0,500.0,120.0,MONITORING,,,8.333333,8.333333,21.742979,21.730453,-0.012526
5.000000,scenario-defined,0,3,vehicle,0,0,25.738337,62.402854,11.923333,22.810000,-0.500000,0.000000,-90.000057,-1,1.0,500.0,120.0,MONITORING,,,8.333333,8.333333,25.738337,25.738337,0.000000
5.050000,scenario-defined,0,1,vehicle,7,1,16.860479,35.847947,13.666666,9.874107,-0.500000,5.555556,-90.000057,1,1.0,500.0,120.0,MONITORING,,,8.333333,8.333333,16.860479,16.866597,0.006118
5.050000,scenario-defined,0,2,vehicle,0,1,21.517601,57.719904,11.491662,18.192000,-0.500000,0.000000,-90.000057,-1,1.0,500.0,120.0,MONITORING,,,8.333333,8.333333,21.517601,21.702069,0.184468
5.050000,scenario-defined,0,3,vehicle,0,0,25.547984,63.231015,11.506666,22.810000,-0.500000,0.000000,-90.000057,-1,1.0,500.0,120.0,MONITORING,,,8.333333,8.333333,25.547984,25.547984,0.000000
5.100000,scenario-defined,0,1,vehicle,7,1,16.360074,35.913983,13.250000,9.596329,-0.500000,5.555556,-90.000057,1,1.0,500.0,120.0,MONITORING,,,8.333333,8.333333,16.360074,16.454421,0.094347
5.100000,scenario-defined,0,2,vehicle,0,1,21.297990,58.667622,11.074995,18.192000,-0.500000,0.000000,-90.000057,-1,1.0,500.0,120.0,MONITORING,,,8.333333,8.333333,21.297990,21.401393,0.103403
5.100000,scenario-defined,0,3,vehicle,0,0,25.363048,64.071431,11.090000,22.810000,-0.500000,0.000000,-90.000057,-1,1.0,500.0,120.0,MONITORING,,,8.333333,8.333333,25.363048,25.363048,0.000000
5.150000,scenario-defined,0,1,vehicle,7,1,15.859692,35.984185,12.833333,9.318551,-0.500000,5.555556,-90.000057,1,1.0,500.0,120.0,MONITORING,,,8.333333,8.333333,15.859692,15.788397,-0.071295
5.150000,scenario-defined,0,2,vehicle,0,1,21.084327,59.634817,10.658328,18.192000,-0.500000,0.000000,-90.000057,-1,1.0,500.0,120.0,MONITORING,,,8.333333,8.333333,21.084327,21.151319,0.066992
5.150000,scenario-defined,0,3,vehicle,0,0,25.183648,64.924006,10.673333,22.810000,-0.500000,0.000000,-90.000057,-1,1.0,500.0,120.0,MONITORING,,,8.333333,8.333333,25.183648,25.183648,0.000000
5.200000,scenario-defined,0,1,vehicle,7,1,15.359336,36.058962,12.416666,9.040774,-0.500000,5.555556,-90.000057,1,1.0,500.0,120.0,MONITORING,,,8.333333,8.333333,15.359336,15.245397,-0.113938
5.200000,scenario-defined,0,2,vehicle,0,0,20.876793,60.621527,10.241662,18.192000,-0.500000,0.000000,-90.000057,-1,1.0,500.0,120.0,MONITORING,,,8.333333,8.333333,20.876793,20.876793,0.000000
5.200000,scenario-defined,0,3,vehicle,0,0,25.009904,65.788620,10.256666,22.810000,-0.500000,0.000000,-90.000057,-1,1.0,500.0,120.0,MONITORING,,,8.333333,8.333333,25.009904,25.009904,0.000000
5.250000,scenario-defined,0,1,vehicle,7,1,14.859007,36.138775,12.000000,8.762996,-0.500000,5.555556,-90.000057,1,1.0,500.0,120.0,MONITORING,,,8.333333,8.333333,14.859007,14.890203,0.031196
5.250000,scenario-defined,0,2,vehicle,0,0,20.675575,61.627747,9.824995,18.192000,-0.500000,0.000000,-90.000057,-1,1.0,500.0,120.0,MONITORING,,,8.333333,8.333333,20.675575,20.675575,0.000000
5.250000,scenario-defined,0,3,vehicle,0,0,24.841934,66.665129,9.840000,22.810000,-0.500000,0.000000,-90.000057,-1,1.0,500.0,120.0,MONITORING,,,8.333333,8.333333,24.841934,24.841934,0.000000
5.300000,scenario-defined,0,1,vehicle,7,1,14.358709,36.224149,11.583333,8.485218,-0.500000,5.555556,-90.000057,1,1.0,500.0,120.0,MONITORING,,,8.333333,8.333333,14.358709,14.400583,0.041874
5.300000,scenario-defined,0,2,vehicle,0,0,20.480857,62.653421,9.408328,18.192000,-0.500000,0.000000,-90.000057,-1,1.0,500.0,120.0,MONITORING,,,8.333333,8.333333,20.480857,20.480857,0.000000
5.300000,scenario-defined,0,3,vehicle,0,0,24.679856,67.553360,9.423333,22.810000,-0.500000,0.000000,-90.000057,-1,1.0,500.0,120.0,MONITORING,,,8.333333,8.333333,24.679856,24.679856,0.000000
5.350000,scenario-defined,0,1,vehicle,7,1,13.858446,36.315687,11.166666,8.207440,-0.500000,5.555556,-90.000057,1,1.0,500.0,120.0,MONITORING,,,8.333333,8.333333,13.858446,13.781805,-0.076641
5.350000,scenario-defined,0,2,vehicle,0,0,20.292827,63.698442,8.991662,18.192000,-0.500000,0.000000,-90.000057,-1,1.0,500.0,120.0,MONITORING,,,8.333333,8.333333,20.292827,20.292827,0.000000
5.350000,scenario-defined,0,3,vehicle,0,0,24.523787,68.453115,9.006666,22.810000,-0.500000,0.000000,-90.000057,-1,1.0,500.0,120.0,MONITORING,,,8.333333,8.333333,24.523787,24.523787,0.000000
5.400000,scenario-defined,0,1,vehicle,7,1,13.358220,36.414082,10.750000,7.929662,-0.500000,5.555556,-90.000057,1,1.0,500.0,120.0,MONITORING,,,8.333333,8.333333,13.358220,13.558158,0.199938
5.400000,scenario-defined,0,2,vehicle,0,0,20.111673,64.762649,8.574995,18.192000,-0.500000,0.000000,-90.000057,-1,1.0,500.0,120.0,MONITORING,,,8.333333,8.333333,20.111673,20.111673,0.000000
5.400000,scenario-defined,0,3,vehicle,0,0,24.373842,69.364168,8.590000,22.810000,-0.500000,0.000000,-90.000057,-1,1.0,500.0,120.0,MONITORING,,,8.333333,8.333333,24.373842,24.373842,0.000000
5.450000,scenario-defined,0,1,vehicle,7,1,12.858037,36.520132,10.333333,7.651885,-0.500000,5.555556,-90.000057,1,1.0,500.0,120.0,MONITORING,,,8.333333,8.333333,12.858037,12.914774,0.056737
5.450000,scenario-defined,0,2,vehicle,0,0,19.937582,65.845820,8.158329,18.192000,-0.500000,0.000000,-90.000057,-1,1.0,500.0,120.0,MONITORING,,,8.333333,8.333333,19.937582,19.937582,0.000000
5.450000,scenario-defined,0,3,vehicle,0,0,24.230136,70.286262,8.173333,22.810000,-0.500000,0.000000,-90.000057,-1,1.0,500.0,120.0,MONITORING,,,8.333333,8.333333,24.230136,24.230136,0.000000
5.500000,scenario-defined,0,1,vehicle,7,1,12.357901,36.634766,9.916667,7.374107,-0.500000,5.555556,-90.000057,1,1.0,500.0,120.0,MONITORING,,,8.333333,8.333333,12.357901,12.167628,-0.190273
5.500000,scenario-defined,0,2,vehicle,0,0,19.770741,66.947672,7.741662,18.192000,-0.500000,0.000000,-90.000057,-1,1.0,500.0,120.0,MONITORING,,,8.333333,8.333333,19.770741,19.770741,0.000000
5.500000,scenario-defined,0,3,vehicle,0,0,24.092778,71.219115,7.756667,22.810000,-0.500000,0.000000,-90.000057,-1,1.0,500.0,120.0,MONITORING,,,8.333333,8.333333,24.092778,24.092778,0.000000
5.550000,scenario-defined,0,1,vehicle,7,1,11.857819,36.759069,9.500000,7.096329,-0.500000,5.555556,-90.000057,1,1.0,500.0,120.0,MONITORING,,,8.333333,8.333333,11.857819,11.913105,0.055286
5.550000,scenario-defined,0,2,vehicle,0,0,19.611334,68.067856,7.324995,18.192000,-0.500000,0.000000,-90.000057,-1,1.0,500.0,120.0,MONITORING,,,8.333333,8.333333,19.611334,19.611334,0.000000
5.550000,scenario-defined,0,3,vehicle,0,0,23.961880,72.162412,7.340000,22.810000,-0.500000,0.000000,-90.000057,-1,1.0,500.0,120.0,MONITORING,,,8.333333,8.333333,23.961880,23.961880,0.000000
5.600000,scenario-defined,0,1,vehicle,7,1,11.357798,36.894319,9.083333,6.818551,-0.500000,5.555556,-90.000057,1,1.0,500.0,120.0,MONITORING,,,8.333333,8.333333,11.357798,11.317057,-0.040741
5.600000,scenario-defined,0,2,vehicle,0,0,19.459544,69.205956,6.908329,18.192000,-0.500000,0.000000,-90.000057,-1,1.0,500.0,120.0,MONITORING,,,8.333333,8.333333,19.459544,19.459544,0.000000
5.600000,scenario-defined,0,3,vehicle,0,0,23.837547,73.115810,6.923333,22.810000,-0.500000,0.000000,-90.000057,-1,1.0,500.0,120.0,MONITORING,,,8.333333,8.333333,23.837547,23.837547,0.000000
5.650000,scenario-defined,0,1,vehicle,7,1,10.857846,37.042024,8.666667,6.540773,-0.500000,5.555556,-90.000057,1,1.0,500.0,120.0,MONITORING,,,8.333333,8.333333,10.857846,10.857984,0.000138
5.650000,scenario-defined,0,2,vehicle,0,0,19.315552,70.361487,6.491662,18.192000,-0.500000,0.000000,-90.000057,-1,1.0,500.0,120.0,MONITORING,,,8.333333,8.333333,19.315552,19.315552,0.000000
5.650000,scenario-defined,0,3,vehicle,0,0,23.719882,74.078936,6.506667,22.810000,-0.500000,0.000000,-90.000057,-1,1.0,500.0,120.0,MONITORING,,,8.333333,8.333333,23.719882,23.719882,0.000000
5.700000,scenario-defined,0,1,vehicle,7,1,10.357973,37.203986,8.250000,6.262996,-0.500000,5.555556,-90.000057,1,1.0,500.0,120.0,MONITORING,,,8.333333,8.333333,10.357973,10.404550,0.046576
5.700000,scenario-defined,0,2,vehicle,0,0,19.179532,71.533890,6.074995,18.192000,-0.500000,0.000000,-90.000057,-1,1.0,500.0,120.0,MONITORING,,,8.333333,8.333333,19.179532,19.179532,0.000000
5.700000,scenario-defined,0,3,vehicle,0,0,23.608986,75.051387,6.090000,22.810000,-0.500000,0.000000,-90.000057,-1,1.0,500.0,120.0,MONITORING,,,8.333333,8.333333,23.608986,23.608986,0.000000
5.750000,scenario-defined,0,1,vehicle,7,1,9.858192,37.382373,7.833333,5.985218,-0.500000,5.555556,-90.000057,1,1.0,500.0,120.0,MONITORING,,,8.333333,8.333333,9.858192,9.897245,0.039053
5.750000,scenario-defined,0,2,vehicle,0,0,19.051655,72.722535,5.658329,18.192000,-0.500000,0.000000,-90.000057,-1,1.0,500.0,120.0,MONITORING,,,8.333333,8.333333,19.051655,19.051655,0.000000
5.750000,scenario-defined,0,3,vehicle,0,0,23.504953,76.032731,5.673333,22.810000,-0.500000,0.000000,-90.000057,-1,1.0,500.0,120.0,MONITORING,,,8.333333,8.333333,23.504953,23.504953,0.000000
5.800000,scenario-defined,0,1,vehicle,7,1,9.358516,37.579810,7.416667,5.707440,-0.500000,5.555556,-90.000057,1,1.0,500.0,120.0,MONITORING,,,8.333333,8.333333,9.358516,9.154600,-0.203915
5.800000,scenario-defined,0,2,vehicle,0,0,18.932086,73.926719,5.241662,18.192000,-0.500000,0.000000,-90.000057,-1,1.0,500.0,120.0,MONITORING,,,8.333333,8.333333,18.932086,18.932086,0.000000
5.800000,scenario-defined,0,3,vehicle,0,0,23.407876,77.022507,5.256667,22.810000,-0.500000,0.000000,-90.000057,-1,1.0,500.0,120.0,MONITORING,,,8.333333,8.333333,23.407876,23.407876,0.000000
5.850000,scenario-defined,0,1,vehicle,7,1,8.858963,37.799517,7.000000,5.429662,-0.500000,5.555556,-90.000057,1,1.0,500.0,120.0,MONITORING,,,8.333333,8.333333,8.858963,8.743131,-0.115832
5.850000,scenario-defined,0,2,vehicle,0,0,18.820984,75.145663,4.824995,18.192000,-0.500000,0.000000,-90.000057,-1,1.0,500.0,120.0,MONITORING,,,8.333333,8.333333,18.820984,18.820984,0.000000
5.850000,scenario-defined,0,3,vehicle,0,0,23.317841,78.020226,4.840000,22.810000,-0.500000,0.000000,-90.000057,-1,1.0,500.0,120.0,MONITORING,,,8.333333,8.333333,23.317841,23.317841,0.000000
5.900000,scenario-defined,0,1,vehicle,7,1,8.359557,38.045480,6.583333,5.151884,-0.500000,5.555556,-90.000057,1,1.0,500.0,120.0,MONITORING,,,8.333333,8.333333,8.359557,8.436819,0.077262
5.900000,scenario-defined,0,2,vehicle,0,0,18.718500,76.378518,4.408329,18.192000,-0.500000,0.000000,-90.000057,-1,1.0,500.0,120.0,MONITORING,,,8.333333,8.333333,18.718500,18.718500,0.000000
5.900000,scenario-defined,0,3,vehicle,0,0,23.234930,79.025372,4.423333,22.810000,-0.500000,0.000000,-90.000057,-1,1.0,500.0,120.0,MONITORING,,,8.333333,8.333333,23.234930,23.234930,0.000000
5.950000,scenario-defined,0,1,vehicle,7,1,7.860324,38.322691,6.166667,4.874107,-0.500000,5.555556,-90.000057,1,1.0,500.0,120.0,MONITORING,,,8.333333,8.333333,7.860324,7.990444,0.130120
5.950000,scenario-defined,0,2,vehicle,0,0,18.624775,77.624363,3.991662,18.192000,-0.500000,0.000000,-90.000057,-1,1.0,500.0,120.0,MONITORING,,,8.333333,8.333333,18.624775,18.624775,0.000000
5.950000,scenario-defined,0,3,vehicle,0,0,23.159220,80.037403,4.006667,22.810000,-0.500000,0.000000,-90.000057,-1,1.0,500.0,120.0,MONITORING,,,8.333333,8.333333,23.159220,23.159220,0.000000
6.000000,scenario-defined,0,1,vehicle,7,1,7.361300,38.637495,5.750000,4.596329,-0.500000,5.555556,-90.000057,1,1.0,500.0,120.0,MONITORING,,,8.333333,8.333333,7.361300,7.551615,0.190315
6.000000,scenario-defined,0,2,vehicle,0,0,18.539942,78.882208,3.574995,18.192000,-0.500000,0.000000,-90.000057,-1,1.0,500.0,120.0,MONITORING,,,8.333333,8.333333,18.539942,18.539942,0.000000
6.000000,scenario-defined,0,3,vehicle,0,0,23.090782,81.055753,3.590000,22.810000,-0.500000,0.000000,-90.000057,-1,1.0,500.0,120.0,MONITORING,,,8.333333,8.333333,23.090782,23.090782,0.000000
6.050000,scenario-defined,0,1,vehicle,7,1,6.862531,38.998071,5.333333,4.318551,-0.500000,5.555556,-90.000057,1,1.0,500.0,120.0,MONITORING,,,8.333333,8.333333,6.862531,7.042847,0.180317
6.050000,scenario-defined,0,2,vehicle,0,0,18.464125,80.151000,3.158329,18.192000,-0.500000,0.000000,-90.000057,-1,1.0,500.0,120.0,MONITORING,,,8.333333,8.333333,18.464125,18.464125,0.000000
6.050000,scenario-defined,0,3,vehicle,0,0,23.029680,82.079831,3.173333,22.810000,-0.500000,0.000000,-90.000057,-1,1.0,500.0,120.0,MONITORING,,,8.333333,8.333333,23.029680,23.029680,0.000000
6.100000,scenario-defined,0,1,vehicle,7,1,6.364076,39.415149,4.916667,4.040773,-0.500000,5.555556,-90.000057,1,1.0,500.0,120.0,MONITORING,,,8.333333,8.333333,6.364076,6.158522,-0.205554
6.100000,scenario-defined,0,2,vehicle,0,0,18.397434,81.429621,2.741662,18.192000,-0.500000,0.000000,-90.000057,-1,1.0,500.0,120.0,MONITORING,,,8.333333,8.333333,18.397434,18.397434,0.000000
6.100000,scenario-defined,0,3,vehicle,0,0,22.975972,83.109028,2.756667,22.810000,-0.500000,0.000000,-90.000057,-1,1.0,500.0,120.0,MONITORING,,,8.333333,8.333333,22.975972,22.975972,0.000000
6.150000,scenario-defined,0,1,vehicle,7,1,5.866015,39.903082,4.500000,3.762995,-0.500000,5.555556,-90.000057,1,1.0,500.0,120.0,BRAKING,1,0.713155,8.333333,7.933333,5.866015,5.942963,0.076948
6.150000,scenario-defined,0,2,vehicle,0,0,18.339969,82.716899,2.324995,18.192000,-0.500000,0.000000,-90.000057,-1,1.0,500.0,120.0,BRAKING,1,0.713155,8.333333,7.933333,18.339969,18.339969,0.000000
6.150000,scenario-defined,0,3,vehicle,0,0,22.929712,84.142712,2.340000,22.810000,-0.500000,0.000000,-90.000057,-1,1.0,500.0,120.0,BRAKING,1,0.713155,8.333333,7.933333,22.929712,22.929712,0.000000
6.200000,scenario-defined,0,1,vehicle,7,1,5.383687,40.343325,4.103333,3.485218,-0.500000,5.555556,-90.000057,1,1.0,500.0,120.0,BRAKING,1,0.654461,7.933333,7.533333,5.383687,5.192058,-0.191629
6.200000,scenario-defined,0,2,vehicle,0,0,18.293915,83.949314,1.928329,18.192000,-0.500000,0.000000,-90.000057,-1,1.0,500.0,120.0,BRAKING,1,0.654461,7.933333,7.533333,18.293915,18.293915,0.000000
6.200000,scenario-defined,0,3,vehicle,0,0,22.892633,85.130356,1.943333,22.810000,-0.500000,0.000000,-90.000057,-1,1.0,500.0,120.0,BRAKING,1,0.654461,7.933333,7.533333,22.892633,22.892633,0.000000
6.250000,scenario-defined,0,1,vehicle,7,1,4.916881,40.717674,3.726667,3.207440,-0.500000,5.555556,-90.000057,1,1.0,500.0,120.0,BRAKING,1,0.674102,7.533333,7.133333,4.916881,5.078241,0.161360
6.250000,scenario-defined,0,2,vehicle,0,0,18.258054,85.124833,1.551662,18.192000,-0.500000,0.000000,-90.000057,-1,1.0,500.0,120.0,BRAKING,1,0.674102,7.533333,7.133333,18.258054,18.258054,0.000000
6.250000,scenario-defined,0,3,vehicle,0,0,22.863739,86.070906,1.566667,22.810000,-0.500000,0.000000,-90.000057,-1,1.0,500.0,120.0,BRAKING,1,0.674102,7.533333,7.133333,22.863739,22.863739,0.000000
6.300000,scenario-defined,0,1,vehicle,7,1,4.465403,41.001603,3.370000,2.929662,-0.500000,5.555556,-90.000057,1,1.0,500.0,120.0,BRAKING,1,0.629542,7.133333,6.733333,4.465403,4.490737,0.025335
6.300000,scenario-defined,0,2,vehicle,0,0,18.231206,86.241756,1.194995,18.192000,-0.500000,0.000000,-90.000057,-1,1.0,500.0,120.0,BRAKING,1,0.629542,7.133333,6.733333,18.231206,18.231206,0.000000
6.300000,scenario-defined,0,3,vehicle,0,0,22.842071,86.963482,1.210000,22.810000,-0.500000,0.000000,-90.000057,-1,1.0,500.0,120.0,BRAKING,1,0.629542,7.133333,6.733333,22.842071,22.842071,0.000000
6.350000,scenario-defined,0,1,vehicle,7,1,4.029094,41.161496,3.033333,2.651884,-0.500000,5.555556,-90.000057,1,1.0,500.0,120.0,BRAKING,1,0.581432,6.733333,6.333333,4.029094,3.914977,-0.114117
6.350000,scenario-defined,0,2,vehicle,0,0,18.212237,87.298693,0.858329,18.192000,-0.500000,0.000000,-90.000057,-1,1.0,500.0,120.0,BRAKING,1,0.581432,6.733333,6.333333,18.212237,18.212237,0.000000
6.350000,scenario-defined,0,3,vehicle,0,0,22.826713,87.807370,0.873333,22.810000,-0.500000,0.000000,-90.000057,-1,1.0,500.0,120.0,BRAKING,1,0.581432,6.733333,6.333333,22.826713,22.826713,0.000000
6.400000,scenario-defined,0,1,vehicle,7,1,3.607861,41.150344,2.716667,2.374106,-0.500000,5.555556,-90.000057,1,1.0,500.0,120.0,BRAKING,1,0.601397,6.333333,5.933333,3.607861,3.808851,0.200990
6.400000,scenario-defined,0,2,vehicle,0,0,18.200062,88.294537,0.541662,18.192000,-0.500000,0.000000,-90.000057,-1,1.0,500.0,120.0,BRAKING,1,0.601397,6.333333,5.933333,18.200062,18.200062,0.000000
6.400000,scenario-defined,0,3,vehicle,0,0,22.816792,88.602002,0.556667,22.810000,-0.500000,0.000000,-90.000057,-1,1.0,500.0,120.0,BRAKING,1,0.601397,6.333333,5.933333,22.816792,22.816792,0.000000
6.450000,scenario-defined,0,1,vehicle,7,1,3.201717,40.900793,2.420000,2.096329,-0.500000,5.555556,-90.000057,1,1.0,500.0,120.0,BRAKING,1,0.550468,5.933333,5.533333,3.201717,3.266114,0.064397
6.450000,scenario-defined,0,2,vehicle,0,0,18.193650,89.228432,0.244996,18.192000,-0.500000,0.000000,-90.000057,-1,1.0,500.0,120.0,BRAKING,1,0.550468,5.933333,5.533333,18.193650,18.193650,0.000000
6.450000,scenario-defined,0,3,vehicle,0,0,22.811482,89.346941,0.260000,22.810000,-0.500000,0.000000,-90.000057,-1,1.0,500.0,120.0,BRAKING,1,0.550468,5.933333,5.533333,22.811482,22.811482,0.000000
6.500000,scenario-defined,0,1,vehicle,7,1,2.810873,40.313552,2.143334,1.818551,-0.500000,5.555556,-90.000057,1,1.0,500.0,120.0,BRAKING,1,0.473811,5.533333,5.133333,2.810873,2.621758,-0.189115
6.500000,scenario-defined,0,2,vehicle,0,0,18.192028,90.099748,-0.031671,18.192000,-0.500000,0.000000,-90.000057,-1,1.0,500.0,120.0,BRAKING,1,0.473811,5.533333,5.133333,18.192028,18.192028,0.000000
6.500000,scenario-defined,0,3,vehicle,0,0,22.810006,90.041864,-0.016666,22.810000,-0.500000,0.000000,-90.000057,-1,1.0,500.0,120.0,BRAKING,1,0.473811,5.533333,5.133333,22.810006,22.810006,0.000000
6.550000,scenario-defined,0,1,vehicle,7,1,2.435876,39.237276,1.886667,1.540773,-0.500000,5.555556,-90.000057,1,1.0,500.0,120.0,BRAKING,1,0.480238,5.133333,4.733333,2.435876,2.465223,0.029347
6.550000,scenario-defined,0,2,vehicle,0,0,18.194285,90.908045,-0.288338,18.192000,-0.500000,0.000000,-90.000057,-1,1.0,500.0,120.0,BRAKING,1,0.480238,5.133333,4.733333,18.194285,18.194285,0.000000
6.550000,scenario-defined,0,3,vehicle,0,0,22.811638,90.686545,-0.273333,22.810000,-0.500000,0.000000,-90.000057,-1,1.0,500.0,120.0,BRAKING,1,0.480238,5.133333,4.733333,22.811638,22.811638,0.000000
6.600000,scenario-defined,0,1,vehicle,7,1,2.077897,37.432304,1.650000,1.262995,-0.500000,5.555556,-90.000057,1,1.0,500.0,120.0,BRAKING,1,0.423545,4.733333,4.333333,2.077897,2.004783,-0.073114
6.600000,scenario-defined,0,2,vehicle,0,0,18.199574,91.653045,-0.525004,18.192000,-0.500000,0.000000,-90.000057,-1,1.0,500.0,120.0,BRAKING,1,0.423545,4.733333,4.333333,18.199574,18.199574,0.000000
6.600000,scenario-defined,0,3,vehicle,0,0,22.815701,91.280840,-0.510000,22.810000,-0.500000,0.000000,-90.000057,-1,1.0,500.0,120.0,BRAKING,1,0.423545,4.733333,4.333333,22.815701,22.815701,0.000000
6.650000,scenario-defined,0,1,vehicle,7,1,1.739281,34.503107,1.433334,0.985217,-0.500000,5.555556,-90.000057,1,1.0,500.0,120.0,BRAKING,1,0.403940,4.333333,3.933333,1.739281,1.750410,0.011130
6.650000,scenario-defined,0,2,vehicle,0,0,18.207112,92.334603,-0.741671,18.192000,-0.500000,0.000000,-90.000057,-1,1.0,500.0,120.0,BRAKING,1,0.403940,4.333333,3.933333,18.207112,18.207112,0.000000
6.650000,scenario-defined,0,3,vehicle,0,0,22.821572,91.824675,-0.726666,22.810000,-0.500000,0.000000,-90.000057,-1,1.0,500.0,120.0,BRAKING,1,0.403940,4.333333,3.933333,22.821572,22.821572,0.000000
6.700000,scenario-defined,0,1,vehicle,7,1,1.424716,29.771862,1.236667,0.707440,-0.500000,5.555556,-90.000057,1,1.0,500.0,120.0,BRAKING,1,0.350388,3.933333,3.533333,1.424716,1.378197,-0.046519
6.700000,scenario-defined,0,2,vehicle,0,0,18.216184,92.952682,-0.938338,18.192000,-0.500000,0.000000,-90.000057,-1,1.0,500.0,120.0,BRAKING,1,0.350388,3.933333,3.533333,18.216184,18.216184,0.000000
6.700000,scenario-defined,0,3,vehicle,0,0,22.828680,92.318028,-0.923333,22.810000,-0.500000,0.000000,-90.000057,-1,1.0,500.0,120.0,BRAKING,1,0.350388,3.933333,3.533333,22.828680,22.828680,0.000000
6.750000,scenario-defined,0,1,vehicle,7,1,1.143770,22.064737,1.060000,0.429662,-0.500000,5.555556,-90.000057,1,1.0,500.0,120.0,BRAKING,1,0.362580,3.533333,3.133333,1.143770,1.281119,0.137349
6.750000,scenario-defined,0,2,vehicle,0,0,18.226138,93.507323,-1.115004,18.192000,-0.500000,0.000000,-90.000057,-1,1.0,500.0,120.0,BRAKING,1,0.362580,3.533333,3.133333,18.226138,18.226138,0.000000
6.750000,scenario-defined,0,3,vehicle,0,0,22.836508,92.760919,-1.100000,22.810000,-0.500000,0.000000,-90.000057,-1,1.0,500.0,120.0,BRAKING,1,0.362580,3.533333,3.133333,22.836508,22.836508,0.000000
6.800000,scenario-defined,0,1,vehicle,7,0,0.916013,9.544276,0.903334,0.151884,-0.500000,5.555556,-90.000057,1,1.0,500.0,120.0,MONITORING,,,3.133333,3.133333,0.916013,0.916013,0.000000
6.800000,scenario-defined,0,2,vehicle,0,0,18.236393,93.998629,-1.271671,18.192000,-0.500000,0.000000,-90.000057,-1,1.0,500.0,120.0,MONITORING,,,3.133333,3.133333,18.236393,18.236393,0.000000
6.800000,scenario-defined,0,3,vehicle,0,0,22.844590,93.153396,-1.256666,22.810000,-0.500000,0.000000,-90.000057,-1,1.0,500.0,120.0,MONITORING,,,3.133333,3.133333,22.844590,22.844590,0.000000
6.850000,scenario-defined,0,1,vehicle,7,0,0.757206,-9.570502,0.746667,-0.125894,-0.500000,5.555556,-90.000057,1,1.0,500.0,120.0,MONITORING,,,3.133333,3.133333,0.757206,0.757206,0.000000
6.850000,scenario-defined,0,2,vehicle,0,0,18.247987,94.489346,-1.428338,18.192000,-0.500000,0.000000,-90.000057,-1,1.0,500.0,120.0,MONITORING,,,3.133333,3.133333,18.247987,18.247987,0.000000
6.850000,scenario-defined,0,3,vehicle,0,0,22.853744,93.545578,-1.413333,22.810000,-0.500000,0.000000,-90.000057,-1,1.0,500.0,120.0,MONITORING,,,3.133333,3.133333,22.853744,22.853744,0.000000
6.900000,scenario-defined,0,1,vehicle,7,0,0.714878,-34.379503,0.590000,-0.403672,-0.500000,5.555556,-90.000057,1,1.0,500.0,120.0,MONITORING,,,3.133333,3.133333,0.714878,0.714878,0.000000
6.900000,scenario-defined,0,2,vehicle,0,0,18.260917,94.979403,-1.585004,18.192000,-0.500000,0.000000,-90.000057,-1,1.0,500.0,120.0,MONITORING,,,3.133333,3.133333,18.260917,18.260917,0.000000
6.900000,scenario-defined,0,3,vehicle,0,0,22.863967,93.937427,-1.570000,22.810000,-0.500000,0.000000,-90.000057,-1,1.0,500.0,120.0,MONITORING,,,3.133333,3.133333,22.863967,22.863967,0.000000
6.950000,scenario-defined,0,1,vehicle,7,0,0.807559,-57.547724,0.433334,-0.681449,-0.500000,5.555556,-90.000057,1,1.0,500.0,120.0,MONITORING,,,3.133333,3.133333,0.807559,0.807559,0.000000
6.950000,scenario-defined,0,2,vehicle,0,0,18.275182,95.468732,-1.741671,18.192000,-0.500000,0.000000,-90.000057,-1,1.0,500.0,120.0,MONITORING,,,3.133333,3.133333,18.275182,18.275182,0.000000
6.950000,scenario-defined,0,3,vehicle,0,0,22.875259,94.328907,-1.726666,22.810000,-0.500000,0.000000,-90.000057,-1,1.0,500.0,120.0,MONITORING,,,3.133333,3.133333,22.875259,22.875259,0.000000
7.000000,scenario-defined,0,1,vehicle,7,0,0.998329,-73.911013,0.276667,-0.959227,-0.500000,5.555556,-90.000057,1,1.0,500.0,120.0,MONITORING,,,3.133333,3.133333,0.998329,0.998329,0.000000
7.000000,scenario-defined,0,2,vehicle,0,0,18.290778,95.957262,-1.898338,18.192000,-0.500000,0.000000,-90.000057,-1,1.0,500.0,120.0,MONITORING,,,3.133333,3.133333,18.290778,18.290778,0.000000
7.000000,scenario-defined,0,3,vehicle,0,0,22.887618,94.719984,-1.883333,22.810000,-0.500000,0.000000,-90.000057,-1,1.0,500.0,120.0,MONITORING,,,3.133333,3.133333,22.887618,22.887618,0.000000
7.050000,scenario-defined,0,1,vehicle,7,0,1.242812,-84.459144,0.120000,-1.237005,-0.500000,5.555556,-90.000057,1,1.0,500.0,120.0,MONITORING,,,3.133333,3.133333,1.242812,1.242812,0.000000
7.050000,scenario-defined,0,2,vehicle,0,0,18.307701,96.444924,-2.055004,18.192000,-0.500000,0.000000,-90.000057,-1,1.0,500.0,120.0,MONITORING,,,3.133333,3.133333,18.307701,18.307701,0.000000
7.050000,scenario-defined,0,3,vehicle,0,0,22.901041,95.110619,-2.040000,22.810000,-0.500000,0.000000,-90.000057,-1,1.0,500.0,120.0,MONITORING,,,3.133333,3.133333,22.901041,22.901041,0.000000
7.100000,scenario-defined,0,1,vehicle,7,0,1.515227,-91.386611,-0.036666,-1.514783,-0.500000,5.555556,-90.000057,1,1.0,500.0,120.0,MONITORING,,,3.133333,3.133333,1.515227,1.515227,0.000000
7.100000,scenario-defined,0,2,vehicle,0,0,18.325948,96.931650,-2.211671,18.192000,-0.500000,0.000000,-90.000057,-1,1.0,500.0,120.0,MONITORING,,,3.133333,3.133333,18.325948,18.325948,0.000000
7.100000,scenario-defined,0,3,vehicle,0,0,22.915528,95.500779,-2.196666,22.810000,-0.500000,0.000000,-90.000057,-1,1.0,500.0,120.0,MONITORING,,,3.133333,3.133333,22.915528,22.915528,0.000000
7.150000,scenario-defined,0,1,vehicle,7,0,1.802956,-96.155724,-0.193333,-1.792561,-0.500000,5.555556,-90.000057,1,1.0,500.0,120.0,MONITORING,,,3.133333,3.133333,1.802956,1.802956,0.000000
7.150000,scenario-defined,0,2,vehicle,0,0,18.345514,97.417373,-2.368338,18.192000,-0.500000,0.000000,-90.000057,-1,1.0,500.0,120.0,MONITORING,,,3.133333,3.133333,18.345514,18.345514,0.000000
7.150000,scenario-defined,0,3,vehicle,0,0,22.931077,95.890428,-2.353333,22.810000,-0.500000,0.000000,-90.000057,-1,1.0,500.0,120.0,MONITORING,,,3.133333,3.133333,22.931077,22.931077,0.000000
7.200000,scenario-defined,0,1,vehicle,7,0,2.099715,-99.595374,-0.350000,-2.070338,-0.500000,5.555556,-90.000057,1,1.0,500.0,120.0,MONITORING,,,3.133333,3.133333,2.099715,2.099715,0.000000
7.200000,scenario-defined,0,2,vehicle,0,0,18.366396,97.902026,-2.525004,18.192000,-0.500000,0.000000,-90.000057,-1,1.0,500.0,120.0,MONITORING,,,3.133333,3.133333,18.366396,18.366396,0.000000
7.200000,scenario-defined,0,3,vehicle,0,0,22.947684,96.279531,-2.510000,22.810000,-0.500000,0.000000,-90.000057,-1,1.0,500.0,120.0,MONITORING,,,3.133333,3.133333,22.947684,22.947684,0.000000
7.250000,scenario-defined,0,1,vehicle,7,0,2.402158,-102.176350,-0.506666,-2.348116,-0.500000,5.555556,-90.000057,1,1.0,500.0,120.0,MONITORING,,,3.133333,3.133333,2.402158,2.402158,0.000000
7.250000,scenario-defined,0,2,vehicle,0,0,18.388589,98.385544,-2.681671,18.192000,-0.500000,0.000000,-90.000057,-1,1.0,500.0,120.0,MONITORING,,,3.133333,3.133333,18.388589,18.388589,0.000000
7.250000,scenario-defined,0,3,vehicle,0,0,22.965348,96.668053,-2.666666,22.810000,-0.500000,0.000000,-90.000057,-1,1.0,500.0,120.0,MONITORING,,,3.133333,3.133333,22.965348,22.965348,0.000000
7.300000,scenario-defined,0,1,vehicle,7,0,2.708381,-104.177021,-0.663333,-2.625894,-0.500000,5.555556,-90.000057,1,1.0,500.0,120.0,MONITORING,,,3.133333,3.133333,2.708381,2.708381,0.000000
7.300000,scenario-defined,0,2,vehicle,0,0,18.412089,98.867861,-2.838338,18.192000,-0.500000,0.000000,-90.000057,-1,1.0,500.0,120.0,MONITORING,,,3.133333,3.133333,18.412089,18.412089,0.000000
7.300000,scenario-defined,0,3,vehicle,0,0,22.984066,97.055961,-2.823333,22.810000,-0.500000,0.000000,-90.000057,-1,1.0,500.0,120.0,MONITORING,,,3.133333,3.133333,22.984066,22.984066,0.000000
7.350000,scenario-defined,0,1,vehicle,7,0,3.017235,-105.769727,-0.820000,-2.903672,-0.500000,5.555556,-90.000057,1,1.0,500.0,120.0,MONITORING,,,3.133333,3.133333,3.017235,3.017235,0.000000
7.350000,scenario-defined,0,2,vehicle,0,0,18.436890,99.348916,-2.995004,18.192000,-0.500000,0.000000,-90.000057,-1,1.0,500.0,120.0,MONITORING,,,3.133333,3.133333,18.436890,18.436890,0.000000
7.350000,scenario-defined,0,3,vehicle,0,0,23.003837,97.443219,-2.980000,22.810000,-0.500000,0.000000,-90.000057,-1,1.0,500.0,120.0,MONITORING,,,3.133333,3.133333,23.003837,23.003837,0.000000
7.400000,scenario-defined,0,1,vehicle,7,0,3.327987,-107.065847,-0.976666,-3.181450,-0.500000,5.555556,-90.000057,1,1.0,500.0,120.0,MONITORING,,,3.133333,3.133333,3.327987,3.327987,0.000000
7.400000,scenario-defined,0,2,vehicle,0,0,18.462987,99.828644,-3.151671,18.192000,-0.500000,0.000000,-90.000057,-1,1.0,500.0,120.0,MONITORING,,,3.133333,3.133333,18.462987,18.462987,0.000000
7.400000,scenario-defined,0,3,vehicle,0,0,23.024656,97.829794,-3.136666,22.810000,-0.500000,0.000000,-90.000057,-1,1.0,500.0,120.0,MONITORING,,,3.133333,3.133333,23.024656,23.024656,0.000000
7.450000,scenario-defined,0,1,vehicle,7,0,3.640151,-108.140141,-1.133333,-3.459227,-0.500000,5.555556,-90.000057,1,1.0,500.0,120.0,MONITORING,,,3.133333,3.133333,3.640151,3.640151,0.000000
7.450000,scenario-defined,0,2,vehicle,0,0,18.490375,100.306984,-3.308337,18.192000,-0.500000,0.000000,-90.000057,-1,1.0,500.0,120.0,MONITORING,,,3.133333,3.133333,18.490375,18.490375,0.000000
7.450000,scenario-defined,0,3,vehicle,0,0,23.046521,98.215654,-3.293333,22.810000,-0.500000,0.000000,-90.000057,-1,1.0,500.0,120.0,MONITORING,,,3.133333,3.133333,23.046521,23.046521,0.000000
7.500000,scenario-defined,0,1,vehicle,7,0,3.953392,-109.044472,-1.289999,-3.737005,-0.500000,5.555556,-90.000057,1,1.0,500.0,120.0,MONITORING,,,3.133333,3.133333,3.953392,3.953392,0.000000
7.500000,scenario-defined,0,2,vehicle,0,0,18.519047,100.783876,-3.465004,18.192000,-0.500000,0.000000,-90.000057,-1,1.0,500.0,120.0,MONITORING,,,3.133333,3.133333,18.519047,18.519047,0.000000
7.500000,scenario-defined,0,3,vehicle,0,0,23.069430,98.600765,-3.449999,22.810000,-0.500000,0.000000,-90.000057,-1,1.0,500.0,120.0,MONITORING,,,3.133333,3.133333,23.069430,23.069430,0.000000
7.550000,scenario-defined,0,1,vehicle,7,0,4.267473,-109.815857,-1.446666,-4.014783,-0.500000,5.555556,-90.000057,1,1.0,500.0,120.0,MONITORING,,,3.133333,3.133333,4.267473,4.267473,0.000000
7.550000,scenario-defined,0,2,vehicle,0,0,18.548999,101.259261,-3.621671,18.192000,-0.500000,0.000000,-90.000057,-1,1.0,500.0,120.0,MONITORING,,,3.133333,3.133333,18.548999,18.548999,0.000000
7.550000,scenario-defined,0,3,vehicle,0,0,23.093379,98.985094,-3.606666,22.810000,-0.500000,0.000000,-90.000057,-1,1.0,500.0,120.0,MONITORING,,,3.133333,3.133333,23.093379,23.093379,0.000000
7.600000,scenario-defined,0,1,vehicle,7,0,4.582222,-110.481378,-1.603333,-4.292561,-0.500000,5.555556,-90.000057,1,1.0,500.0,120.0,MONITORING,,,3.133333,3.133333,4.582222,4.582222,0.000000
7.600000,scenario-defined,0,2,vehicle,0,0,18.580223,101.733081,-3.778337,18.192000,-0.500000,0.000000,-90.000057,-1,1.0,500.0,120.0,MONITORING,,,3.133333,3.133333,18.580223,18.580223,0.000000
7.600000,scenario-defined,0,3,vehicle,0,0,23.118364,99.368609,-3.763333,22.810000,-0.500000,0.000000,-90.000057,-1,1.0,500.0,120.0,MONITORING,,,3.133333,3.133333,23.118364,23.118364,0.000000
7.650000,scenario-defined,0,1,vehicle,7,0,4.897509,-111.061281,-1.759999,-4.570339,-0.500000,5.555556,-90.000057,1,1.0,500.0,120.0,MONITORING,,,3.133333,3.133333,4.897509,4.897509,0.000000
7.650000,scenario-defined,0,2,vehicle,0,0,18.612714,102.205279,-3.935004,18.192000,-0.500000,0.000000,-90.000057,-1,1.0,500.0,120.0,MONITORING,,,3.133333,3.133333,18.612714,18.612714,0.000000
7.650000,scenario-defined,0,3,vehicle,0,0,23.144384,99.751280,-3.919999,22.810000,-0.500000,0.000000,-90.000057,-1,1.0,500.0,120.0,MONITORING,,,3.133333,3.133333,23.144384,23.144384,0.000000
7.700000,scenario-defined,0,1,vehicle,7,0,5.213237,-111.570989,-1.916666,-4.848116,-0.500000,5.555556,-90.000057,1,1.0,500.0,120.0,MONITORING,,,3.133333,3.133333,5.213237,5.213237,0.000000
7.700000,scenario-defined,0,2,vehicle,0,0,18.646464,102.675799,-4.091671,18.192000,-0.500000,0.000000,-90.000057,-1,1.0,500.0,120.0,MONITORING,,,3.133333,3.133333,18.646464,18.646464,0.000000
7.700000,scenario-defined,0,3,vehicle,0,0,23.171433,100.133074,-4.076666,22.810000,-0.500000,0.000000,-90.000057,-1,1.0,500.0,120.0,MONITORING,,,3.133333,3.133333,23.171433,23.171433,0.000000
7.750000,scenario-defined,0,1,vehicle,7,0,5.529331,-112.022453,-2.073333,-5.125894,-0.500000,5.555556,-90.000057,1,1.0,500.0,120.0,MONITORING,,,3.133333,3.133333,5.529331,5.529331,0.000000
7.750000,scenario-defined,0,2,vehicle,0,0,18.681468,103.144588,-4.248337,18.192000,-0.500000,0.000000,-90.000057,-1,1.0,500.0,120.0,MONITORING,,,3.133333,3.133333,18.681468,18.681468,0.000000
7.750000,scenario-defined,0,3,vehicle,0,0,23.199509,100.513961,-4.233333,22.810000,-0.500000,0.000000,-90.000057,-1,1.0,500.0,120.0,MONITORING,,,3.133333,3.133333,23.199509,23.199509,0.000000
7.800000,scenario-defined,0,1,vehicle,7,0,5.845731,-112.425069,-2.229999,-5.403672,-0.500000,5.555556,-90.000057,1,1.0,500.0,120.0,MONITORING,,,3.133333,3.133333,5.845731,5.845731,0.000000
7.800000,scenario-defined,0,2,vehicle,0,0,18.717717,103.611592,-4.405004,18.192000,-0.500000,0.000000,-90.000057,-1,1.0,500.0,120.0,MONITORING,,,3.133333,3.133333,18.717717,18.717717,0.000000
7.800000,scenario-defined,0,3,vehicle,0,0,23.228607,100.893910,-4.389999,22.810000,-0.500000,0.000000,-90.000057,-1,1.0,500.0,120.0,MONITORING,,,3.133333,3.133333,23.228607,23.228607,0.000000
7.850000,scenario-defined,0,1,vehicle,7,0,6.162390,-112.786324,-2.386666,-5.681450,-0.500000,5.555556,-90.000057,1,1.0,500.0,120.0,MONITORING,,,3.133333,3.133333,6.162390,6.162390,0.000000
7.850000,scenario-defined,0,2,vehicle,0,0,18.755205,104.076759,-4.561671,18.192000,-0.500000,0.000000,-90.000057,-1,1.0,500.0,120.0,MONITORING,,,3.133333,3.133333,18.755205,18.755205,0.000000
7.850000,scenario-defined,0,3,vehicle,0,0,23.258725,101.272892,-4.546666,22.810000,-0.500000,0.000000,-90.000057,-1,1.0,500.0,120.0,MONITORING,,,3.133333,3.133333,23.258725,23.258725,0.000000
7.900000,scenario-defined,0,1,vehicle,7,0,6.479270,-113.112255,-2.543333,-5.959228,-0.500000,5.555556,-90.000057,1,1.0,500.0,120.0,MONITORING,,,3.133333,3.133333,6.479270,6.479270,0.000000
7.900000,scenario-defined,0,2,vehicle,0,0,18.793924,104.540041,-4.718337,18.192000,-0.500000,0.000000,-90.000057,-1,1.0,500.0,120.0,MONITORING,,,3.133333,3.133333,18.793924,18.793924,0.000000
7.900000,scenario-defined,0,3,vehicle,0,0,23.289857,101.650878,-4.703333,22.810000,-0.500000,0.000000,-90.000057,-1,1.0,500.0,120.0,MONITORING,,,3.133333,3.133333,23.289857,23.289857,0.000000
7.950000,scenario-defined,0,1,vehicle,7,0,6.796340,-113.407784,-2.699999,-6.237005,-0.500000,5.555556,-90.000057,1,1.0,500.0,120.0,MONITORING,,,3.133333,3.133333,6.796340,6.796340,0.000000
7.950000,scenario-defined,0,2,vehicle,0,0,18.833867,105.001388,-4.875004,18.192000,-0.500000,0.000000,-90.000057,-1,1.0,500.0,120.0,MONITORING,,,3.133333,3.133333,18.833867,18.833867,0.000000
7.950000,scenario-defined,0,3,vehicle,0,0,23.322000,102.027837,-4.859999,22.810000,-0.500000,0.000000,-90.000057,-1,1.0,500.0,120.0,MONITORING,,,3.133333,3.133333,23.322000,23.322000,0.000000
8.000000,scenario-defined,0,1,vehicle,7,0,7.113574,-113.676961,-2.856666,-6.514783,-0.500000,5.555556,-90.000057,1,1.0,500.0,120.0,MONITORING,,,3.133333,3.133333,7.113574,7.113574,0.000000
8.000000,scenario-defined,0,2,vehicle,0,0,18.875025,105.460752,-5.031671,18.192000,-0.500000,0.000000,-90.000057,-1,1.0,500.0,120.0,MONITORING,,,3.133333,3.133333,18.875025,18.875025,0.000000
8.000000,scenario-defined,0,3,vehicle,0,0,23.355150,102.403743,-5.016666,22.810000,-0.500000,0.000000,-90.000057,-1,1.0,500.0,120.0,MONITORING,,,3.133333,3.133333,23.355150,23.355150,0.000000
8.050000,scenario-defined,0,1,vehicle,7,0,7.430953,-113.923149,-3.013333,-6.792561,-0.500000,5.555556,-90.000057,1,1.0,500.0,120.0,MONITORING,,,3.133333,3.133333,7.430953,7.430953,0.000000
8.050000,scenario-defined,0,2,vehicle,0,0,18.917392,105.918088,-5.188337,18.192000,-0.500000,0.000000,-90.000057,-1,1.0,500.0,120.0,MONITORING,,,3.133333,3.133333,18.917392,18.917392,0.000000
8.050000,scenario-defined,0,3,vehicle,0,0,23.389302,102.778567,-5.173333,22.810000,-0.500000,0.000000,-90.000057,-1,1.0,500.0,120.0,MONITORING,,,3.133333,3.133333,23.389302,23.389302,0.000000
8.100000,scenario-defined,0,1,vehicle,7,0,7.748457,-114.149166,-3.169999,-7.070339,-0.500000,5.555556,-90.000057,1,1.0,500.0,120.0,MONITORING,,,3.133333,3.133333,7.748457,7.748457,0.000000
8.100000,scenario-defined,0,2,vehicle,0,0,18.960958,106.373351,-5.345004,18.192000,-0.500000,0.000000,-90.000057,-1,1.0,500.0,120.0,MONITORING,,,3.133333,3.133333,18.960958,18.960958,0.000000
8.100000,scenario-defined,0,3,vehicle,0,0,23.424453,103.152283,-5.329999,22.810000,-0.500000,0.000000,-90.000057,-1,1.0,500.0,120.0,MONITORING,,,3.133333,3.133333,23.424453,23.424453,0.000000
8.150000,scenario-defined,0,1,vehicle,7,0,8.066072,-114.357386,-3.326666,-7.348117,-0.500000,5.555556,-90.000057,1,1.0,500.0,120.0,MONITORING,,,3.133333,3.133333,8.066072,8.066072,0.000000
8.150000,scenario-defined,0,2,vehicle,0,0,19.005716,106.826499,-5.501671,18.192000,-0.500000,0.000000,-90.000057,-1,1.0,500.0,120.0,MONITORING,,,3.133333,3.133333,19.005716,19.005716,0.000000
8.150000,scenario-defined,0,3,vehicle,0,0,23.460597,103.524862,-5.486666,22.810000,-0.500000,0.000000,-90.000057,-1,1.0,500.0,120.0,MONITORING,,,3.133333,3.133333,23.460597,23.460597,0.000000
8.200000,scenario-defined,0,1,vehicle,7,0,8.383786,-114.549827,-3.483333,-7.625894,-0.500000,5.555556,-90.000057,1,1.0,500.0,120.0,MONITORING,,,3.133333,3.133333,8.383786,8.383786,0.000000
8.200000,scenario-defined,0,2,vehicle,0,0,19.051657,107.277489,-5.658337,18.192000,-0.500000,0.000000,-90.000057,-1,1.0,500.0,120.0,MONITORING,,,3.133333,3.133333,19.051657,19.051657,0.000000
8.200000,scenario-defined,0,3,vehicle,0,0,23.497730,103.896280,-5.643333,22.810000,-0.500000,0.000000,-90.000057,-1,1.0,500.0,120.0,MONITORING,,,3.133333,3.133333,23.497730,23.497730,0.000000
8.250000,scenario-defined,0,1,vehicle,7,0,8.701588,-114.728213,-3.639999,-7.903672,-0.500000,5.555556,-90.000057,1,1.0,500.0,120.0,MONITORING,,,3.133333,3.133333,8.701588,8.701588,0.000000
8.250000,scenario-defined,0,2,vehicle,0,0,19.098773,107.726282,-5.815004,18.192000,-0.500000,0.000000,-90.000057,-1,1.0,500.0,120.0,MONITORING,,,3.133333,3.133333,19.098773,19.098773,0.000000
8.250000,scenario-defined,0,3,vehicle,0,0,23.535847,104.266510,-5.799999,22.810000,-0.500000,0.000000,-90.000057,-1,1.0,500.0,120.0,MONITORING,,,3.133333,3.133333,23.535847,23.535847,0.000000
8.300000,scenario-defined,0,1,vehicle,7,0,9.019468,-114.894026,-3.796666,-8.181450,-0.500000,5.555556,-90.000057,1,1.0,500.0,120.0,MONITORING,,,3.133333,3.133333,9.019468,9.019468,0.000000
8.300000,scenario-defined,0,2,vehicle,0,0,19.147055,108.172839,-5.971671,18.192000,-0.500000,0.000000,-90.000057,-1,1.0,500.0,120.0,MONITORING,,,3.133333,3.133333,19.147055,19.147055,0.000000
8.300000,scenario-defined,0,3,vehicle,0,0,23.574944,104.635527,-5.956666,22.810000,-0.500000,0.000000,-90.000057,-1,1.0,500.0,120.0,MONITORING,,,3.133333,3.133333,23.574944,23.574944,0.000000
8.350000,scenario-defined,0,1,vehicle,7,0,9.337418,-115.048549,-3.953333,-8.459228,-0.500000,5.555556,-90.000057,1,1.0,500.0,120.0,MONITORING,,,3.133333,3.133333,9.337418,9.337418,0.000000
8.350000,scenario-defined,0,2,vehicle,0,0,19.196494,108.617122,-6.128337,18.192000,-0.500000,0.000000,-90.000057,-1,1.0,500.0,120.0,MONITORING,,,3.133333,3.133333,19.196494,19.196494,0.000000
8.350000,scenario-defined,0,3,vehicle,0,0,23.615015,105.003308,-6.113333,22.810000,-0.500000,0.000000,-90.000057,-1,1.0,500.0,120.0,MONITORING,,,3.133333,3.133333,23.615015,23.615015,0.000000
8.400000,scenario-defined,0,1,vehicle,7,0,9.655432,-115.192893,-4.109999,-8.737006,-0.500000,5.555556,-90.000057,1,1.0,500.0,120.0,MONITORING,,,3.133333,3.133333,9.655432,9.655432,0.000000
8.400000,scenario-defined,0,2,vehicle,0,0,19.247081,109.059097,-6.285004,18.192000,-0.500000,0.000000,-90.000057,-1,1.0,500.0,120.0,MONITORING,,,3.133333,3.133333,19.247081,19.247081,0.000000
8.400000,scenario-defined,0,3,vehicle,0,0,23.656056,105.369827,-6.269999,22.810000,-0.500000,0.000000,-90.000057,-1,1.0,500.0,120.0,MONITORING,,,3.133333,3.133333,23.656056,23.656056,0.000000
8.450000,scenario-defined,0,1,vehicle,7,0,9.973503,-115.328032,-4.266666,-9.014783,-0.500000,5.555556,-90.000057,1,1.0,500.0,120.0,MONITORING,,,3.133333,3.133333,9.973503,9.973503,0.000000
8.450000,scenario-defined,0,2,vehicle,0,0,19.298808,109.498728,-6.441670,18.192000,-0.500000,0.000000,-90.000057,-1,1.0,500.0,120.0,MONITORING,,,3.133333,3.133333,19.298808,19.298808,0.000000
8.450000,scenario-defined,0,3,vehicle,0,0,23.698062,105.735062,-6.426666,22.810000,-0.500000,0.000000,-90.000057,-1,1.0,500.0,120.0,MONITORING,,,3.133333,3.133333,23.698062,23.698062,0.000000
8.500000,scenario-defined,0,1,vehicle,7,0,10.291626,-115.454817,-4.423332,-9.292561,-0.500000,5.555556,-90.000057,1,1.0,500.0,120.0,MONITORING,,,3.133333,3.133333,10.291626,10.291626,0.000000
8.500000,scenario-defined,0,2,vehicle,0,0,19.351664,109.935983,-6.598337,18.192000,-0.500000,0.000000,-90.000057,-1,1.0,500.0,120.0,MONITORING,,,3.133333,3.133333,19.351664,19.351664,0.000000
8.500000,scenario-defined,0,3,vehicle,0,0,23.741027,106.098990,-6.583332,22.810000,-0.500000,0.000000,-90.000057,-1,1.0,500.0,120.0,MONITORING,,,3.133333,3.133333,23.741027,23.741027,0.000000
8.550000,scenario-defined,0,1,vehicle,7,0,10.609797,-115.573998,-4.579999,-9.570339,-0.500000,5.555556,-90.000057,1,1.0,500.0,120.0,MONITORING,,,3.133333,3.133333,10.609797,10.609797,0.000000
8.550000,scenario-defined,0,2,vehicle,0,0,19.405642,110.370831,-6.755004,18.192000,-0.500000,0.000000,-90.000057,-1,1.0,500.0,120.0,MONITORING,,,3.133333,3.133333,19.405642,19.405642,0.000000
8.550000,scenario-defined,0,3,vehicle,0,0,23.784947,106.461588,-6.739999,22.810000,-0.500000,0.000000,-90.000057,-1,1.0,500.0,120.0,MONITORING,,,3.133333,3.133333,23.784947,23.784947,0.000000
8.600000,scenario-defined,0,1,vehicle,7,0,10.928010,-115.686239,-4.736666,-9.848117,-0.500000,5.555556,-90.000057,1,1.0,500.0,120.0,MONITORING,,,3.133333,3.133333,10.928010,10.928010,0.000000
8.600000,scenario-defined,0,2,vehicle,0,0,19.460731,110.803242,-6.911670,18.192000,-0.500000,0.000000,-90.000057,-1,1.0,500.0,120.0,MONITORING,,,3.133333,3.133333,19.460731,19.460731,0.000000
8.600000,scenario-defined,0,3,vehicle,0,0,23.829815,106.822835,-6.896666,22.810000,-0.500000,0.000000,-90.000057,-1,1.0,500.0,120.0,MONITORING,,,3.133333,3.133333,23.829815,23.829815,0.000000
8.650000,scenario-defined,0,1,vehicle,7,0,11.246264,-115.792128,-4.893332,-10.125895,-0.500000,5.555556,-90.000057,1,1.0,500.0,120.0,MONITORING,,,3.133333,3.133333,11.246264,11.246264,0.000000
8.650000,scenario-defined,0,2,vehicle,0,0,19.516922,111.233187,-7.068337,18.192000,-0.500000,0.000000,-90.000057,-1,1.0,500.0,120.0,MONITORING,,,3.133333,3.133333,19.516922,19.516922,0.000000
8.650000,scenario-defined,0,3,vehicle,0,0,23.875628,107.182710,-7.053332,22.810000,-0.500000,0.000000,-90.000057,-1,1.0,500.0,120.0,MONITORING,,,3.133333,3.133333,23.875628,23.875628,0.000000
8.700000,scenario-defined,0,1,vehicle,7,0,11.564553,-115.892188,-5.049999,-10.403672,-0.500000,5.555556,-90.000057,1,1.0,500.0,120.0,MONITORING,,,3.133333,3.133333,11.564553,11.564553,0.000000
8.700000,scenario-defined,0,2,vehicle,0,0,19.574206,111.660640,-7.225004,18.192000,-0.500000,0.000000,-90.000057,-1,1.0,500.0,120.0,MONITORING,,,3.133333,3.133333,19.574206,19.574206,0.000000
8.700000,scenario-defined,0,3,vehicle,0,0,23.922378,107.541193,-7.209999,22.810000,-0.500000,0.000000,-90.000057,-1,1.0,500.0,120.0,MONITORING,,,3.133333,3.133333,23.922378,23.922378,0.000000
8.750000,scenario-defined,0,1,vehicle,7,0,11.882876,-115.986888,-5.206666,-10.681450,-0.500000,5.555556,-90.000057,1,1.0,500.0,120.0,MONITORING,,,3.133333,3.133333,11.882876,11.882876,0.000000
8.750000,scenario-defined,0,2,vehicle,0,0,19.632573,112.085575,-7.381670,18.192000,-0.500000,0.000000,-90.000057,-1,1.0,500.0,120.0,MONITORING,,,3.133333,3.133333,19.632573,19.632573,0.000000
8.750000,scenario-defined,0,3,vehicle,0,0,23.970062,107.898263,-7.366666,22.810000,-0.500000,0.000000,-90.000057,-1,1.0,500.0,120.0,MONITORING,,,3.133333,3.133333,23.970062,23.970062,0.000000
8.800000,scenario-defined,0,1,vehicle,7,0,12.201230,-116.076646,-5.363332,-10.959228,-0.500000,5.555556,-90.000057,1,1.0,500.0,120.0,MONITORING,,,3.133333,3.133333,12.201230,12.201230,0.000000
8.800000,scenario-defined,0,2,vehicle,0,0,19.692013,112.507967,-7.538337,18.192000,-0.500000,0.000000,-90.000057,-1,1.0,500.0,120.0,MONITORING,,,3.133333,3.133333,19.692013,19.692013,0.000000
8.800000,scenario-defined,0,3,vehicle,0,0,24.018673,108.253902,-7.523332,22.810000,-0.500000,0.000000,-90.000057,-1,1.0,500.0,120.0,MONITORING,,,3.133333,3.133333,24.018673,24.018673,0.000000
8.850000,scenario-defined,0,1,vehicle,7,0,12.519612,-116.161839,-5.519999,-11.237006,-0.500000,5.555556,-90.000057,1,1.0,500.0,120.0,MONITORING,,,3.133333,3.133333,12.519612,12.519612,0.000000
8.850000,scenario-defined,0,2,vehicle,0,0,19.752517,112.927795,-7.695004,18.192000,-0.500000,0.000000,-90.000057,-1,1.0,500.0,120.0,MONITORING,,,3.133333,3.133333,19.752517,19.752517,0.000000
8.850000,scenario-defined,0,3,vehicle,0,0,24.068205,108.608091,-7.679999,22.810000,-0.500000,0.000000,-90.000057,-1,1.0,500.0,120.0,MONITORING,,,3.133333,3.133333,24.068205,24.068205,0.000000
8.900000,scenario-defined,0,1,vehicle,7,0,12.838021,-116.242806,-5.676666,-11.514784,-0.500000,5.555556,-90.000057,1,1.0,500.0,120.0,MONITORING,,,3.133333,3.133333,12.838021,12.838021,0.000000
8.900000,scenario-defined,0,2,vehicle,0,0,19.814076,113.345036,-7.851670,18.192000,-0.500000,0.000000,-90.000057,-1,1.0,500.0,120.0,MONITORING,,,3.133333,3.133333,19.814076,19.814076,0.000000
8.900000,scenario-defined,0,3,vehicle,0,0,24.118653,108.960811,-7.836666,22.810000,-0.500000,0.000000,-90.000057,-1,1.0,500.0,120.0,MONITORING,,,3.133333,3.133333,24.118653,24.118653,0.000000
8.950000,scenario-defined,0,1,vehicle,7,0,13.156454,-116.319854,-5.833332,-11.792561,-0.500000,5.555556,-90.000057,1,1.0,500.0,120.0,MONITORING,,,3.133333,3.133333,13.156454,13.156454,0.000000
8.950000,scenario-defined,0,2,vehicle,0,0,19.876678,113.759671,-8.008337,18.192000,-0.500000,0.000000,-90.000057,-1,1.0,500.0,120.0,MONITORING,,,3.133333,3.133333,19.876678,19.876678,0.000000
8.950000,scenario-defined,0,3,vehicle,0,0,24.170012,109.312046,-7.993332,22.810000,-0.500000,0.000000,-90.000057,-1,1.0,500.0,120.0,MONITORING,,,3.133333,3.133333,24.170012,24.170012,0.000000
