time,controller,ego_id,object_id,object_type,object_category,detected,distance,bearing_deg,relative_x,relative_y,relative_z,object_speed,object_heading_deg,lane_id,sensor_near_range,sensor_far_range,sensor_fov_deg,controller_state,aeb_target_id,ttc,ego_speed,commanded_speed,true_distance,perceived_distance,distance_error
0.000000,scenario-defined,0,1,vehicle,0,0,485.268544,0.413249,485.255922,3.500000,-0.500000,0.000000,-179.999980,-1,1.0,50.0,50.0,MONITORING,,,19.444444,19.444444,485.268544,485.268544,0.000000
0.000000,scenario-defined,0,2,vehicle,0,0,461.719688,0.434326,461.706422,3.499993,-0.500000,19.444444,-179.999980,1,1.0,50.0,50.0,MONITORING,,,19.444444,19.444444,461.719688,461.719688,0.000000
0.050000,scenario-defined,0,1,vehicle,0,0,484.296347,0.414079,484.283700,3.500000,-0.500000,0.000000,-179.999980,-1,1.0,50.0,50.0,MONITORING,,,19.444444,19.444444,484.296347,484.296347,0.000000
0.050000,scenario-defined,0,2,vehicle,0,0,460.747494,0.435242,460.734200,3.499993,-0.500000,0.000000,-179.999980,1,1.0,50.0,50.0,MONITORING,,,19.444444,19.444444,460.747494,460.747494,0.000000
0.100000,scenario-defined,0,1,vehicle,0,0,482.232542,0.415851,482.219840,3.500000,-0.500000,21.832742,-179.999980,-1,1.0,50.0,50.0,MONITORING,,,19.444444,19.444444,482.232542,482.232542,0.000000
0.100000,scenario-defined,0,2,vehicle,0,0,459.775300,0.436163,459.761978,3.499993,-0.500000,0.000000,-179.999980,1,1.0,50.0,50.0,MONITORING,,,19.444444,19.444444,459.775300,459.775300,0.000000
0.150000,scenario-defined,0,1,vehicle,0,0,480.170343,0.417637,480.157587,3.500000,-0.500000,21.800629,-179.999980,-1,1.0,50.0,50.0,MONITORING,,,19.444444,19.444444,480.170343,480.170343,0.000000
0.150000,scenario-defined,0,2,vehicle,0,0,456.619895,0.439177,456.606481,3.499993,-0.500000,21.832742,-179.999980,1,1.0,50.0,50.0,MONITORING,,,19.444444,19.444444,456.619895,456.619895,0.000000
0.200000,scenario-defined,0,1,vehicle,0,0,478.109750,0.419437,478.096939,3.500000,-0.500000,21.768516,-179.999980,-1,1.0,50.0,50.0,MONITORING,,,19.444444,19.444444,478.109750,478.109750,0.000000
0.200000,scenario-defined,0,2,vehicle,0,0,454.559308,0.441168,454.545833,3.499993,-0.500000,21.800629,-179.999980,1,1.0,50.0,50.0,MONITORING,,,19.444444,19.444444,454.559308,454.559308,0.000000
0.250000,scenario-defined,0,1,vehicle,0,0,476.050763,0.421251,476.037897,3.500000,-0.500000,21.736402,-179.999980,-1,1.0,50.0,50.0,MONITORING,,,19.444444,19.444444,476.050763,476.050763,0.000000
0.250000,scenario-defined,0,2,vehicle,0,0,452.500327,0.443175,452.486791,3.499993,-0.500000,21.768516,-179.999980,1,1.0,50.0,50.0,MONITORING,,,19.444444,19.444444,452.500327,452.500327,0.000000
0.300000,scenario-defined,0,1,vehicle,0,0,473.993382,0.423080,473.980460,3.500000,-0.500000,21.704289,-179.999980,-1,1.0,50.0,50.0,MONITORING,,,19.444444,19.444444,473.993382,473.993382,0.000000
0.300000,scenario-defined,0,2,vehicle,0,0,450.442952,0.445199,450.429354,3.499993,-0.500000,21.736402,-179.999980,1,1.0,50.0,50.0,MONITORING,,,19.444444,19.444444,450.442952,450.442952,0.000000
0.350000,scenario-defined,0,1,vehicle,0,0,471.937607,0.424923,471.924629,3.500000,-0.500000,21.672176,-179.999980,-1,1.0,50.0,50.0,MONITORING,,,19.444444,19.444444,471.937607,471.937607,0.000000
0.350000,scenario-defined,0,2,vehicle,0,0,448.387184,0.447240,448.373523,3.499993,-0.500000,21.704289,-179.999980,1,1.0,50.0,50.0,MONITORING,,,19.444444,19.444444,448.387184,448.387184,0.000000
0.400000,scenario-defined,0,1,vehicle,0,0,469.883439,0.426780,469.870404,3.500000,-0.500000,21.640063,-179.999980,-1,1.0,50.0,50.0,MONITORING,,,19.444444,19.444444,469.883439,469.883439,0.000000
0.400000,scenario-defined,0,2,vehicle,0,0,446.333021,0.449299,446.319298,3.499993,-0.500000,21.672176,-179.999980,1,1.0,50.0,50.0,MONITORING,,,19.444444,19.444444,446.333021,446.333021,0.000000
0.450000,scenario-defined,0,1,vehicle,0,0,467.830876,0.428653,467.817784,3.500000,-0.500000,21.607950,-179.999980,-1,1.0,50.0,50.0,MONITORING,,,19.444444,19.444444,467.830876,467.830876,0.000000
0.450000,scenario-defined,0,2,vehicle,0,0,444.280465,0.451375,444.266678,3.499993,-0.500000,21.640063,-179.999980,1,1.0,50.0,50.0,MONITORING,,,19.444444,19.444444,444.280465,444.280465,0.000000
0.500000,scenario-defined,0,1,vehicle,0,0,465.779920,0.430540,465.766770,3.500000,-0.500000,21.575836,-179.999980,-1,1.0,50.0,50.0,MONITORING,,,19.444444,19.444444,465.779920,465.779920,0.000000
0.500000,scenario-defined,0,2,vehicle,0,0,442.229515,0.453468,442.215664,3.499993,-0.500000,21.607950,-179.999980,1,1.0,50.0,50.0,MONITORING,,,19.444444,19.444444,442.229515,442.229515,0.000000
0.550000,scenario-defined,0,1,vehicle,0,0,463.730570,0.432443,463.717362,3.500000,-0.500000,21.543723,-179.999980,-1,1.0,50.0,50.0,MONITORING,,,19.444444,19.444444,463.730570,463.730570,0.000000
0.550000,scenario-defined,0,2,vehicle,0,0,440.180171,0.455579,440.166256,3.499993,-0.500000,21.575836,-179.999980,1,1.0,50.0,50.0,MONITORING,,,19.444444,19.444444,440.180171,440.180171,0.000000
0.600000,scenario-defined,0,1,vehicle,0,0,461.682826,0.434361,461.669559,3.500000,-0.500000,21.511610,-179.999980,-1,1.0,50.0,50.0,MONITORING,,,19.444444,19.444444,461.682826,461.682826,0.000000
0.600000,scenario-defined,0,2,vehicle,0,0,438.132433,0.457709,438.118453,3.499993,-0.500000,21.543723,-179.999980,1,1.0,50.0,50.0,MONITORING,,,19.444444,19.444444,438.132433,438.132433,0.000000
0.650000,scenario-defined,0,1,vehicle,0,0,459.636688,0.436295,459.623362,3.500000,-0.500000,21.479497,-179.999980,-1,1.0,50.0,50.0,MONITORING,,,19.444444,19.444444,459.636688,459.636688,0.000000
0.650000,scenario-defined,0,2,vehicle,0,0,436.086302,0.459856,436.072256,3.499993,-0.500000,21.511610,-179.999980,1,1.0,50.0,50.0,MONITORING,,,19.444444,19.444444,436.086302,436.086302,0.000000
0.700000,scenario-defined,0,1,vehicle,0,0,457.592156,0.438244,457.578770,3.500000,-0.500000,21.447383,-179.999980,-1,1.0,50.0,50.0,MONITORING,,,19.444444,19.444444,457.592156,457.592156,0.000000
0.700000,scenario-defined,0,2,vehicle,0,0,434.041777,0.462022,434.027665,3.499993,-0.500000,21.479497,-179.999980,1,1.0,50.0,50.0,MONITORING,,,19.444444,19.444444,434.041777,434.041777,0.000000
0.750000,scenario-defined,0,1,vehicle,0,0,455.549230,0.440210,455.535785,3.500000,-0.500000,21.415270,-179.999980,-1,1.0,50.0,50.0,MONITORING,,,19.444444,19.444444,455.549230,455.549230,0.000000
0.750000,scenario-defined,0,2,vehicle,0,0,431.998858,0.464207,431.984679,3.499993,-0.500000,21.447383,-179.999980,1,1.0,50.0,50.0,MONITORING,,,19.444444,19.444444,431.998858,431.998858,0.000000
0.800000,scenario-defined,0,1,vehicle,0,0,453.507911,0.442191,453.494405,3.500000,-0.500000,21.383157,-179.999980,-1,1.0,50.0,50.0,MONITORING,,,19.444444,19.444444,453.507911,453.507911,0.000000
0.800000,scenario-defined,0,2,vehicle,0,0,429.957545,0.466411,429.943299,3.499993,-0.500000,21.415270,-179.999980,1,1.0,50.0,50.0,MONITORING,,,19.444444,19.444444,429.957545,429.957545,0.000000
0.850000,scenario-defined,0,1,vehicle,0,0,451.468197,0.444189,451.454630,3.500000,-0.500000,21.351044,-179.999980,-1,1.0,50.0,50.0,MONITORING,,,19.444444,19.444444,451.468197,451.468197,0.000000
0.850000,scenario-defined,0,2,vehicle,0,0,427.917838,0.468635,427.903525,3.499993,-0.500000,21.383157,-179.999980,1,1.0,50.0,50.0,MONITORING,,,19.444444,19.444444,427.917838,427.917838,0.000000
0.900000,scenario-defined,0,1,vehicle,0,0,449.430090,0.446203,449.416462,3.500000,-0.500000,21.318931,-179.999980,-1,1.0,50.0,50.0,MONITORING,,,19.444444,19.444444,449.430090,449.430090,0.000000
0.900000,scenario-defined,0,2,vehicle,0,0,425.879738,0.470877,425.865356,3.499993,-0.500000,21.351044,-179.999980,1,1.0,50.0,50.0,MONITORING,,,19.444444,19.444444,425.879738,425.879738,0.000000
0.950000,scenario-defined,0,1,vehicle,0,0,447.393589,0.448235,447.379898,3.500000,-0.500000,21.286817,-179.999980,-1,1.0,50.0,50.0,MONITORING,,,19.444444,19.444444,447.393589,447.393589,0.000000
0.950000,scenario-defined,0,2,vehicle,0,0,423.843244,0.473140,423.828793,3.499993,-0.500000,21.318931,-179.999980,1,1.0,50.0,50.0,MONITORING,,,19.444444,19.444444,423.843244,423.843244,0.000000
1.000000,scenario-defined,0,1,vehicle,0,0,445.358694,0.450283,445.344941,3.500000,-0.500000,21.254704,-179.999980,-1,1.0,50.0,50.0,MONITORING,,,19.444444,19.444444,445.358694,445.358694,0.000000
1.000000,scenario-defined,0,2,vehicle,0,0,421.808356,0.475422,421.793835,3.499993,-0.500000,21.286817,-179.999980,1,1.0,50.0,50.0,MONITORING,,,19.444444,19.444444,421.808356,421.808356,0.000000
1.050000,scenario-defined,0,1,vehicle,0,0,443.325406,0.452348,443.311589,3.500000,-0.500000,21.222591,-179.999980,-1,1.0,50.0,50.0,MONITORING,,,19.444444,19.444444,443.325406,443.325406,0.000000
1.050000,scenario-defined,0,2,vehicle,0,0,419.775075,0.477725,419.760484,3.499993,-0.500000,21.254704,-179.999980,1,1.0,50.0,50.0,MONITORING,,,19.444444,19.444444,419.775075,419.775075,0.000000
1.100000,scenario-defined,0,1,vehicle,0,0,441.293723,0.454431,441.279843,3.500000,-0.500000,21.190478,-179.999980,-1,1.0,50.0,50.0,MONITORING,,,19.444444,19.444444,441.293723,441.293723,0.000000
1.100000,scenario-defined,0,2,vehicle,0,0,417.743400,0.480049,417.728738,3.499993,-0.500000,21.222591,-179.999980,1,1.0,50.0,50.0,MONITORING,,,19.444444,19.444444,417.743400,417.743400,0.000000
1.150000,scenario-defined,0,1,vehicle,0,0,439.263647,0.456531,439.249703,3.500000,-0.500000,21.158365,-179.999980,-1,1.0,50.0,50.0,MONITORING,,,19.444444,19.444444,439.263647,439.263647,0.000000
1.150000,scenario-defined,0,2,vehicle,0,0,415.713331,0.482393,415.698597,3.499993,-0.500000,21.190478,-179.999980,1,1.0,50.0,50.0,MONITORING,,,19.444444,19.444444,415.713331,415.713331,0.000000
1.200000,scenario-defined,0,1,vehicle,0,0,437.235177,0.458649,437.221168,3.500000,-0.500000,21.126251,-179.999980,-1,1.0,50.0,50.0,MONITORING,,,19.444444,19.444444,437.235177,437.235177,0.000000
1.200000,scenario-defined,0,2,vehicle,0,0,413.684869,0.484758,413.670062,3.499993,-0.500000,21.158365,-179.999980,1,1.0,50.0,50.0,MONITORING,,,19.444444,19.444444,413.684869,413.684869,0.000000
1.250000,scenario-defined,0,1,vehicle,0,0,435.208313,0.460785,435.194239,3.500000,-0.500000,21.094138,-179.999980,-1,1.0,50.0,50.0,MONITORING,,,19.444444,19.444444,435.208313,435.208313,0.000000
1.250000,scenario-defined,0,2,vehicle,0,0,411.658012,0.487145,411.643133,3.499993,-0.500000,21.126251,-179.999980,1,1.0,50.0,50.0,MONITORING,,,19.444444,19.444444,411.658012,411.658012,0.000000
1.300000,scenario-defined,0,1,vehicle,0,0,433.183055,0.462939,433.168915,3.500000,-0.500000,21.062025,-179.999980,-1,1.0,50.0,50.0,MONITORING,,,19.444444,19.444444,433.183055,433.183055,0.000000
1.300000,scenario-defined,0,2,vehicle,0,0,409.632763,0.489554,409.617810,3.499993,-0.500000,21.094138,-179.999980,1,1.0,50.0,50.0,MONITORING,,,19.444444,19.444444,409.632763,409.632763,0.000000
1.350000,scenario-defined,0,1,vehicle,0,0,431.159404,0.465112,431.145198,3.500000,-0.500000,21.029912,-179.999980,-1,1.0,50.0,50.0,MONITORING,,,19.444444,19.444444,431.159404,431.159404,0.000000
1.350000,scenario-defined,0,2,vehicle,0,0,407.609119,0.491984,407.594092,3.499993,-0.500000,21.062025,-179.999980,1,1.0,50.0,50.0,MONITORING,,,19.444444,19.444444,407.609119,407.609119,0.000000
1.400000,scenario-defined,0,1,vehicle,0,0,429.137359,0.467304,429.123086,3.500000,-0.500000,20.997799,-179.999980,-1,1.0,50.0,50.0,MONITORING,,,19.444444,19.444444,429.137359,429.137359,0.000000
1.400000,scenario-defined,0,2,vehicle,0,0,405.587082,0.494437,405.571980,3.499993,-0.500000,21.029912,-179.999980,1,1.0,50.0,50.0,MONITORING,,,19.444444,19.444444,405.587082,405.587082,0.000000
1.450000,scenario-defined,0,1,vehicle,0,0,427.116920,0.469514,427.102579,3.500000,-0.500000,20.965685,-179.999980,-1,1.0,50.0,50.0,MONITORING,,,19.444444,19.444444,427.116920,427.116920,0.000000
1.450000,scenario-defined,0,2,vehicle,0,0,403.566651,0.496913,403.551473,3.499993,-0.500000,20.997799,-179.999980,1,1.0,50.0,50.0,MONITORING,,,19.444444,19.444444,403.566651,403.566651,0.000000
1.500000,scenario-defined,0,1,vehicle,0,0,425.098087,0.471744,425.083678,3.500000,-0.500000,20.933572,-179.999980,-1,1.0,50.0,50.0,MONITORING,,,19.444444,19.444444,425.098087,425.098087,0.000000
1.500000,scenario-defined,0,2,vehicle,0,0,401.547826,0.499411,401.532573,3.499993,-0.500000,20.965685,-179.999980,1,1.0,50.0,50.0,MONITORING,,,19.444444,19.444444,401.547826,401.547826,0.000000
1.550000,scenario-defined,0,1,vehicle,0,0,423.080860,0.473993,423.066383,3.500000,-0.500000,20.901459,-179.999980,-1,1.0,50.0,50.0,MONITORING,,,19.444444,19.444444,423.080860,423.080860,0.000000
1.550000,scenario-defined,0,2,vehicle,0,0,399.530608,0.501933,399.515278,3.499993,-0.500000,20.933572,-179.999980,1,1.0,50.0,50.0,MONITORING,,,19.444444,19.444444,399.530608,399.530608,0.000000
1.600000,scenario-defined,0,1,vehicle,0,0,421.065240,0.476262,421.050694,3.500000,-0.500000,20.869346,-179.999980,-1,1.0,50.0,50.0,MONITORING,,,19.444444,19.444444,421.065240,421.065240,0.000000
1.600000,scenario-defined,0,2,vehicle,0,0,397.514997,0.504478,397.499588,3.499993,-0.500000,20.901459,-179.999980,1,1.0,50.0,50.0,MONITORING,,,19.444444,19.444444,397.514997,397.514997,0.000000
1.650000,scenario-defined,0,1,vehicle,0,0,419.051226,0.478551,419.036610,3.500000,-0.500000,20.837232,-179.999980,-1,1.0,50.0,50.0,MONITORING,,,19.444444,19.444444,419.051226,419.051226,0.000000
1.650000,scenario-defined,0,2,vehicle,0,0,395.500991,0.507047,395.485504,3.499993,-0.500000,20.869346,-179.999980,1,1.0,50.0,50.0,MONITORING,,,19.444444,19.444444,395.500991,395.500991,0.000000
1.700000,scenario-defined,0,1,vehicle,0,0,417.038819,0.480861,417.024132,3.500000,-0.500000,20.805119,-179.999980,-1,1.0,50.0,50.0,MONITORING,,,19.444444,19.444444,417.038819,417.038819,0.000000
1.700000,scenario-defined,0,2,vehicle,0,0,393.488592,0.509640,393.473026,3.499993,-0.500000,20.837232,-179.999980,1,1.0,50.0,50.0,MONITORING,,,19.444444,19.444444,393.488592,393.488592,0.000000
1.750000,scenario-defined,0,1,vehicle,0,0,415.028017,0.483191,415.013259,3.500000,-0.500000,20.773006,-179.999980,-1,1.0,50.0,50.0,MONITORING,,,19.444444,19.444444,415.028017,415.028017,0.000000
1.750000,scenario-defined,0,2,vehicle,0,0,391.477800,0.512258,391.462154,3.499993,-0.500000,20.805119,-179.999980,1,1.0,50.0,50.0,MONITORING,,,19.444444,19.444444,391.477800,391.477800,0.000000
1.800000,scenario-defined,0,1,vehicle,0,0,413.018822,0.485541,413.003992,3.500000,-0.500000,20.740893,-179.999980,-1,1.0,50.0,50.0,MONITORING,,,19.444444,19.444444,413.018822,413.018822,0.000000
1.800000,scenario-defined,0,2,vehicle,0,0,389.468614,0.514900,389.452887,3.499993,-0.500000,20.773006,-179.999980,1,1.0,50.0,50.0,MONITORING,,,19.444444,19.444444,389.468614,389.468614,0.000000
1.850000,scenario-defined,0,1,vehicle,0,0,411.011234,0.487913,410.996331,3.500000,-0.500000,20.708780,-179.999980,-1,1.0,50.0,50.0,MONITORING,,,19.444444,19.444444,411.011234,411.011234,0.000000
1.850000,scenario-defined,0,2,vehicle,0,0,387.461034,0.517568,387.445226,3.499993,-0.500000,20.740893,-179.999980,1,1.0,50.0,50.0,MONITORING,,,19.444444,19.444444,387.461034,387.461034,0.000000
1.900000,scenario-defined,0,1,vehicle,0,0,409.005251,0.490306,408.990276,3.500000,-0.500000,20.676666,-179.999980,-1,1.0,50.0,50.0,MONITORING,,,19.444444,19.444444,409.005251,409.005251,0.000000
1.900000,scenario-defined,0,2,vehicle,0,0,385.455061,0.520262,385.439170,3.499993,-0.500000,20.708780,-179.999980,1,1.0,50.0,50.0,MONITORING,,,19.444444,19.444444,385.455061,385.455061,0.000000
1.950000,scenario-defined,0,1,vehicle,0,0,407.000875,0.492721,406.985826,3.500000,-0.500000,20.644553,-179.999980,-1,1.0,50.0,50.0,MONITORING,,,19.444444,19.444444,407.000875,407.000875,0.000000
1.950000,scenario-defined,0,2,vehicle,0,0,383.450694,0.522982,383.434720,3.499993,-0.500000,20.676666,-179.999980,1,1.0,50.0,50.0,MONITORING,,,19.444444,19.444444,383.450694,383.450694,0.000000
2.000000,scenario-defined,0,1,vehicle,0,0,404.998105,0.495157,404.982982,3.500000,-0.500000,20.612440,-179.999980,-1,1.0,50.0,50.0,MONITORING,,,19.444444,19.444444,404.998105,404.998105,0.000000
2.000000,scenario-defined,0,2,vehicle,0,0,381.447933,0.525727,381.431876,3.499993,-0.500000,20.644553,-179.999980,1,1.0,50.0,50.0,MONITORING,,,19.444444,19.444444,381.447933,381.447933,0.000000
2.050000,scenario-defined,0,1,vehicle,0,0,402.996942,0.497616,402.981743,3.500000,-0.500000,20.580327,-179.999980,-1,1.0,50.0,50.0,MONITORING,,,19.444444,19.444444,402.996942,402.996942,0.000000
2.050000,scenario-defined,0,2,vehicle,0,0,379.446780,0.528500,379.430637,3.499993,-0.500000,20.612440,-179.999980,1,1.0,50.0,50.0,MONITORING,,,19.444444,19.444444,379.446780,379.446780,0.000000
2.100000,scenario-defined,0,1,vehicle,0,0,400.997385,0.500097,400.982110,3.500000,-0.500000,20.548214,-179.999980,-1,1.0,50.0,50.0,MONITORING,,,19.444444,19.444444,400.997385,400.997385,0.000000
2.100000,scenario-defined,0,2,vehicle,0,0,377.447232,0.531300,377.431005,3.499993,-0.500000,20.580327,-179.999980,1,1.0,50.0,50.0,MONITORING,,,19.444444,19.444444,377.447232,377.447232,0.000000
2.150000,scenario-defined,0,1,vehicle,0,0,398.999434,0.502602,398.984083,3.500000,-0.500000,20.516100,-179.999980,-1,1.0,50.0,50.0,MONITORING,,,19.444444,19.444444,398.999434,398.999434,0.000000
2.150000,scenario-defined,0,2,vehicle,0,0,375.449291,0.534127,375.432977,3.499993,-0.500000,20.548214,-179.999980,1,1.0,50.0,50.0,MONITORING,,,19.444444,19.444444,375.449291,375.449291,0.000000
2.200000,scenario-defined,0,1,vehicle,0,0,397.003090,0.505129,396.987661,3.500000,-0.500000,20.483987,-179.999980,-1,1.0,50.0,50.0,MONITORING,,,19.444444,19.444444,397.003090,397.003090,0.000000
2.200000,scenario-defined,0,2,vehicle,0,0,373.452957,0.536983,373.436556,3.499993,-0.500000,20.516100,-179.999980,1,1.0,50.0,50.0,MONITORING,,,19.444444,19.444444,373.452957,373.452957,0.000000
2.250000,scenario-defined,0,1,vehicle,0,0,395.008352,0.507680,394.992845,3.500000,-0.500000,20.451874,-179.999980,-1,1.0,50.0,50.0,MONITORING,,,19.444444,19.444444,395.008352,395.008352,0.000000
2.250000,scenario-defined,0,2,vehicle,0,0,371.458229,0.539866,371.441740,3.499993,-0.500000,20.483987,-179.999980,1,1.0,50.0,50.0,MONITORING,,,19.444444,19.444444,371.458229,371.458229,0.000000
2.300000,scenario-defined,0,1,vehicle,0,0,393.015220,0.510255,392.999635,3.500000,-0.500000,20.419761,-179.999980,-1,1.0,50.0,50.0,MONITORING,,,19.444444,19.444444,393.015220,393.015220,0.000000
2.300000,scenario-defined,0,2,vehicle,0,0,369.465108,0.542779,369.448530,3.499993,-0.500000,20.451874,-179.999980,1,1.0,50.0,50.0,MONITORING,,,19.444444,19.444444,369.465108,369.465108,0.000000
2.350000,scenario-defined,0,1,vehicle,0,0,391.023695,0.512854,391.008031,3.500000,-0.500000,20.387648,-179.999980,-1,1.0,50.0,50.0,MONITORING,,,19.444444,19.444444,391.023695,391.023695,0.000000
2.350000,scenario-defined,0,2,vehicle,0,0,367.473593,0.545721,367.456925,3.499993,-0.500000,20.419761,-179.999980,1,1.0,50.0,50.0,MONITORING,,,19.444444,19.444444,367.473593,367.473593,0.000000
2.400000,scenario-defined,0,1,vehicle,0,0,389.033776,0.515477,389.018032,3.500000,-0.500000,20.355534,-179.999980,-1,1.0,50.0,50.0,MONITORING,,,19.444444,19.444444,389.033776,389.033776,0.000000
2.400000,scenario-defined,0,2,vehicle,0,0,365.483685,0.548692,365.466926,3.499993,-0.500000,20.387648,-179.999980,1,1.0,50.0,50.0,MONITORING,,,19.444444,19.444444,365.483685,365.483685,0.000000
2.450000,scenario-defined,0,1,vehicle,0,0,387.045464,0.518125,387.029638,3.500000,-0.500000,20.323421,-179.999980,-1,1.0,50.0,50.0,MONITORING,,,19.444444,19.444444,387.045464,387.045464,0.000000
2.450000,scenario-defined,0,2,vehicle,0,0,363.495383,0.551693,363.478533,3.499993,-0.500000,20.355534,-179.999980,1,1.0,50.0,50.0,MONITORING,,,19.444444,19.444444,363.495383,363.495383,0.000000
2.500000,scenario-defined,0,1,vehicle,0,0,385.058758,0.520798,385.042851,3.500000,-0.500000,20.291308,-179.999980,-1,1.0,50.0,50.0,MONITORING,,,19.444444,19.444444,385.058758,385.058758,0.000000
2.500000,scenario-defined,0,2,vehicle,0,0,361.508688,0.554725,361.491745,3.499993,-0.500000,20.323421,-179.999980,1,1.0,50.0,50.0,MONITORING,,,19.444444,19.444444,361.508688,361.508688,0.000000
2.550000,scenario-defined,0,1,vehicle,0,0,383.073658,0.523497,383.057669,3.500000,-0.500000,20.259195,-179.999980,-1,1.0,50.0,50.0,MONITORING,,,19.444444,19.444444,383.073658,383.073658,0.000000
2.550000,scenario-defined,0,2,vehicle,0,0,359.523600,0.557788,359.506563,3.499993,-0.500000,20.291308,-179.999980,1,1.0,50.0,50.0,MONITORING,,,19.444444,19.444444,359.523600,359.523600,0.000000
2.600000,scenario-defined,0,1,vehicle,0,0,381.090165,0.526222,381.074093,3.500000,-0.500000,20.227081,-179.999980,-1,1.0,50.0,50.0,MONITORING,,,19.444444,19.444444,381.090165,381.090165,0.000000
2.600000,scenario-defined,0,2,vehicle,0,0,357.540118,0.560883,357.522987,3.499993,-0.500000,20.259195,-179.999980,1,1.0,50.0,50.0,MONITORING,,,19.444444,19.444444,357.540118,357.540118,0.000000
2.650000,scenario-defined,0,1,vehicle,0,0,379.108279,0.528973,379.092122,3.500000,-0.500000,20.194968,-179.999980,-1,1.0,50.0,50.0,MONITORING,,,19.444444,19.444444,379.108279,379.108279,0.000000
2.650000,scenario-defined,0,2,vehicle,0,0,355.558243,0.564009,355.541016,3.499993,-0.500000,20.227081,-179.999980,1,1.0,50.0,50.0,MONITORING,,,19.444444,19.444444,355.558243,355.558243,0.000000
2.700000,scenario-defined,0,1,vehicle,0,0,377.127999,0.531751,377.111757,3.500000,-0.500000,20.162855,-179.999980,-1,1.0,50.0,50.0,MONITORING,,,19.444444,19.444444,377.127999,377.127999,0.000000
2.700000,scenario-defined,0,2,vehicle,0,0,353.577975,0.567168,353.560652,3.499993,-0.500000,20.194968,-179.999980,1,1.0,50.0,50.0,MONITORING,,,19.444444,19.444444,353.577975,353.577975,0.000000
2.750000,scenario-defined,0,1,vehicle,0,0,375.149325,0.534556,375.132998,3.500000,-0.500000,20.130742,-179.999980,-1,1.0,50.0,50.0,MONITORING,,,19.444444,19.444444,375.149325,375.149325,0.000000
2.750000,scenario-defined,0,2,vehicle,0,0,351.599313,0.570360,351.581892,3.499993,-0.500000,20.162855,-179.999980,1,1.0,50.0,50.0,MONITORING,,,19.444444,19.444444,351.599313,351.599313,0.000000
2.800000,scenario-defined,0,1,vehicle,0,0,373.172258,0.537388,373.155844,3.500000,-0.500000,20.098629,-179.999980,-1,1.0,50.0,50.0,MONITORING,,,19.444444,19.444444,373.172258,373.172258,0.000000
2.800000,scenario-defined,0,2,vehicle,0,0,349.622258,0.573585,349.604739,3.499993,-0.500000,20.130742,-179.999980,1,1.0,50.0,50.0,MONITORING,,,19.444444,19.444444,349.622258,349.622258,0.000000
2.850000,scenario-defined,0,1,vehicle,0,0,371.196797,0.540248,371.180296,3.500000,-0.500000,20.066515,-179.999980,-1,1.0,50.0,50.0,MONITORING,,,19.444444,19.444444,371.196797,371.196797,0.000000
2.850000,scenario-defined,0,2,vehicle,0,0,347.646809,0.576845,347.629191,3.499993,-0.500000,20.098629,-179.999980,1,1.0,50.0,50.0,MONITORING,,,19.444444,19.444444,347.646809,347.646809,0.000000
2.900000,scenario-defined,0,1,vehicle,0,0,369.222943,0.543136,369.206354,3.500000,-0.500000,20.034402,-179.999980,-1,1.0,50.0,50.0,MONITORING,,,19.444444,19.444444,369.222943,369.222943,0.000000
2.900000,scenario-defined,0,2,vehicle,0,0,345.672968,0.580139,345.655248,3.499993,-0.500000,20.066515,-179.999980,1,1.0,50.0,50.0,MONITORING,,,19.444444,19.444444,345.672968,345.672968,0.000000
2.950000,scenario-defined,0,1,vehicle,0,0,367.250696,0.546053,367.234017,3.500000,-0.500000,20.002289,-179.999980,-1,1.0,50.0,50.0,MONITORING,,,19.444444,19.444444,367.250696,367.250696,0.000000
2.950000,scenario-defined,0,2,vehicle,0,0,343.700733,0.583468,343.682912,3.499993,-0.500000,20.034402,-179.999980,1,1.0,50.0,50.0,MONITORING,,,19.444444,19.444444,343.700733,343.700733,0.000000
3.000000,scenario-defined,0,1,vehicle,0,0,365.280055,0.548999,365.263286,3.500000,-0.500000,19.970176,-179.999980,-1,1.0,50.0,50.0,MONITORING,,,19.444444,19.444444,365.280055,365.280055,0.000000
3.000000,scenario-defined,0,2,vehicle,0,0,341.730105,0.586833,341.712181,3.499993,-0.500000,20.002289,-179.999980,1,1.0,50.0,50.0,MONITORING,,,19.444444,19.444444,341.730105,341.730105,0.000000
3.050000,scenario-defined,0,1,vehicle,0,0,363.311020,0.551974,363.294161,3.500000,-0.500000,19.938063,-179.999980,-1,1.0,50.0,50.0,MONITORING,,,19.444444,19.444444,363.311020,363.311020,0.000000
3.050000,scenario-defined,0,2,vehicle,0,0,339.761083,0.590234,339.743055,3.499993,-0.500000,19.970176,-179.999980,1,1.0,50.0,50.0,MONITORING,,,19.444444,19.444444,339.761083,339.761083,0.000000
3.100000,scenario-defined,0,1,vehicle,0,0,361.343592,0.554980,361.326641,3.500000,-0.500000,19.905949,-179.999980,-1,1.0,50.0,50.0,MONITORING,,,19.444444,19.444444,361.343592,361.343592,0.000000
3.100000,scenario-defined,0,2,vehicle,0,0,337.793668,0.593671,337.775536,3.499993,-0.500000,19.938063,-179.999980,1,1.0,50.0,50.0,MONITORING,,,19.444444,19.444444,337.793668,337.793668,0.000000
3.150000,scenario-defined,0,1,vehicle,0,0,359.377771,0.558016,359.360727,3.500000,-0.500000,19.873836,-179.999980,-1,1.0,50.0,50.0,MONITORING,,,19.444444,19.444444,359.377771,359.377771,0.000000
3.150000,scenario-defined,0,2,vehicle,0,0,335.827861,0.597147,335.809622,3.499993,-0.500000,19.905949,-179.999980,1,1.0,50.0,50.0,MONITORING,,,19.444444,19.444444,335.827861,335.827861,0.000000
3.200000,scenario-defined,0,1,vehicle,0,0,357.413556,0.561082,357.396419,3.500000,-0.500000,19.841723,-179.999980,-1,1.0,50.0,50.0,MONITORING,,,19.444444,19.444444,357.413556,357.413556,0.000000
3.200000,scenario-defined,0,2,vehicle,0,0,333.863660,0.600660,333.845313,3.499993,-0.500000,19.873836,-179.999980,1,1.0,50.0,50.0,MONITORING,,,19.444444,19.444444,333.863660,333.863660,0.000000
3.250000,scenario-defined,0,1,vehicle,0,0,355.450948,0.564180,355.433716,3.500000,-0.500000,19.809610,-179.999980,-1,1.0,50.0,50.0,MONITORING,,,19.444444,19.444444,355.450948,355.450948,0.000000
3.250000,scenario-defined,0,2,vehicle,0,0,331.901065,0.604212,331.882611,3.499993,-0.500000,19.841723,-179.999980,1,1.0,50.0,50.0,MONITORING,,,19.444444,19.444444,331.901065,331.901065,0.000000
3.300000,scenario-defined,0,1,vehicle,0,0,353.489947,0.567310,353.472619,3.500000,-0.500000,19.777497,-179.999980,-1,1.0,50.0,50.0,MONITORING,,,19.444444,19.444444,353.489947,353.489947,0.000000
3.300000,scenario-defined,0,2,vehicle,0,0,329.940078,0.607803,329.921514,3.499993,-0.500000,19.809610,-179.999980,1,1.0,50.0,50.0,MONITORING,,,19.444444,19.444444,329.940078,329.940078,0.000000
3.350000,scenario-defined,0,1,vehicle,0,0,351.530552,0.570473,351.513128,3.500000,-0.500000,19.745383,-179.999980,-1,1.0,50.0,50.0,MONITORING,,,19.444444,19.444444,351.530552,351.530552,0.000000
3.350000,scenario-defined,0,2,vehicle,0,0,327.980698,0.611434,327.962022,3.499993,-0.500000,19.777497,-179.999980,1,1.0,50.0,50.0,MONITORING,,,19.444444,19.444444,327.980698,327.980698,0.000000
3.400000,scenario-defined,0,1,vehicle,0,0,349.572764,0.573668,349.555242,3.500000,-0.500000,19.713270,-179.999980,-1,1.0,50.0,50.0,MONITORING,,,19.444444,19.444444,349.572764,349.572764,0.000000
3.400000,scenario-defined,0,2,vehicle,0,0,326.022924,0.615106,326.004137,3.499993,-0.500000,19.745383,-179.999980,1,1.0,50.0,50.0,MONITORING,,,19.444444,19.444444,326.022924,326.022924,0.000000
3.450000,scenario-defined,0,1,vehicle,0,0,347.616582,0.576896,347.598962,3.500000,-0.500000,19.681157,-179.999980,-1,1.0,50.0,50.0,MONITORING,,,19.444444,19.444444,347.616582,347.616582,0.000000
3.450000,scenario-defined,0,2,vehicle,0,0,324.066757,0.618819,324.047856,3.499993,-0.500000,19.713270,-179.999980,1,1.0,50.0,50.0,MONITORING,,,19.444444,19.444444,324.066757,324.066757,0.000000
3.500000,scenario-defined,0,1,vehicle,0,0,345.662008,0.580158,345.644288,3.500000,-0.500000,19.649044,-179.999980,-1,1.0,50.0,50.0,MONITORING,,,19.444444,19.444444,345.662008,345.662008,0.000000
3.500000,scenario-defined,0,2,vehicle,0,0,322.112198,0.622574,322.093182,3.499993,-0.500000,19.681157,-179.999980,1,1.0,50.0,50.0,MONITORING,,,19.444444,19.444444,322.112198,322.112198,0.000000
3.550000,scenario-defined,0,1,vehicle,0,0,343.709040,0.583455,343.691219,3.500000,-0.500000,19.616930,-179.999980,-1,1.0,50.0,50.0,MONITORING,,,19.444444,19.444444,343.709040,343.709040,0.000000
3.550000,scenario-defined,0,2,vehicle,0,0,320.159245,0.626372,320.140113,3.499993,-0.500000,19.649044,-179.999980,1,1.0,50.0,50.0,MONITORING,,,19.444444,19.444444,320.159245,320.159245,0.000000
3.600000,scenario-defined,0,1,vehicle,0,0,341.757678,0.586786,341.739756,3.500000,-0.500000,19.584817,-179.999980,-1,1.0,50.0,50.0,MONITORING,,,19.444444,19.444444,341.757678,341.757678,0.000000
3.600000,scenario-defined,0,2,vehicle,0,0,318.207899,0.630213,318.188650,3.499993,-0.500000,19.616930,-179.999980,1,1.0,50.0,50.0,MONITORING,,,19.444444,19.444444,318.207899,318.207899,0.000000
3.650000,scenario-defined,0,1,vehicle,0,0,339.807924,0.590153,339.789898,3.500000,-0.500000,19.552704,-179.999980,-1,1.0,50.0,50.0,MONITORING,,,19.444444,19.444444,339.807924,339.807924,0.000000
3.650000,scenario-defined,0,2,vehicle,0,0,316.258161,0.634099,316.238793,3.499993,-0.500000,19.584817,-179.999980,1,1.0,50.0,50.0,MONITORING,,,19.444444,19.444444,316.258161,316.258161,0.000000
3.700000,scenario-defined,0,1,vehicle,0,0,337.859776,0.593556,337.841647,3.500000,-0.500000,19.520591,-179.999980,-1,1.0,50.0,50.0,MONITORING,,,19.444444,19.444444,337.859776,337.859776,0.000000
3.700000,scenario-defined,0,2,vehicle,0,0,314.310029,0.638029,314.290541,3.499993,-0.500000,19.552704,-179.999980,1,1.0,50.0,50.0,MONITORING,,,19.444444,19.444444,314.310029,314.310029,0.000000
3.750000,scenario-defined,0,1,vehicle,0,0,335.913235,0.596996,335.895001,3.500000,-0.500000,19.488478,-179.999980,-1,1.0,50.0,50.0,MONITORING,,,19.444444,19.444444,335.913235,335.913235,0.000000
3.750000,scenario-defined,0,2,vehicle,0,0,312.363504,0.642005,312.343895,3.499993,-0.500000,19.520591,-179.999980,1,1.0,50.0,50.0,MONITORING,,,19.444444,19.444444,312.363504,312.363504,0.000000
3.800000,scenario-defined,0,1,vehicle,0,0,333.968301,0.600473,333.949960,3.500000,-0.500000,19.456364,-179.999980,-1,1.0,50.0,50.0,MONITORING,,,19.444444,19.444444,333.968301,333.968301,0.000000
3.800000,scenario-defined,0,2,vehicle,0,0,310.418587,0.646028,310.398855,3.499993,-0.500000,19.488478,-179.999980,1,1.0,50.0,50.0,MONITORING,,,19.444444,19.444444,310.418587,310.418587,0.000000
3.850000,scenario-defined,0,1,vehicle,0,0,332.024973,0.603988,332.006525,3.500000,-0.500000,19.424251,-179.999980,-1,1.0,50.0,50.0,MONITORING,,,19.444444,19.444444,332.024973,332.024973,0.000000
3.850000,scenario-defined,0,2,vehicle,0,0,308.475276,0.650098,308.455420,3.499993,-0.500000,19.456364,-179.999980,1,1.0,50.0,50.0,MONITORING,,,19.444444,19.444444,308.475276,308.475276,0.000000
3.900000,scenario-defined,0,1,vehicle,0,0,330.080638,0.607545,330.062081,3.500000,-0.500000,19.444444,-179.999980,-1,1.0,50.0,50.0,MONITORING,,,19.444444,19.444444,330.080638,330.080638,0.000000
3.900000,scenario-defined,0,2,vehicle,0,0,306.533573,0.654216,306.513591,3.499993,-0.500000,19.424251,-179.999980,1,1.0,50.0,50.0,MONITORING,,,19.444444,19.444444,306.533573,306.533573,0.000000
3.950000,scenario-defined,0,1,vehicle,0,0,328.136303,0.611146,328.117637,3.500000,-0.500000,19.444444,-179.999980,-1,1.0,50.0,50.0,MONITORING,,,19.444444,19.444444,328.136303,328.136303,0.000000
3.950000,scenario-defined,0,2,vehicle,0,0,304.588246,0.658395,304.568137,3.499993,-0.500000,19.444444,-179.999980,1,1.0,50.0,50.0,MONITORING,,,19.444444,19.444444,304.588246,304.588246,0.000000
4.000000,scenario-defined,0,1,vehicle,0,0,326.191970,0.614789,326.173192,3.500000,-0.500000,19.444444,-179.999980,-1,1.0,50.0,50.0,MONITORING,,,19.444444,19.444444,326.191970,326.191970,0.000000
4.000000,scenario-defined,0,2,vehicle,0,0,302.643931,0.662625,302.623692,3.499993,-0.500000,19.444444,-179.999980,1,1.0,50.0,50.0,MONITORING,,,19.444444,19.444444,302.643931,302.643931,0.000000
4.050000,scenario-defined,0,1,vehicle,0,0,324.247638,0.618475,324.228748,3.500000,-0.500000,19.444444,-179.999980,-1,1.0,50.0,50.0,MONITORING,,,19.444444,19.444444,324.247638,324.247638,0.000000
4.050000,scenario-defined,0,2,vehicle,0,0,300.699618,0.666909,300.679248,3.499993,-0.500000,19.444444,-179.999980,1,1.0,50.0,50.0,MONITORING,,,19.444444,19.444444,300.699618,300.699618,0.000000
4.100000,scenario-defined,0,1,vehicle,0,0,322.303308,0.622206,322.284303,3.500000,-0.500000,19.444444,-179.999980,-1,1.0,50.0,50.0,MONITORING,,,19.444444,19.444444,322.303308,322.303308,0.000000
4.100000,scenario-defined,0,2,vehicle,0,0,298.755306,0.671250,298.734804,3.499993,-0.500000,19.444444,-179.999980,1,1.0,50.0,50.0,MONITORING,,,19.444444,19.444444,298.755306,298.755306,0.000000
4.150000,scenario-defined,0,1,vehicle,0,0,320.358979,0.625983,320.339859,3.500000,-0.500000,19.444444,-179.999980,-1,1.0,50.0,50.0,MONITORING,,,19.444444,19.444444,320.358979,320.358979,0.000000
4.150000,scenario-defined,0,2,vehicle,0,0,296.810996,0.675647,296.790359,3.499993,-0.500000,19.444444,-179.999980,1,1.0,50.0,50.0,MONITORING,,,19.444444,19.444444,296.810996,296.810996,0.000000
4.200000,scenario-defined,0,1,vehicle,0,0,318.414651,0.629805,318.395415,3.500000,-0.500000,19.444444,-179.999980,-1,1.0,50.0,50.0,MONITORING,,,19.444444,19.444444,318.414651,318.414651,0.000000
4.200000,scenario-defined,0,2,vehicle,0,0,294.866688,0.680102,294.845915,3.499993,-0.500000,19.444444,-179.999980,1,1.0,50.0,50.0,MONITORING,,,19.444444,19.444444,294.866688,294.866688,0.000000
4.250000,scenario-defined,0,1,vehicle,0,0,316.470325,0.633675,316.450970,3.500000,-0.500000,19.444444,-179.999980,-1,1.0,50.0,50.0,MONITORING,,,19.444444,19.444444,316.470325,316.470325,0.000000
4.250000,scenario-defined,0,2,vehicle,0,0,292.922381,0.684617,292.901470,3.499993,-0.500000,19.444444,-179.999980,1,1.0,50.0,50.0,MONITORING,,,19.444444,19.444444,292.922381,292.922381,0.000000
4.300000,scenario-defined,0,1,vehicle,0,0,314.526000,0.637592,314.506526,3.500000,-0.500000,19.444444,-179.999980,-1,1.0,50.0,50.0,MONITORING,,,19.444444,19.444444,314.526000,314.526000,0.000000
4.300000,scenario-defined,0,2,vehicle,0,0,290.978076,0.689192,290.957026,3.499993,-0.500000,19.444444,-179.999980,1,1.0,50.0,50.0,MONITORING,,,19.444444,19.444444,290.978076,290.978076,0.000000
4.350000,scenario-defined,0,1,vehicle,0,0,312.581677,0.641558,312.562081,3.500000,-0.500000,19.444444,-179.999980,-1,1.0,50.0,50.0,MONITORING,,,19.444444,19.444444,312.581677,312.581677,0.000000
4.350000,scenario-defined,0,2,vehicle,0,0,289.033774,0.693828,289.012582,3.499993,-0.500000,19.444444,-179.999980,1,1.0,50.0,50.0,MONITORING,,,19.444444,19.444444,289.033774,289.033774,0.000000
4.400000,scenario-defined,0,1,vehicle,0,0,310.637355,0.645574,310.617637,3.500000,-0.500000,19.444444,-179.999980,-1,1.0,50.0,50.0,MONITORING,,,19.444444,19.444444,310.637355,310.637355,0.000000
4.400000,scenario-defined,0,2,vehicle,0,0,287.089473,0.698527,287.068137,3.499993,-0.500000,19.444444,-179.999980,1,1.0,50.0,50.0,MONITORING,,,19.444444,19.444444,287.089473,287.089473,0.000000
4.450000,scenario-defined,0,1,vehicle,0,0,308.693035,0.649641,308.673193,3.500000,-0.500000,19.444444,-179.999980,-1,1.0,50.0,50.0,MONITORING,,,19.444444,19.444444,308.693035,308.693035,0.000000
4.450000,scenario-defined,0,2,vehicle,0,0,285.145174,0.703290,285.123693,3.499993,-0.500000,19.444444,-179.999980,1,1.0,50.0,50.0,MONITORING,,,19.444444,19.444444,285.145174,285.145174,0.000000
4.500000,scenario-defined,0,1,vehicle,0,0,306.748716,0.653758,306.728748,3.500000,-0.500000,19.444444,-179.999980,-1,1.0,50.0,50.0,MONITORING,,,19.444444,19.444444,306.748716,306.748716,0.000000
4.500000,scenario-defined,0,2,vehicle,0,0,283.200877,0.708119,283.179248,3.499993,-0.500000,19.444444,-179.999980,1,1.0,50.0,50.0,MONITORING,,,19.444444,19.444444,283.200877,283.200877,0.000000
4.550000,scenario-defined,0,1,vehicle,0,0,304.804399,0.657929,304.784304,3.500000,-0.500000,19.444444,-179.999980,-1,1.0,50.0,50.0,MONITORING,,,19.444444,19.444444,304.804399,304.804399,0.000000
4.550000,scenario-defined,0,2,vehicle,0,0,281.256582,0.713014,281.234804,3.499993,-0.500000,19.444444,-179.999980,1,1.0,50.0,50.0,MONITORING,,,19.444444,19.444444,281.256582,281.256582,0.000000
4.600000,scenario-defined,0,1,vehicle,0,0,302.860084,0.662153,302.839859,3.500000,-0.500000,19.444444,-179.999980,-1,1.0,50.0,50.0,MONITORING,,,19.444444,19.444444,302.860084,302.860084,0.000000
4.600000,scenario-defined,0,2,vehicle,0,0,279.312289,0.717978,279.290360,3.499993,-0.500000,19.444444,-179.999980,1,1.0,50.0,50.0,MONITORING,,,19.444444,19.444444,279.312289,279.312289,0.000000
4.650000,scenario-defined,0,1,vehicle,0,0,300.915770,0.666432,300.895415,3.500000,-0.500000,19.444444,-179.999980,-1,1.0,50.0,50.0,MONITORING,,,19.444444,19.444444,300.915770,300.915770,0.000000
4.650000,scenario-defined,0,2,vehicle,0,0,277.367999,0.723011,277.345915,3.499993,-0.500000,19.444444,-179.999980,1,1.0,50.0,50.0,MONITORING,,,19.444444,19.444444,277.367999,277.367999,0.000000
4.700000,scenario-defined,0,1,vehicle,0,0,298.971458,0.670766,298.950971,3.500000,-0.500000,19.444444,-179.999980,-1,1.0,50.0,50.0,MONITORING,,,19.444444,19.444444,298.971458,298.971458,0.000000
4.700000,scenario-defined,0,2,vehicle,0,0,275.423710,0.728115,275.401471,3.499993,-0.500000,19.444444,-179.999980,1,1.0,50.0,50.0,MONITORING,,,19.444444,19.444444,275.423710,275.423710,0.000000
4.750000,scenario-defined,0,1,vehicle,0,0,297.027148,0.675157,297.006526,3.500000,-0.500000,19.444444,-179.999980,-1,1.0,50.0,50.0,MONITORING,,,19.444444,19.444444,297.027148,297.027148,0.000000
4.750000,scenario-defined,0,2,vehicle,0,0,273.479424,0.733292,273.457026,3.499993,-0.500000,19.444444,-179.999980,1,1.0,50.0,50.0,MONITORING,,,19.444444,19.444444,273.479424,273.479424,0.000000
4.800000,scenario-defined,0,1,vehicle,0,0,295.082839,0.679606,295.062082,3.500000,-0.500000,19.444444,-179.999980,-1,1.0,50.0,50.0,MONITORING,,,19.444444,19.444444,295.082839,295.082839,0.000000
4.800000,scenario-defined,0,2,vehicle,0,0,271.535140,0.738543,271.512582,3.499993,-0.500000,19.444444,-179.999980,1,1.0,50.0,50.0,MONITORING,,,19.444444,19.444444,271.535140,271.535140,0.000000
4.850000,scenario-defined,0,1,vehicle,0,0,293.138533,0.684113,293.117637,3.500000,-0.500000,19.444444,-179.999980,-1,1.0,50.0,50.0,MONITORING,,,19.444444,19.444444,293.138533,293.138533,0.000000
4.850000,scenario-defined,0,2,vehicle,0,0,269.590858,0.743870,269.568138,3.499993,-0.500000,19.444444,-179.999980,1,1.0,50.0,50.0,MONITORING,,,19.444444,19.444444,269.590858,269.590858,0.000000
4.900000,scenario-defined,0,1,vehicle,0,0,291.194228,0.688681,291.173193,3.500000,-0.500000,19.444444,-179.999980,-1,1.0,50.0,50.0,MONITORING,,,19.444444,19.444444,291.194228,291.194228,0.000000
4.900000,scenario-defined,0,2,vehicle,0,0,267.646579,0.749274,267.623693,3.499993,-0.500000,19.444444,-179.999980,1,1.0,50.0,50.0,MONITORING,,,19.444444,19.444444,267.646579,267.646579,0.000000
4.950000,scenario-defined,0,1,vehicle,0,0,289.249925,0.693311,289.228749,3.500000,-0.500000,19.444444,-179.999980,-1,1.0,50.0,50.0,MONITORING,,,19.444444,19.444444,289.249925,289.249925,0.000000
4.950000,scenario-defined,0,2,vehicle,0,0,265.702302,0.754757,265.679249,3.499993,-0.500000,19.444444,-179.999980,1,1.0,50.0,50.0,MONITORING,,,19.444444,19.444444,265.702302,265.702302,0.000000
5.000000,scenario-defined,0,1,vehicle,0,0,287.305624,0.698003,287.284304,3.500000,-0.500000,19.444444,-179.999980,-1,1.0,50.0,50.0,MONITORING,,,19.444444,19.444444,287.305624,287.305624,0.000000
5.000000,scenario-defined,0,2,vehicle,0,0,263.758027,0.760321,263.734804,3.499993,-0.500000,19.444444,-179.999980,1,1.0,50.0,50.0,MONITORING,,,19.444444,19.444444,263.758027,263.758027,0.000000
5.050000,scenario-defined,0,1,vehicle,0,0,285.361325,0.702759,285.339860,3.500000,-0.500000,19.444444,-179.999980,-1,1.0,50.0,50.0,MONITORING,,,19.444444,19.444444,285.361325,285.361325,0.000000
5.050000,scenario-defined,0,2,vehicle,0,0,261.813755,0.765967,261.790360,3.499993,-0.500000,19.444444,-179.999980,1,1.0,50.0,50.0,MONITORING,,,19.444444,19.444444,261.813755,261.813755,0.000000
5.100000,scenario-defined,0,1,vehicle,0,0,283.417028,0.707580,283.395415,3.500000,-0.500000,19.444444,-179.999980,-1,1.0,50.0,50.0,MONITORING,,,19.444444,19.444444,283.417028,283.417028,0.000000
5.100000,scenario-defined,0,2,vehicle,0,0,259.869486,0.771699,259.845916,3.499993,-0.500000,19.444444,-179.999980,1,1.0,50.0,50.0,MONITORING,,,19.444444,19.444444,259.869486,259.869486,0.000000
5.150000,scenario-defined,0,1,vehicle,0,0,281.472732,0.712468,281.450971,3.500000,-0.500000,19.444444,-179.999980,-1,1.0,50.0,50.0,MONITORING,,,19.444444,19.444444,281.472732,281.472732,0.000000
5.150000,scenario-defined,0,2,vehicle,0,0,257.925219,0.777516,257.901471,3.499993,-0.500000,19.444444,-179.999980,1,1.0,50.0,50.0,MONITORING,,,19.444444,19.444444,257.925219,257.925219,0.000000
5.200000,scenario-defined,0,1,vehicle,0,0,279.528439,0.717424,279.506527,3.500000,-0.500000,19.444444,-179.999980,-1,1.0,50.0,50.0,MONITORING,,,19.444444,19.444444,279.528439,279.528439,0.000000
5.200000,scenario-defined,0,2,vehicle,0,0,255.980955,0.783422,255.957027,3.499993,-0.500000,19.444444,-179.999980,1,1.0,50.0,50.0,MONITORING,,,19.444444,19.444444,255.980955,255.980955,0.000000
5.250000,scenario-defined,0,1,vehicle,0,0,277.584149,0.722450,277.562082,3.500000,-0.500000,19.444444,-179.999980,-1,1.0,50.0,50.0,MONITORING,,,19.444444,19.444444,277.584149,277.584149,0.000000
5.250000,scenario-defined,0,2,vehicle,0,0,254.036694,0.789418,254.012582,3.499993,-0.500000,19.444444,-179.999980,1,1.0,50.0,50.0,MONITORING,,,19.444444,19.444444,254.036694,254.036694,0.000000
5.300000,scenario-defined,0,1,vehicle,0,0,275.639860,0.727546,275.617638,3.500000,-0.500000,19.444444,-179.999980,-1,1.0,50.0,50.0,MONITORING,,,19.444444,19.444444,275.639860,275.639860,0.000000
5.300000,scenario-defined,0,2,vehicle,0,0,252.092436,0.795507,252.068138,3.499993,-0.500000,19.444444,-179.999980,1,1.0,50.0,50.0,MONITORING,,,19.444444,19.444444,252.092436,252.092436,0.000000
5.350000,scenario-defined,0,1,vehicle,0,0,273.695573,0.732714,273.673193,3.500000,-0.500000,19.444444,-179.999980,-1,1.0,50.0,50.0,MONITORING,,,19.444444,19.444444,273.695573,273.695573,0.000000
5.350000,scenario-defined,0,2,vehicle,0,0,250.148180,0.801690,250.123694,3.499993,-0.500000,19.444444,-179.999980,1,1.0,50.0,50.0,MONITORING,,,19.444444,19.444444,250.148180,250.148180,0.000000
5.400000,scenario-defined,0,1,vehicle,0,0,271.751289,0.737957,271.728749,3.500000,-0.500000,19.444444,-179.999980,-1,1.0,50.0,50.0,MONITORING,,,19.444444,19.444444,271.751289,271.751289,0.000000
5.400000,scenario-defined,0,2,vehicle,0,0,248.203928,0.807971,248.179249,3.499993,-0.500000,19.444444,-179.999980,1,1.0,50.0,50.0,MONITORING,,,19.444444,19.444444,248.203928,248.203928,0.000000
5.450000,scenario-defined,0,1,vehicle,0,0,269.807007,0.743275,269.784305,3.500000,-0.500000,19.444444,-179.999980,-1,1.0,50.0,50.0,MONITORING,,,19.444444,19.444444,269.807007,269.807007,0.000000
5.450000,scenario-defined,0,2,vehicle,0,0,246.259678,0.814350,246.234805,3.499993,-0.500000,19.444444,-179.999980,1,1.0,50.0,50.0,MONITORING,,,19.444444,19.444444,246.259678,246.259678,0.000000
5.500000,scenario-defined,0,1,vehicle,0,0,267.862727,0.748671,267.839860,3.500000,-0.500000,19.444444,-179.999980,-1,1.0,50.0,50.0,MONITORING,,,19.444444,19.444444,267.862727,267.862727,0.000000
5.500000,scenario-defined,0,2,vehicle,0,0,244.315432,0.820831,244.290360,3.499993,-0.500000,19.444444,-179.999980,1,1.0,50.0,50.0,MONITORING,,,19.444444,19.444444,244.315432,244.315432,0.000000
5.550000,scenario-defined,0,1,vehicle,0,0,265.918450,0.754145,265.895416,3.500000,-0.500000,19.444444,-179.999980,-1,1.0,50.0,50.0,MONITORING,,,19.444444,19.444444,265.918450,265.918450,0.000000
5.550000,scenario-defined,0,2,vehicle,0,0,242.371188,0.827416,242.345916,3.499993,-0.500000,19.444444,-179.999980,1,1.0,50.0,50.0,MONITORING,,,19.444444,19.444444,242.371188,242.371188,0.000000
5.600000,scenario-defined,0,1,vehicle,0,0,263.974175,0.759700,263.950971,3.500000,-0.500000,19.444444,-179.999980,-1,1.0,50.0,50.0,MONITORING,,,19.444444,19.444444,263.974175,263.974175,0.000000
5.600000,scenario-defined,0,2,vehicle,0,0,240.426948,0.834108,240.401472,3.499993,-0.500000,19.444444,-179.999980,1,1.0,50.0,50.0,MONITORING,,,19.444444,19.444444,240.426948,240.426948,0.000000
5.650000,scenario-defined,0,1,vehicle,0,0,262.029903,0.765337,262.006527,3.500000,-0.500000,19.444444,-179.999980,-1,1.0,50.0,50.0,MONITORING,,,19.444444,19.444444,262.029903,262.029903,0.000000
5.650000,scenario-defined,0,2,vehicle,0,0,238.482712,0.840908,238.457027,3.499993,-0.500000,19.444444,-179.999980,1,1.0,50.0,50.0,MONITORING,,,19.444444,19.444444,238.482712,238.482712,0.000000
5.700000,scenario-defined,0,1,vehicle,0,0,260.085634,0.771059,260.062083,3.500000,-0.500000,19.444444,-179.999980,-1,1.0,50.0,50.0,MONITORING,,,19.444444,19.444444,260.085634,260.085634,0.000000
5.700000,scenario-defined,0,2,vehicle,0,0,236.538478,0.847820,236.512583,3.499993,-0.500000,19.444444,-179.999980,1,1.0,50.0,50.0,MONITORING,,,19.444444,19.444444,236.538478,236.538478,0.000000
5.750000,scenario-defined,0,1,vehicle,0,0,258.141367,0.776866,258.117638,3.500000,-0.500000,19.444444,-179.999980,-1,1.0,50.0,50.0,MONITORING,,,19.444444,19.444444,258.141367,258.141367,0.000000
5.750000,scenario-defined,0,2,vehicle,0,0,234.594249,0.854847,234.568138,3.499993,-0.500000,19.444444,-179.999980,1,1.0,50.0,50.0,MONITORING,,,19.444444,19.444444,234.594249,234.594249,0.000000
5.800000,scenario-defined,0,1,vehicle,0,0,256.197102,0.782762,256.173194,3.500000,-0.500000,19.444444,-179.999980,-1,1.0,50.0,50.0,MONITORING,,,19.444444,19.444444,256.197102,256.197102,0.000000
5.800000,scenario-defined,0,2,vehicle,0,0,232.650022,0.861992,232.623694,3.499993,-0.500000,19.444444,-179.999980,1,1.0,50.0,50.0,MONITORING,,,19.444444,19.444444,232.650022,232.650022,0.000000
5.850000,scenario-defined,0,1,vehicle,0,0,254.252841,0.788749,254.228749,3.500000,-0.500000,19.444444,-179.999980,-1,1.0,50.0,50.0,MONITORING,,,19.444444,19.444444,254.252841,254.252841,0.000000
5.850000,scenario-defined,0,2,vehicle,0,0,230.705800,0.869257,230.679250,3.499993,-0.500000,19.444444,-179.999980,1,1.0,50.0,50.0,MONITORING,,,19.444444,19.444444,230.705800,230.705800,0.000000
5.900000,scenario-defined,0,1,vehicle,0,0,252.308582,0.794827,252.284305,3.500000,-0.500000,19.444444,-179.999980,-1,1.0,50.0,50.0,MONITORING,,,19.444444,19.444444,252.308582,252.308582,0.000000
5.900000,scenario-defined,0,2,vehicle,0,0,228.761581,0.876645,228.734805,3.499993,-0.500000,19.444444,-179.999980,1,1.0,50.0,50.0,MONITORING,,,19.444444,19.444444,228.761581,228.761581,0.000000
5.950000,scenario-defined,0,1,vehicle,0,0,250.364326,0.801000,250.339861,3.500000,-0.500000,19.444444,-179.999980,-1,1.0,50.0,50.0,MONITORING,,,19.444444,19.444444,250.364326,250.364326,0.000000
5.950000,scenario-defined,0,2,vehicle,0,0,226.817366,0.884160,226.790361,3.499993,-0.500000,19.444444,-179.999980,1,1.0,50.0,50.0,MONITORING,,,19.444444,19.444444,226.817366,226.817366,0.000000
6.000000,scenario-defined,0,1,vehicle,0,0,248.420073,0.807269,248.395416,3.500000,-0.500000,19.444444,-179.999980,-1,1.0,50.0,50.0,MONITORING,,,19.444444,19.444444,248.420073,248.420073,0.000000
6.000000,scenario-defined,0,2,vehicle,0,0,224.873155,0.891805,224.845916,3.499993,-0.500000,19.444444,-179.999980,1,1.0,50.0,50.0,MONITORING,,,19.444444,19.444444,224.873155,224.873155,0.000000
6.050000,scenario-defined,0,1,vehicle,0,0,246.475823,0.813637,246.450972,3.500000,-0.500000,19.444444,-179.999980,-1,1.0,50.0,50.0,MONITORING,,,19.444444,19.444444,246.475823,246.475823,0.000000
6.050000,scenario-defined,0,2,vehicle,0,0,222.928949,0.899583,222.901472,3.499993,-0.500000,19.444444,-179.999980,1,1.0,50.0,50.0,MONITORING,,,19.444444,19.444444,222.928949,222.928949,0.000000
6.100000,scenario-defined,0,1,vehicle,0,0,244.531577,0.820107,244.506527,3.500000,-0.500000,19.444444,-179.999980,-1,1.0,50.0,50.0,MONITORING,,,19.444444,19.444444,244.531577,244.531577,0.000000
6.100000,scenario-defined,0,2,vehicle,0,0,220.984746,0.907498,220.957028,3.499993,-0.500000,19.444444,-179.999980,1,1.0,50.0,50.0,MONITORING,,,19.444444,19.444444,220.984746,220.984746,0.000000
6.150000,scenario-defined,0,1,vehicle,0,0,242.587333,0.826680,242.562083,3.500000,-0.500000,19.444444,-179.999980,-1,1.0,50.0,50.0,MONITORING,,,19.444444,19.444444,242.587333,242.587333,0.000000
6.150000,scenario-defined,0,2,vehicle,0,0,219.040548,0.915554,219.012583,3.499993,-0.500000,19.444444,-179.999980,1,1.0,50.0,50.0,MONITORING,,,19.444444,19.444444,219.040548,219.040548,0.000000
6.200000,scenario-defined,0,1,vehicle,0,0,240.643093,0.833360,240.617639,3.500000,-0.500000,19.444444,-179.999980,-1,1.0,50.0,50.0,MONITORING,,,19.444444,19.444444,240.643093,240.643093,0.000000
6.200000,scenario-defined,0,2,vehicle,0,0,217.096354,0.923754,217.068139,3.499993,-0.500000,19.444444,-179.999980,1,1.0,50.0,50.0,MONITORING,,,19.444444,19.444444,217.096354,217.096354,0.000000
6.250000,scenario-defined,0,1,vehicle,0,0,238.698856,0.840148,238.673194,3.500000,-0.500000,19.444444,-179.999980,-1,1.0,50.0,50.0,MONITORING,,,19.444444,19.444444,238.698856,238.698856,0.000000
6.250000,scenario-defined,0,2,vehicle,0,0,215.152164,0.932102,215.123694,3.499993,-0.500000,19.444444,-179.999980,1,1.0,50.0,50.0,MONITORING,,,19.444444,19.444444,215.152164,215.152164,0.000000
6.300000,scenario-defined,0,1,vehicle,0,0,236.754622,0.847048,236.728750,3.500000,-0.500000,19.444444,-179.999980,-1,1.0,50.0,50.0,MONITORING,,,19.444444,19.444444,236.754622,236.754622,0.000000
6.300000,scenario-defined,0,2,vehicle,0,0,213.207980,0.940602,213.179250,3.499993,-0.500000,19.444444,-179.999980,1,1.0,50.0,50.0,MONITORING,,,19.444444,19.444444,213.207980,213.207980,0.000000
6.350000,scenario-defined,0,1,vehicle,0,0,234.810392,0.854062,234.784305,3.500000,-0.500000,19.444444,-179.999980,-1,1.0,50.0,50.0,MONITORING,,,19.444444,19.444444,234.810392,234.810392,0.000000
6.350000,scenario-defined,0,2,vehicle,0,0,211.263800,0.949259,211.234806,3.499993,-0.500000,19.444444,-179.999980,1,1.0,50.0,50.0,MONITORING,,,19.444444,19.444444,211.263800,211.263800,0.000000
6.400000,scenario-defined,0,1,vehicle,0,0,232.866165,0.861193,232.839861,3.500000,-0.500000,19.444444,-179.999980,-1,1.0,50.0,50.0,MONITORING,,,19.444444,19.444444,232.866165,232.866165,0.000000
6.400000,scenario-defined,0,2,vehicle,0,0,209.319625,0.958076,209.290361,3.499993,-0.500000,19.444444,-179.999980,1,1.0,50.0,50.0,MONITORING,,,19.444444,19.444444,209.319625,209.319625,0.000000
6.450000,scenario-defined,0,1,vehicle,0,0,230.921942,0.868445,230.895417,3.500000,-0.500000,19.444444,-179.999980,-1,1.0,50.0,50.0,MONITORING,,,19.444444,19.444444,230.921942,230.921942,0.000000
6.450000,scenario-defined,0,2,vehicle,0,0,207.375455,0.967059,207.345917,3.499993,-0.500000,19.444444,-179.999980,1,1.0,50.0,50.0,MONITORING,,,19.444444,19.444444,207.375455,207.375455,0.000000
6.500000,scenario-defined,0,1,vehicle,0,0,228.977723,0.875819,228.950972,3.500000,-0.500000,19.444444,-179.999980,-1,1.0,50.0,50.0,MONITORING,,,19.444444,19.444444,228.977723,228.977723,0.000000
6.500000,scenario-defined,0,2,vehicle,0,0,205.431290,0.976212,205.401472,3.499993,-0.500000,19.444444,-179.999980,1,1.0,50.0,50.0,MONITORING,,,19.444444,19.444444,205.431290,205.431290,0.000000
6.550000,scenario-defined,0,1,vehicle,0,0,227.033508,0.883320,227.006528,3.500000,-0.500000,19.444444,-179.999980,-1,1.0,50.0,50.0,MONITORING,,,19.444444,19.444444,227.033508,227.033508,0.000000
6.550000,scenario-defined,0,2,vehicle,0,0,203.487130,0.985540,203.457028,3.499993,-0.500000,19.444444,-179.999980,1,1.0,50.0,50.0,MONITORING,,,19.444444,19.444444,203.487130,203.487130,0.000000
6.600000,scenario-defined,0,1,vehicle,0,0,225.089297,0.890950,225.062083,3.500000,-0.500000,19.444444,-179.999980,-1,1.0,50.0,50.0,MONITORING,,,19.444444,19.444444,225.089297,225.089297,0.000000
6.600000,scenario-defined,0,2,vehicle,0,0,201.542976,0.995048,201.512584,3.499993,-0.500000,19.444444,-179.999980,1,1.0,50.0,50.0,MONITORING,,,19.444444,19.444444,201.542976,201.542976,0.000000
6.650000,scenario-defined,0,1,vehicle,0,0,223.145089,0.898713,223.117639,3.500000,-0.500000,19.444444,-179.999980,-1,1.0,50.0,50.0,MONITORING,,,19.444444,19.444444,223.145089,223.145089,0.000000
6.650000,scenario-defined,0,2,vehicle,0,0,199.598828,1.004741,199.568139,3.499993,-0.500000,19.444444,-179.999980,1,1.0,50.0,50.0,MONITORING,,,19.444444,19.444444,199.598828,199.598828,0.000000
6.700000,scenario-defined,0,1,vehicle,0,0,221.200886,0.906613,221.173195,3.500000,-0.500000,19.444444,-179.999980,-1,1.0,50.0,50.0,MONITORING,,,19.444444,19.444444,221.200886,221.200886,0.000000
6.700000,scenario-defined,0,2,vehicle,0,0,197.654685,1.014625,197.623695,3.499993,-0.500000,19.444444,-179.999980,1,1.0,50.0,50.0,MONITORING,,,19.444444,19.444444,197.654685,197.654685,0.000000
6.750000,scenario-defined,0,1,vehicle,0,0,219.256687,0.914653,219.228750,3.500000,-0.500000,19.444444,-179.999980,-1,1.0,50.0,50.0,MONITORING,,,19.444444,19.444444,219.256687,219.256687,0.000000
6.750000,scenario-defined,0,2,vehicle,0,0,195.710549,1.024705,195.679250,3.499993,-0.500000,19.444444,-179.999980,1,1.0,50.0,50.0,MONITORING,,,19.444444,19.444444,195.710549,195.710549,0.000000
6.800000,scenario-defined,0,1,vehicle,0,0,217.312493,0.922836,217.284306,3.500000,-0.500000,19.444444,-179.999980,-1,1.0,50.0,50.0,MONITORING,,,19.444444,19.444444,217.312493,217.312493,0.000000
6.800000,scenario-defined,0,2,vehicle,0,0,193.766419,1.034987,193.734806,3.499993,-0.500000,19.444444,-179.999980,1,1.0,50.0,50.0,MONITORING,,,19.444444,19.444444,193.766419,193.766419,0.000000
6.850000,scenario-defined,0,1,vehicle,0,0,215.368303,0.931168,215.339861,3.500000,-0.500000,19.444444,-179.999980,-1,1.0,50.0,50.0,MONITORING,,,19.444444,19.444444,215.368303,215.368303,0.000000
6.850000,scenario-defined,0,2,vehicle,0,0,191.822295,1.045478,191.790362,3.499993,-0.500000,19.444444,-179.999980,1,1.0,50.0,50.0,MONITORING,,,19.444444,19.444444,191.822295,191.822295,0.000000
6.900000,scenario-defined,0,1,vehicle,0,0,213.424118,0.939651,213.395417,3.500000,-0.500000,19.444444,-179.999980,-1,1.0,50.0,50.0,MONITORING,,,19.444444,19.444444,213.424118,213.424118,0.000000
6.900000,scenario-defined,0,2,vehicle,0,0,189.878177,1.056184,189.845917,3.499993,-0.500000,19.444444,-179.999980,1,1.0,50.0,50.0,MONITORING,,,19.444444,19.444444,189.878177,189.878177,0.000000
6.950000,scenario-defined,0,1,vehicle,0,0,211.479937,0.948290,211.450973,3.500000,-0.500000,19.444444,-179.999980,-1,1.0,50.0,50.0,MONITORING,,,19.444444,19.444444,211.479937,211.479937,0.000000
6.950000,scenario-defined,0,2,vehicle,0,0,187.934067,1.067111,187.901473,3.499993,-0.500000,19.444444,-179.999980,1,1.0,50.0,50.0,MONITORING,,,19.444444,19.444444,187.934067,187.934067,0.000000
7.000000,scenario-defined,0,1,vehicle,0,0,209.535762,0.957090,209.506528,3.500000,-0.500000,19.444444,-179.999980,-1,1.0,50.0,50.0,MONITORING,,,19.444444,19.444444,209.535762,209.535762,0.000000
7.000000,scenario-defined,0,2,vehicle,0,0,185.989963,1.078266,185.957028,3.499993,-0.500000,19.444444,-179.999980,1,1.0,50.0,50.0,MONITORING,,,19.444444,19.444444,185.989963,185.989963,0.000000
7.050000,scenario-defined,0,1,vehicle,0,0,207.591591,0.966054,207.562084,3.500000,-0.500000,19.444444,-179.999980,-1,1.0,50.0,50.0,MONITORING,,,19.444444,19.444444,207.591591,207.591591,0.000000
7.050000,scenario-defined,0,2,vehicle,0,0,184.045867,1.089657,184.012584,3.499993,-0.500000,19.444444,-179.999980,1,1.0,50.0,50.0,MONITORING,,,19.444444,19.444444,184.045867,184.045867,0.000000
7.100000,scenario-defined,0,1,vehicle,0,0,205.647426,0.975188,205.617639,3.500000,-0.500000,19.444444,-179.999980,-1,1.0,50.0,50.0,MONITORING,,,19.444444,19.444444,205.647426,205.647426,0.000000
7.100000,scenario-defined,0,2,vehicle,0,0,182.101778,1.101292,182.068140,3.499993,-0.500000,19.444444,-179.999980,1,1.0,50.0,50.0,MONITORING,,,19.444444,19.444444,182.101778,182.101778,0.000000
7.150000,scenario-defined,0,1,vehicle,0,0,203.703266,0.984496,203.673195,3.500000,-0.500000,19.444444,-179.999980,-1,1.0,50.0,50.0,MONITORING,,,19.444444,19.444444,203.703266,203.703266,0.000000
7.150000,scenario-defined,0,2,vehicle,0,0,180.157696,1.113177,180.123695,3.499993,-0.500000,19.444444,-179.999980,1,1.0,50.0,50.0,MONITORING,,,19.444444,19.444444,180.157696,180.157696,0.000000
7.200000,scenario-defined,0,1,vehicle,0,0,201.759111,0.993984,201.728751,3.500000,-0.500000,19.444444,-179.999980,-1,1.0,50.0,50.0,MONITORING,,,19.444444,19.444444,201.759111,201.759111,0.000000
7.200000,scenario-defined,0,2,vehicle,0,0,178.213623,1.125322,178.179251,3.499993,-0.500000,19.444444,-179.999980,1,1.0,50.0,50.0,MONITORING,,,19.444444,19.444444,178.213623,178.213623,0.000000
7.250000,scenario-defined,0,1,vehicle,0,0,199.814962,1.003656,199.784306,3.500000,-0.500000,19.444444,-179.999980,-1,1.0,50.0,50.0,MONITORING,,,19.444444,19.444444,199.814962,199.814962,0.000000
7.250000,scenario-defined,0,2,vehicle,0,0,176.269558,1.137735,176.234806,3.499993,-0.500000,19.444444,-179.999980,1,1.0,50.0,50.0,MONITORING,,,19.444444,19.444444,176.269558,176.269558,0.000000
7.300000,scenario-defined,0,1,vehicle,0,0,197.870819,1.013518,197.839862,3.500000,-0.500000,19.444444,-179.999980,-1,1.0,50.0,50.0,MONITORING,,,19.444444,19.444444,197.870819,197.870819,0.000000
7.300000,scenario-defined,0,2,vehicle,0,0,174.325501,1.150424,174.290362,3.499993,-0.500000,19.444444,-179.999980,1,1.0,50.0,50.0,MONITORING,,,19.444444,19.444444,174.325501,174.325501,0.000000
7.350000,scenario-defined,0,1,vehicle,0,0,195.926682,1.023576,195.895417,3.500000,-0.500000,19.444444,-179.999980,-1,1.0,50.0,50.0,MONITORING,,,19.444444,19.444444,195.926682,195.926682,0.000000
7.350000,scenario-defined,0,2,vehicle,0,0,172.381453,1.163400,172.345918,3.499993,-0.500000,19.444444,-179.999980,1,1.0,50.0,50.0,MONITORING,,,19.444444,19.444444,172.381453,172.381453,0.000000
7.400000,scenario-defined,0,1,vehicle,0,0,193.982551,1.033836,193.950973,3.500000,-0.500000,19.444444,-179.999980,-1,1.0,50.0,50.0,MONITORING,,,19.444444,19.444444,193.982551,193.982551,0.000000
7.400000,scenario-defined,0,2,vehicle,0,0,170.437414,1.176672,170.401473,3.499993,-0.500000,19.444444,-179.999980,1,1.0,50.0,50.0,MONITORING,,,19.444444,19.444444,170.437414,170.437414,0.000000
7.450000,scenario-defined,0,1,vehicle,0,0,192.038426,1.044303,192.006529,3.500000,-0.500000,19.444444,-179.999980,-1,1.0,50.0,50.0,MONITORING,,,19.444444,19.444444,192.038426,192.038426,0.000000
7.450000,scenario-defined,0,2,vehicle,0,0,168.493384,1.190250,168.457029,3.499993,-0.500000,19.444444,-179.999980,1,1.0,50.0,50.0,MONITORING,,,19.444444,19.444444,168.493384,168.493384,0.000000
7.500000,scenario-defined,0,1,vehicle,0,0,190.094308,1.054985,190.062084,3.500000,-0.500000,19.444444,-179.999980,-1,1.0,50.0,50.0,MONITORING,,,19.444444,19.444444,190.094308,190.094308,0.000000
7.500000,scenario-defined,0,2,vehicle,0,0,166.549364,1.204145,166.512584,3.499993,-0.500000,19.444444,-179.999980,1,1.0,50.0,50.0,MONITORING,,,19.444444,19.444444,166.549364,166.549364,0.000000
7.550000,scenario-defined,0,1,vehicle,0,0,188.150196,1.065887,188.117640,3.500000,-0.500000,19.444444,-179.999980,-1,1.0,50.0,50.0,MONITORING,,,19.444444,19.444444,188.150196,188.150196,0.000000
7.550000,scenario-defined,0,2,vehicle,0,0,164.605354,1.218368,164.568140,3.499993,-0.500000,19.444444,-179.999980,1,1.0,50.0,50.0,MONITORING,,,19.444444,19.444444,164.605354,164.605354,0.000000
7.600000,scenario-defined,0,1,vehicle,0,0,186.206092,1.077017,186.173195,3.500000,-0.500000,19.444444,-179.999980,-1,1.0,50.0,50.0,MONITORING,,,19.444444,19.444444,186.206092,186.206092,0.000000
7.600000,scenario-defined,0,2,vehicle,0,0,162.661355,1.232932,162.623696,3.499993,-0.500000,19.444444,-179.999980,1,1.0,50.0,50.0,MONITORING,,,19.444444,19.444444,162.661355,162.661355,0.000000
7.650000,scenario-defined,0,1,vehicle,0,0,184.261995,1.088381,184.228751,3.500000,-0.500000,19.444444,-179.999980,-1,1.0,50.0,50.0,MONITORING,,,19.444444,19.444444,184.261995,184.261995,0.000000
7.650000,scenario-defined,0,2,vehicle,0,0,160.717366,1.247847,160.679251,3.499993,-0.500000,19.444444,-179.999980,1,1.0,50.0,50.0,MONITORING,,,19.444444,19.444444,160.717366,160.717366,0.000000
7.700000,scenario-defined,0,1,vehicle,0,0,182.317905,1.099988,182.284307,3.500000,-0.500000,19.444444,-179.999980,-1,1.0,50.0,50.0,MONITORING,,,19.444444,19.444444,182.317905,182.317905,0.000000
7.700000,scenario-defined,0,2,vehicle,0,0,158.773388,1.263128,158.734807,3.499993,-0.500000,19.444444,-179.999980,1,1.0,50.0,50.0,MONITORING,,,19.444444,19.444444,158.773388,158.773388,0.000000
7.750000,scenario-defined,0,1,vehicle,0,0,180.373823,1.111845,180.339862,3.500000,-0.500000,19.444444,-179.999980,-1,1.0,50.0,50.0,MONITORING,,,19.444444,19.444444,180.373823,180.373823,0.000000
7.750000,scenario-defined,0,2,vehicle,0,0,156.829422,1.278787,156.790362,3.499993,-0.500000,19.444444,-179.999980,1,1.0,50.0,50.0,MONITORING,,,19.444444,19.444444,156.829422,156.829422,0.000000
7.800000,scenario-defined,0,1,vehicle,0,0,178.429748,1.123961,178.395418,3.500000,-0.500000,19.444444,-179.999980,-1,1.0,50.0,50.0,MONITORING,,,19.444444,19.444444,178.429748,178.429748,0.000000
7.800000,scenario-defined,0,2,vehicle,0,0,154.885468,1.294840,154.845918,3.499993,-0.500000,19.444444,-179.999980,1,1.0,50.0,50.0,MONITORING,,,19.444444,19.444444,154.885468,154.885468,0.000000
7.850000,scenario-defined,0,1,vehicle,0,0,176.485682,1.136344,176.450973,3.500000,-0.500000,19.444444,-179.999980,-1,1.0,50.0,50.0,MONITORING,,,19.444444,19.444444,176.485682,176.485682,0.000000
7.850000,scenario-defined,0,2,vehicle,0,0,152.941527,1.311301,152.901474,3.499993,-0.500000,19.444444,-179.999980,1,1.0,50.0,50.0,MONITORING,,,19.444444,19.444444,152.941527,152.941527,0.000000
7.900000,scenario-defined,0,1,vehicle,0,0,174.541588,1.148364,174.506532,3.498055,-0.500000,19.444444,-179.777163,1,1.0,50.0,50.0,MONITORING,,,19.444444,19.444444,174.541588,174.541588,0.000000
7.900000,scenario-defined,0,2,vehicle,0,0,150.997598,1.328185,150.957029,3.499993,-0.500000,19.444444,-179.999980,1,1.0,50.0,50.0,MONITORING,,,19.444444,19.444444,150.997598,150.997598,0.000000
7.950000,scenario-defined,0,1,vehicle,0,0,172.597440,1.159401,172.562105,3.492333,-0.500000,19.444444,-179.554346,1,1.0,50.0,50.0,MONITORING,,,19.444444,19.444444,172.597440,172.597440,0.000000
7.950000,scenario-defined,0,2,vehicle,0,0,149.053683,1.345510,149.012585,3.499993,-0.500000,19.444444,-179.999980,1,1.0,50.0,50.0,MONITORING,,,19.444444,19.444444,149.053683,149.053683,0.000000
8.000000,scenario-defined,0,1,vehicle,0,0,170.653252,1.169421,170.617708,3.482833,-0.500000,19.444444,-179.331529,1,1.0,50.0,50.0,MONITORING,,,19.444444,19.444444,170.653252,170.653252,0.000000
8.000000,scenario-defined,0,2,vehicle,0,0,147.109782,1.363293,147.068140,3.499993,-0.500000,19.444444,-179.999980,1,1.0,50.0,50.0,MONITORING,,,19.444444,19.444444,147.109782,147.109782,0.000000
8.050000,scenario-defined,0,1,vehicle,0,0,168.709036,1.178389,168.673356,3.469555,-0.500000,19.444444,-179.108712,1,1.0,50.0,50.0,MONITORING,,,19.444444,19.444444,168.709036,168.709036,0.000000
8.050000,scenario-defined,0,2,vehicle,0,0,145.165895,1.381552,145.123696,3.499993,-0.500000,19.444444,-179.999980,1,1.0,50.0,50.0,MONITORING,,,19.444444,19.444444,145.165895,145.165895,0.000000
8.100000,scenario-defined,0,1,vehicle,0,0,166.764804,1.186268,166.729062,3.452500,-0.500000,19.444444,-178.885896,1,1.0,50.0,50.0,MONITORING,,,19.444444,19.444444,166.764804,166.764804,0.000000
8.100000,scenario-defined,0,2,vehicle,0,0,143.222024,1.400307,143.179252,3.499993,-0.500000,19.444444,-179.999980,1,1.0,50.0,50.0,MONITORING,,,19.444444,19.444444,143.222024,143.222024,0.000000
8.150000,scenario-defined,0,1,vehicle,0,0,164.820571,1.193020,164.784843,3.431668,-0.500000,19.444444,-178.663079,1,1.0,50.0,50.0,MONITORING,,,19.444444,19.444444,164.820571,164.820571,0.000000
8.150000,scenario-defined,0,2,vehicle,0,0,141.278168,1.419578,141.234807,3.499993,-0.500000,19.444444,-179.999980,1,1.0,50.0,50.0,MONITORING,,,19.444444,19.444444,141.278168,141.278168,0.000000
8.200000,scenario-defined,0,1,vehicle,0,0,162.876350,1.198605,162.840711,3.407059,-0.500000,19.444444,-178.440262,1,1.0,50.0,50.0,MONITORING,,,19.444444,19.444444,162.876350,162.876350,0.000000
8.200000,scenario-defined,0,2,vehicle,0,0,139.334329,1.439386,139.290363,3.499993,-0.500000,19.444444,-179.999980,1,1.0,50.0,50.0,MONITORING,,,19.444444,19.444444,139.334329,139.334329,0.000000
8.250000,scenario-defined,0,1,vehicle,0,0,160.932154,1.202979,160.896683,3.378674,-0.500000,19.444444,-178.217445,1,1.0,50.0,50.0,MONITORING,,,19.444444,19.444444,160.932154,160.932154,0.000000
8.250000,scenario-defined,0,2,vehicle,0,0,137.390506,1.459755,137.345918,3.499993,-0.500000,19.444444,-179.999980,1,1.0,50.0,50.0,MONITORING,,,19.444444,19.444444,137.390506,137.390506,0.000000
8.300000,scenario-defined,0,1,vehicle,0,0,158.987997,1.206099,158.952773,3.346513,-0.500000,19.444444,-177.994628,1,1.0,50.0,50.0,MONITORING,,,19.444444,19.444444,158.987997,158.987997,0.000000
8.300000,scenario-defined,0,2,vehicle,0,0,135.446702,1.480709,135.401474,3.499993,-0.500000,19.444444,-179.999980,1,1.0,50.0,50.0,MONITORING,,,19.444444,19.444444,135.446702,135.446702,0.000000
8.350000,scenario-defined,0,1,vehicle,0,0,157.043894,1.207918,157.008995,3.310576,-0.500000,19.444444,-177.771811,1,1.0,50.0,50.0,MONITORING,,,19.444444,19.444444,157.043894,157.043894,0.000000
8.350000,scenario-defined,0,2,vehicle,0,0,133.502916,1.502273,133.457030,3.499993,-0.500000,19.444444,-179.999980,1,1.0,50.0,50.0,MONITORING,,,19.444444,19.444444,133.502916,133.502916,0.000000
8.400000,scenario-defined,0,1,vehicle,0,0,155.099858,1.208387,155.065364,3.270865,-0.500000,19.444444,-177.548994,1,1.0,50.0,50.0,MONITORING,,,19.444444,19.444444,155.099858,155.099858,0.000000
8.400000,scenario-defined,0,2,vehicle,0,0,131.559150,1.524474,131.512585,3.499993,-0.500000,19.444444,-179.999980,1,1.0,50.0,50.0,MONITORING,,,19.444444,19.444444,131.559150,131.559150,0.000000
8.450000,scenario-defined,0,1,vehicle,0,0,153.155904,1.207455,153.121895,3.227379,-0.500000,19.444444,-177.326177,1,1.0,50.0,50.0,MONITORING,,,19.444444,19.444444,153.155904,153.155904,0.000000
8.450000,scenario-defined,0,2,vehicle,0,0,129.615404,1.547341,129.568141,3.499993,-0.500000,19.444444,-179.999980,1,1.0,50.0,50.0,MONITORING,,,19.444444,19.444444,129.615404,129.615404,0.000000
8.500000,scenario-defined,0,1,vehicle,0,0,151.212047,1.205069,151.178603,3.180120,-0.500000,19.444444,-177.103360,1,1.0,50.0,50.0,MONITORING,,,19.444444,19.444444,151.212047,151.212047,0.000000
8.500000,scenario-defined,0,2,vehicle,0,0,127.671680,1.570904,127.623696,3.499993,-0.500000,19.444444,-179.999980,1,1.0,50.0,50.0,MONITORING,,,19.444444,19.444444,127.671680,127.671680,0.000000
8.550000,scenario-defined,0,1,vehicle,0,0,149.268302,1.201170,149.235501,3.129088,-0.500000,19.444444,-176.880543,1,1.0,50.0,50.0,MONITORING,,,19.444444,19.444444,149.268302,149.268302,0.000000
8.550000,scenario-defined,0,2,vehicle,0,0,125.727977,1.595196,125.679252,3.499993,-0.500000,19.444444,-179.999980,1,1.0,50.0,50.0,MONITORING,,,19.444444,19.444444,125.727977,125.727977,0.000000
8.600000,scenario-defined,0,1,vehicle,0,0,147.324685,1.195701,147.292605,3.074283,-0.500000,19.444444,-176.657726,1,1.0,50.0,50.0,MONITORING,,,19.444444,19.444444,147.324685,147.324685,0.000000
8.600000,scenario-defined,0,2,vehicle,0,0,123.784298,1.620251,123.734808,3.499993,-0.500000,19.444444,-179.999980,1,1.0,50.0,50.0,MONITORING,,,19.444444,19.444444,123.784298,123.784298,0.000000
8.650000,scenario-defined,0,1,vehicle,0,0,145.381211,1.188597,145.349929,3.015707,-0.500000,19.444444,-176.434910,1,1.0,50.0,50.0,MONITORING,,,19.444444,19.444444,145.381211,145.381211,0.000000
8.650000,scenario-defined,0,2,vehicle,0,0,121.840644,1.646105,121.790363,3.499993,-0.500000,19.444444,-179.999980,1,1.0,50.0,50.0,MONITORING,,,19.444444,19.444444,121.840644,121.840644,0.000000
8.700000,scenario-defined,0,1,vehicle,0,0,143.437897,1.179793,143.407489,2.953361,-0.500000,19.444444,-176.212093,1,1.0,50.0,50.0,MONITORING,,,19.444444,19.444444,143.437897,143.437897,0.000000
8.700000,scenario-defined,0,2,vehicle,0,0,119.897015,1.672797,119.845919,3.499993,-0.500000,19.444444,-179.999980,1,1.0,50.0,50.0,MONITORING,,,19.444444,19.444444,119.897015,119.897015,0.000000
8.750000,scenario-defined,0,1,vehicle,0,0,141.494758,1.169220,141.465298,2.887245,-0.500000,19.444444,-175.989276,1,1.0,50.0,50.0,MONITORING,,,19.444444,19.444444,141.494758,141.494758,0.000000
8.750000,scenario-defined,0,2,vehicle,0,0,117.953413,1.700369,117.901474,3.499993,-0.500000,19.444444,-179.999980,1,1.0,50.0,50.0,MONITORING,,,19.444444,19.444444,117.953413,117.953413,0.000000
8.800000,scenario-defined,0,1,vehicle,0,0,139.551813,1.156802,139.523371,2.817361,-0.500000,19.444444,-175.766459,1,1.0,50.0,50.0,MONITORING,,,19.444444,19.444444,139.551813,139.551813,0.000000
8.800000,scenario-defined,0,2,vehicle,0,0,116.009839,1.728864,115.957030,3.499993,-0.500000,19.444444,-179.999980,1,1.0,50.0,50.0,MONITORING,,,19.444444,19.444444,116.009839,116.009839,0.000000
8.850000,scenario-defined,0,1,vehicle,0,0,137.609078,1.142464,137.581723,2.743709,-0.500000,19.444444,-175.543642,1,1.0,50.0,50.0,MONITORING,,,19.444444,19.444444,137.609078,137.609078,0.000000
8.850000,scenario-defined,0,2,vehicle,0,0,114.066295,1.758331,114.012586,3.499993,-0.500000,19.444444,-179.999980,1,1.0,50.0,50.0,MONITORING,,,19.444444,19.444444,114.066295,114.066295,0.000000
8.900000,scenario-defined,0,1,vehicle,0,0,135.666571,1.126122,135.640368,2.666291,-0.500000,19.444444,-175.320825,1,1.0,50.0,50.0,MONITORING,,,19.444444,19.444444,135.666571,135.666571,0.000000
8.900000,scenario-defined,0,2,vehicle,0,0,112.122782,1.788820,112.068141,3.499993,-0.500000,19.444444,-179.999980,1,1.0,50.0,50.0,MONITORING,,,19.444444,19.444444,112.122782,112.122782,0.000000
8.950000,scenario-defined,0,1,vehicle,0,0,133.724311,1.107689,133.699322,2.585108,-0.500000,19.444444,-175.098008,1,1.0,50.0,50.0,MONITORING,,,19.444444,19.444444,133.724311,133.724311,0.000000
8.950000,scenario-defined,0,2,vehicle,0,0,110.179302,1.820384,110.123697,3.499993,-0.500000,19.444444,-179.999980,1,1.0,50.0,50.0,MONITORING,,,19.444444,19.444444,110.179302,110.179302,0.000000
9.000000,scenario-defined,0,1,vehicle,0,0,131.782317,1.087075,131.758598,2.500161,-0.500000,19.444444,-174.875191,1,1.0,50.0,50.0,MONITORING,,,19.444444,19.444444,131.782317,131.782317,0.000000
9.000000,scenario-defined,0,2,vehicle,0,0,108.235856,1.853081,108.179252,3.499993,-0.500000,19.444444,-179.999980,1,1.0,50.0,50.0,MONITORING,,,19.444444,19.444444,108.235856,108.235856,0.000000
9.050000,scenario-defined,0,1,vehicle,0,0,129.840607,1.064181,129.818212,2.411451,-0.500000,19.444444,-174.652374,1,1.0,50.0,50.0,MONITORING,,,19.444444,19.444444,129.840607,129.840607,0.000000
9.050000,scenario-defined,0,2,vehicle,0,0,106.292447,1.886974,106.234808,3.499993,-0.500000,19.444444,-179.999980,1,1.0,50.0,50.0,MONITORING,,,19.444444,19.444444,106.292447,106.292447,0.000000
9.100000,scenario-defined,0,1,vehicle,0,0,127.899166,1.039109,127.878132,2.319436,-0.500000,19.444444,-174.482078,1,1.0,50.0,50.0,MONITORING,,,19.444444,19.444444,127.899166,127.899166,0.000000
9.100000,scenario-defined,0,2,vehicle,0,0,104.349077,1.922130,104.290364,3.499993,-0.500000,19.444444,-179.999980,1,1.0,50.0,50.0,MONITORING,,,19.444444,19.444444,104.349077,104.349077,0.000000
9.150000,scenario-defined,0,1,vehicle,0,0,125.957889,1.012445,125.938225,2.225623,-0.500000,19.444444,-174.442290,1,1.0,50.0,50.0,MONITORING,,,19.444444,19.444444,125.957889,125.957889,0.000000
9.150000,scenario-defined,0,2,vehicle,0,0,102.405748,1.958620,102.345919,3.499993,-0.500000,19.444444,-179.999980,1,1.0,50.0,50.0,MONITORING,,,19.444444,19.444444,102.405748,102.405748,0.000000
9.200000,scenario-defined,0,1,vehicle,0,0,124.016669,0.984787,123.998351,2.131465,-0.500000,19.444444,-174.442290,1,1.0,50.0,50.0,MONITORING,,,19.444444,19.444444,124.016669,124.016669,0.000000
9.200000,scenario-defined,0,2,vehicle,0,0,100.462461,1.996521,100.401475,3.499993,-0.500000,19.444444,-179.999980,1,1.0,50.0,50.0,MONITORING,,,19.444444,19.444444,100.462461,100.462461,0.000000
9.250000,scenario-defined,0,1,vehicle,0,0,122.075478,0.956249,122.058477,2.037307,-0.500000,19.444444,-174.442290,1,1.0,50.0,50.0,MONITORING,,,19.444444,19.444444,122.075478,122.075478,0.000000
9.250000,scenario-defined,0,2,vehicle,0,0,98.519220,2.035918,98.457030,3.499993,-0.500000,19.444444,-179.999980,1,1.0,50.0,50.0,MONITORING,,,19.444444,19.444444,98.519220,98.519220,0.000000
9.300000,scenario-defined,0,1,vehicle,0,0,120.134318,0.926788,120.118602,1.943149,-0.500000,19.444444,-174.442290,1,1.0,50.0,50.0,MONITORING,,,19.444444,19.444444,120.134318,120.134318,0.000000
9.300000,scenario-defined,0,2,vehicle,0,0,96.576028,2.076900,96.512586,3.499993,-0.500000,19.444444,-179.999980,1,1.0,50.0,50.0,MONITORING,,,19.444444,19.444444,96.576028,96.576028,0.000000
9.350000,scenario-defined,0,1,vehicle,0,0,118.193192,0.896360,118.178728,1.848991,-0.500000,19.444444,-174.442290,1,1.0,50.0,50.0,MONITORING,,,19.444444,19.444444,118.193192,118.193192,0.000000
9.350000,scenario-defined,0,2,vehicle,0,0,94.632887,2.119565,94.568142,3.499993,-0.500000,19.444444,-179.999980,1,1.0,50.0,50.0,MONITORING,,,19.444444,19.444444,94.632887,94.632887,0.000000
9.400000,scenario-defined,0,1,vehicle,0,0,116.252100,0.864916,116.238854,1.754833,-0.500000,19.444444,-174.442290,1,1.0,50.0,50.0,MONITORING,,,19.444444,19.444444,116.252100,116.252100,0.000000
9.400000,scenario-defined,0,2,vehicle,0,0,92.689801,2.164019,92.623697,3.499993,-0.500000,19.444444,-179.999980,1,1.0,50.0,50.0,MONITORING,,,19.444444,19.444444,92.689801,92.689801,0.000000
9.450000,scenario-defined,0,1,vehicle,0,0,114.311044,0.832404,114.298980,1.660675,-0.500000,19.444444,-174.442290,-1,1.0,50.0,50.0,MONITORING,,,19.444444,19.444444,114.311044,114.311044,0.000000
9.450000,scenario-defined,0,2,vehicle,0,0,90.746773,2.210377,90.679253,3.499993,-0.500000,19.444444,-179.999980,1,1.0,50.0,50.0,MONITORING,,,19.444444,19.444444,90.746773,90.746773,0.000000
9.500000,scenario-defined,0,1,vehicle,0,0,112.370026,0.798769,112.359106,1.566517,-0.500000,19.444444,-174.442290,-1,1.0,50.0,50.0,MONITORING,,,19.444444,19.444444,112.370026,112.370026,0.000000
9.500000,scenario-defined,0,2,vehicle,0,0,88.803807,2.258763,88.734808,3.499993,-0.500000,19.444444,-179.999980,1,1.0,50.0,50.0,MONITORING,,,19.444444,19.444444,88.803807,88.803807,0.000000
9.550000,scenario-defined,0,1,vehicle,0,0,110.429048,0.763952,110.419232,1.472359,-0.500000,19.444444,-174.442290,-1,1.0,50.0,50.0,MONITORING,,,19.444444,19.444444,110.429048,110.429048,0.000000
9.550000,scenario-defined,0,2,vehicle,0,0,86.860907,2.309314,86.790364,3.499993,-0.500000,19.444444,-179.999980,1,1.0,50.0,50.0,MONITORING,,,19.444444,19.444444,86.860907,86.860907,0.000000
9.600000,scenario-defined,0,1,vehicle,0,0,108.488112,0.727888,108.479358,1.378201,-0.500000,19.444444,-174.442290,-1,1.0,50.0,50.0,MONITORING,,,19.444444,19.444444,108.488112,108.488112,0.000000
9.600000,scenario-defined,0,2,vehicle,0,0,84.918078,2.362179,84.845920,3.499993,-0.500000,19.444444,-179.999980,1,1.0,50.0,50.0,MONITORING,,,19.444444,19.444444,84.918078,84.918078,0.000000
9.650000,scenario-defined,0,1,vehicle,0,0,106.547221,0.690511,106.539484,1.284043,-0.500000,19.444444,-174.442290,-1,1.0,50.0,50.0,MONITORING,,,19.444444,19.444444,106.547221,106.547221,0.000000
9.650000,scenario-defined,0,2,vehicle,0,0,82.975325,2.417518,82.901475,3.499993,-0.500000,19.444444,-179.999980,1,1.0,50.0,50.0,MONITORING,,,19.444444,19.444444,82.975325,82.975325,0.000000
9.700000,scenario-defined,0,1,vehicle,0,0,104.606336,0.652012,104.599562,1.190368,-0.500000,19.444444,-174.497994,-1,1.0,50.0,50.0,MONITORING,,,19.444444,19.444444,104.606336,104.606336,0.000000
9.700000,scenario-defined,0,2,vehicle,0,0,81.032653,2.475511,80.957031,3.499993,-0.500000,19.444444,-179.999980,1,1.0,50.0,50.0,MONITORING,,,19.444444,19.444444,81.032653,81.032653,0.000000
9.750000,scenario-defined,0,1,vehicle,0,0,102.665300,0.613370,102.659417,1.099045,-0.500000,19.444444,-174.716036,-1,1.0,50.0,50.0,MONITORING,,,19.444444,19.444444,102.665300,102.665300,0.000000
9.750000,scenario-defined,0,2,vehicle,0,0,79.090067,2.536353,79.012586,3.499993,-0.500000,19.444444,-179.999980,1,1.0,50.0,50.0,MONITORING,,,19.444444,19.444444,79.090067,79.090067,0.000000
9.800000,scenario-defined,0,1,vehicle,0,0,100.724007,0.575357,100.718929,1.011441,-0.500000,19.444444,-174.938853,-1,1.0,50.0,50.0,MONITORING,,,19.444444,19.444444,100.724007,100.724007,0.000000
9.800000,scenario-defined,0,2,vehicle,0,0,77.147576,2.600259,77.068142,3.499993,-0.500000,19.444444,-179.999980,1,1.0,50.0,50.0,MONITORING,,,19.444444,19.444444,77.147576,77.147576,0.000000
9.850000,scenario-defined,0,1,vehicle,0,0,98.782463,0.538035,98.778108,0.927601,-0.500000,19.444444,-175.161670,-1,1.0,50.0,50.0,MONITORING,,,19.444444,19.444444,98.782463,98.782463,0.000000
9.850000,scenario-defined,0,2,vehicle,0,0,75.205185,2.667466,75.123698,3.499993,-0.500000,19.444444,-179.999980,1,1.0,50.0,50.0,MONITORING,,,19.444444,19.444444,75.205185,75.205185,0.000000
9.900000,scenario-defined,0,1,vehicle,0,0,96.840677,0.501444,96.836968,0.847525,-0.500000,19.444444,-175.384487,-1,1.0,50.0,50.0,MONITORING,,,19.444444,19.444444,96.840677,96.840677,0.000000
9.900000,scenario-defined,0,2,vehicle,0,0,73.262904,2.738237,73.179253,3.499993,-0.500000,19.444444,-179.999980,1,1.0,50.0,50.0,MONITORING,,,19.444444,19.444444,73.262904,73.262904,0.000000
9.950000,scenario-defined,0,1,vehicle,0,0,94.898658,0.465631,94.895525,0.771214,-0.500000,19.444444,-175.607304,-1,1.0,50.0,50.0,MONITORING,,,19.444444,19.444444,94.898658,94.898658,0.000000
9.950000,scenario-defined,0,2,vehicle,0,0,71.320740,2.812862,71.234809,3.499993,-0.500000,19.444444,-179.999980,1,1.0,50.0,50.0,MONITORING,,,19.444444,19.444444,71.320740,71.320740,0.000000
10.000000,scenario-defined,0,1,vehicle,0,0,92.956418,0.430645,92.953792,0.698670,-0.500000,19.444444,-175.830120,-1,1.0,50.0,50.0,MONITORING,,,19.444444,19.444444,92.956418,92.956418,0.000000
10.000000,scenario-defined,0,2,vehicle,0,0,69.378704,2.891665,69.290364,3.499993,-0.500000,19.444444,-179.999980,1,1.0,50.0,50.0,MONITORING,,,19.444444,19.444444,69.378704,69.378704,0.000000
10.050000,scenario-defined,0,1,vehicle,0,0,91.013965,0.396539,91.011785,0.629894,-0.500000,19.444444,-176.052937,-1,1.0,50.0,50.0,MONITORING,,,19.444444,19.444444,91.013965,91.013965,0.000000
10.050000,scenario-defined,0,2,vehicle,0,0,67.436807,2.975007,67.345920,3.499993,-0.500000,19.444444,-179.999980,1,1.0,50.0,50.0,MONITORING,,,19.444444,19.444444,67.436807,67.436807,0.000000
10.100000,scenario-defined,0,1,vehicle,0,0,89.071310,0.363370,89.069519,0.564887,-0.500000,19.444444,-176.275754,-1,1.0,50.0,50.0,MONITORING,,,19.444444,19.444444,89.071310,89.071310,0.000000
10.100000,scenario-defined,0,2,vehicle,0,0,65.495061,3.063291,65.401476,3.499993,-0.500000,19.444444,-179.999980,1,1.0,50.0,50.0,MONITORING,,,19.444444,19.444444,65.495061,65.495061,0.000000
10.150000,scenario-defined,0,1,vehicle,0,0,87.128463,0.331202,87.127007,0.503650,-0.500000,19.444444,-176.498571,-1,1.0,50.0,50.0,MONITORING,,,19.444444,19.444444,87.128463,87.128463,0.000000
10.150000,scenario-defined,0,2,vehicle,0,0,63.553479,3.156969,63.457031,3.499993,-0.500000,19.444444,-179.999980,1,1.0,50.0,50.0,MONITORING,,,19.444444,19.444444,63.553479,63.553479,0.000000
10.200000,scenario-defined,0,1,vehicle,0,0,85.185433,0.300104,85.184265,0.446183,-0.500000,19.444444,-176.721388,-1,1.0,50.0,50.0,MONITORING,,,19.444444,19.444444,85.185433,85.185433,0.000000
10.200000,scenario-defined,0,2,vehicle,0,0,61.612079,3.256551,61.512587,3.499993,-0.500000,19.444444,-179.999980,1,1.0,50.0,50.0,MONITORING,,,19.444444,19.444444,61.612079,61.612079,0.000000
10.250000,scenario-defined,0,1,vehicle,0,0,83.242232,0.270151,83.241307,0.392488,-0.500000,19.444444,-176.944205,-1,1.0,50.0,50.0,MONITORING,,,19.444444,19.444444,83.242232,83.242232,0.000000
10.250000,scenario-defined,0,2,vehicle,0,0,59.670877,3.362612,59.568142,3.499993,-0.500000,19.444444,-179.999980,1,1.0,50.0,50.0,MONITORING,,,19.444444,19.444444,59.670877,59.670877,0.000000
10.300000,scenario-defined,0,1,vehicle,0,0,81.298869,0.241425,81.298147,0.342565,-0.500000,19.444444,-177.167022,-1,1.0,50.0,50.0,MONITORING,,,19.444444,19.444444,81.298869,81.298869,0.000000
10.300000,scenario-defined,0,2,vehicle,0,0,57.729893,3.475806,57.623698,3.499993,-0.500000,19.444444,-179.999980,1,1.0,50.0,50.0,MONITORING,,,19.444444,19.444444,57.729893,57.729893,0.000000
10.350000,scenario-defined,0,1,vehicle,0,0,79.355355,0.214017,79.354801,0.296416,-0.500000,19.444444,-177.389839,-1,1.0,50.0,50.0,MONITORING,,,19.444444,19.444444,79.355355,79.355355,0.000000
10.350000,scenario-defined,0,2,vehicle,0,0,55.789150,3.596875,55.679254,3.499993,-0.500000,19.444444,-179.999980,1,1.0,50.0,50.0,MONITORING,,,19.444444,19.444444,55.789150,55.789150,0.000000
10.400000,scenario-defined,0,1,vehicle,0,0,77.411700,0.188026,77.411283,0.254040,-0.500000,19.444444,-177.612656,-1,1.0,50.0,50.0,MONITORING,,,19.444444,19.444444,77.411700,77.411700,0.000000
10.400000,scenario-defined,0,2,vehicle,0,0,53.848674,3.726671,53.734809,3.499993,-0.500000,19.444444,-179.999980,1,1.0,50.0,50.0,MONITORING,,,19.444444,19.444444,53.848674,53.848674,0.000000
10.450000,scenario-defined,0,1,vehicle,0,0,75.467916,0.163563,75.467608,0.215439,-0.500000,19.444444,-177.835473,-1,1.0,50.0,50.0,MONITORING,,,19.444444,19.444444,75.467916,75.467916,0.000000
10.450000,scenario-defined,0,2,vehicle,0,0,51.908495,3.866171,51.790365,3.499993,-0.500000,19.444444,-179.999980,1,1.0,50.0,50.0,MONITORING,,,19.444444,19.444444,51.908495,51.908495,0.000000
10.500000,scenario-defined,0,1,vehicle,0,0,73.524012,0.140748,73.523790,0.180613,-0.500000,19.444444,-178.058290,-1,1.0,50.0,50.0,BRAKING,2,1.284908,19.444444,19.044444,73.524012,73.524012,0.000000
10.500000,scenario-defined,0,2,vehicle,0,1,49.968647,4.016502,49.845920,3.499993,-0.500000,19.444444,-179.999980,1,1.0,50.0,50.0,BRAKING,2,1.284908,19.444444,19.044444,49.968647,49.968647,0.000000
10.550000,scenario-defined,0,1,vehicle,0,0,71.600001,0.119683,71.599844,0.149562,-0.500000,19.444444,-178.281106,-1,1.0,50.0,50.0,BRAKING,2,1.248389,19.044444,18.644444,71.600001,71.600001,0.000000
10.550000,scenario-defined,0,2,vehicle,0,1,48.049119,4.177238,47.921476,3.499993,-0.500000,19.444444,-179.999980,1,1.0,50.0,50.0,BRAKING,2,1.248389,19.044444,18.644444,48.049119,48.049119,0.000000
10.600000,scenario-defined,0,1,vehicle,0,0,69.695892,0.100530,69.695785,0.122288,-0.500000,19.444444,-178.503923,-1,1.0,50.0,50.0,BRAKING,2,1.211638,18.644444,18.244444,69.695892,69.695892,0.000000
10.600000,scenario-defined,0,2,vehicle,0,1,46.149942,4.349465,46.017032,3.499993,-0.500000,19.444444,-179.999980,1,1.0,50.0,50.0,BRAKING,2,1.211638,18.644444,18.244444,46.149942,46.149942,0.000000
10.650000,scenario-defined,0,1,vehicle,0,0,67.811699,0.083470,67.811627,0.098790,-0.500000,19.444444,-178.726740,-1,1.0,50.0,50.0,BRAKING,2,1.174647,18.244444,17.844444,67.811699,67.811699,0.000000
10.650000,scenario-defined,0,2,vehicle,0,1,44.271155,4.534427,44.132587,3.499993,-0.500000,19.444444,-179.999980,1,1.0,50.0,50.0,BRAKING,2,1.174647,18.244444,17.844444,44.271155,44.271155,0.000000
10.700000,scenario-defined,0,1,vehicle,0,0,65.947433,0.068695,65.947386,0.079068,-0.500000,19.444444,-178.949557,-1,1.0,50.0,50.0,BRAKING,2,1.137411,17.844444,17.444444,65.947433,65.947433,0.000000
10.700000,scenario-defined,0,2,vehicle,0,1,42.412803,4.733551,42.268143,3.499993,-0.500000,19.444444,-179.999980,1,1.0,50.0,50.0,BRAKING,2,1.137411,17.844444,17.444444,42.412803,42.412803,0.000000
10.750000,scenario-defined,0,1,vehicle,0,0,64.103105,0.056421,64.103074,0.063124,-0.500000,19.444444,-179.172374,-1,1.0,50.0,50.0,BRAKING,2,1.099923,17.444444,17.044444,64.103105,64.103105,0.000000
10.750000,scenario-defined,0,2,vehicle,0,1,40.574935,4.948483,40.423698,3.499993,-0.500000,19.444444,-179.999980,1,1.0,50.0,50.0,BRAKING,2,1.099923,17.444444,17.044444,40.574935,40.574935,0.000000
10.800000,scenario-defined,0,1,vehicle,0,0,62.278729,0.046881,62.278709,0.050958,-0.500000,19.444444,-179.395191,-1,1.0,50.0,50.0,BRAKING,2,1.062176,17.044444,16.644444,62.278729,62.278729,0.000000
10.800000,scenario-defined,0,2,vehicle,0,1,38.757610,5.181135,38.599254,3.499993,-0.500000,19.444444,-179.999980,1,1.0,50.0,50.0,BRAKING,2,1.062176,17.044444,16.644444,38.757610,38.757610,0.000000
10.850000,scenario-defined,0,1,vehicle,0,0,60.474318,0.040331,60.474303,0.042569,-0.500000,19.444444,-179.618008,-1,1.0,50.0,50.0,BRAKING,2,1.024163,16.644444,16.244444,60.474318,60.474318,0.000000
10.850000,scenario-defined,0,2,vehicle,0,1,36.960898,5.433736,36.794810,3.499993,-0.500000,19.444444,-179.999980,1,1.0,50.0,50.0,BRAKING,2,1.024163,16.644444,16.244444,36.960898,36.960898,0.000000
10.900000,scenario-defined,0,1,vehicle,0,0,58.689884,0.037056,58.689872,0.037957,-0.500000,19.444444,-179.840825,-1,1.0,50.0,50.0,BRAKING,2,0.985878,16.244444,15.844444,58.689884,58.689884,0.000000
10.900000,scenario-defined,0,2,vehicle,0,1,35.184878,5.708903,35.010365,3.499993,-0.500000,19.444444,-179.999980,1,1.0,50.0,50.0,BRAKING,2,0.985878,16.244444,15.844444,35.184878,35.184878,0.000000
10.950000,scenario-defined,0,1,vehicle,0,0,56.925441,0.036806,56.925429,0.036568,-0.500000,19.444444,-179.999980,-1,1.0,50.0,50.0,BRAKING,2,0.947314,15.844444,15.444444,56.925441,56.925441,0.000000
10.950000,scenario-defined,0,2,vehicle,0,1,33.429646,6.009726,33.245921,3.499993,-0.500000,19.444444,-179.999980,1,1.0,50.0,50.0,BRAKING,2,0.947314,15.844444,15.444444,33.429646,33.429646,0.000000
11.000000,scenario-defined,0,1,vehicle,0,0,55.180997,0.037969,55.180985,0.036568,-0.500000,19.444444,-179.999980,-1,1.0,50.0,50.0,BRAKING,2,0.908464,15.444444,15.044444,55.180997,55.180997,0.000000
11.000000,scenario-defined,0,2,vehicle,0,1,31.695315,6.339885,31.501476,3.499993,-0.500000,19.444444,-179.999980,1,1.0,50.0,50.0,BRAKING,2,0.908464,15.444444,15.044444,31.695315,31.695315,0.000000
11.050000,scenario-defined,0,1,vehicle,0,0,53.456553,0.039193,53.456540,0.036567,-0.500000,19.444444,-179.999980,-1,1.0,50.0,50.0,BRAKING,2,0.869324,15.044444,14.644444,53.456553,53.456553,0.000000
11.050000,scenario-defined,0,2,vehicle,0,1,29.982021,6.703788,29.777032,3.499993,-0.500000,19.444444,-179.999980,1,1.0,50.0,50.0,BRAKING,2,0.869324,15.044444,14.644444,29.982021,29.982021,0.000000
11.100000,scenario-defined,0,1,vehicle,0,0,51.752109,0.040484,51.752096,0.036567,-0.500000,19.444444,-179.999980,-1,1.0,50.0,50.0,BRAKING,2,0.829887,14.644444,14.244444,51.752109,51.752109,0.000000
11.100000,scenario-defined,0,2,vehicle,0,1,28.289930,7.106768,28.072588,3.499993,-0.500000,19.444444,-179.999980,1,1.0,50.0,50.0,BRAKING,2,0.829887,14.644444,14.244444,28.289930,28.289930,0.000000
11.150000,scenario-defined,0,1,vehicle,0,0,50.067665,0.041846,50.067652,0.036567,-0.500000,19.444444,-179.999980,-1,1.0,50.0,50.0,BRAKING,2,0.790149,14.244444,13.844444,50.067665,50.067665,0.000000
11.150000,scenario-defined,0,2,vehicle,0,1,26.619242,7.555331,26.388143,3.499993,-0.500000,19.444444,-179.999980,1,1.0,50.0,50.0,BRAKING,2,0.790149,14.244444,13.844444,26.619242,26.619242,0.000000
11.200000,scenario-defined,0,1,vehicle,0,1,48.403221,0.043284,48.403207,0.036566,-0.500000,19.444444,-179.999980,-1,1.0,50.0,50.0,BRAKING,2,0.750106,13.844444,13.444444,48.403221,48.403221,0.000000
11.200000,scenario-defined,0,2,vehicle,0,1,24.970207,8.057497,24.723699,3.499993,-0.500000,19.444444,-179.999980,1,1.0,50.0,50.0,BRAKING,2,0.750106,13.844444,13.444444,24.970207,24.970207,0.000000
11.250000,scenario-defined,0,1,vehicle,0,1,46.758777,0.044806,46.758763,0.036566,-0.500000,19.444444,-179.999980,-1,1.0,50.0,50.0,BRAKING,2,0.709757,13.444444,13.044444,46.758777,46.758777,0.000000
11.250000,scenario-defined,0,2,vehicle,0,1,23.343135,8.623260,23.079254,3.499993,-0.500000,19.444444,-179.999980,1,1.0,50.0,50.0,BRAKING,2,0.709757,13.444444,13.044444,23.343135,23.343135,0.000000
11.300000,scenario-defined,0,1,vehicle,0,1,45.134333,0.046418,45.134318,0.036566,-0.500000,19.444444,-179.999980,-1,1.0,50.0,50.0,BRAKING,2,0.669103,13.044444,12.644444,45.134333,45.134333,0.000000
11.300000,scenario-defined,0,2,vehicle,0,1,21.738418,9.265233,21.454810,3.499993,-0.500000,19.444444,-179.999980,1,1.0,50.0,50.0,BRAKING,2,0.669103,13.044444,12.644444,21.738418,21.738418,0.000000
11.350000,scenario-defined,0,1,vehicle,0,1,43.529889,0.048129,43.529874,0.036565,-0.500000,19.444444,-179.999980,-1,1.0,50.0,50.0,BRAKING,2,0.628148,12.644444,12.244444,43.529889,43.529889,0.000000
11.350000,scenario-defined,0,2,vehicle,0,1,20.156561,9.999547,19.850366,3.499993,-0.500000,19.444444,-179.999980,1,1.0,50.0,50.0,BRAKING,2,0.628148,12.644444,12.244444,20.156561,20.156561,0.000000
11.400000,scenario-defined,0,1,vehicle,0,1,41.945445,0.049946,41.945430,0.036565,-0.500000,19.444444,-179.999980,-1,1.0,50.0,50.0,BRAKING,2,0.586900,12.244444,11.844444,41.945445,41.945445,0.000000
11.400000,scenario-defined,0,2,vehicle,0,1,18.598221,10.847155,18.265921,3.499993,-0.500000,19.444444,-179.999980,1,1.0,50.0,50.0,BRAKING,2,0.586900,12.244444,11.844444,18.598221,18.598221,0.000000
11.450000,scenario-defined,0,1,vehicle,0,1,40.381002,0.051881,40.380985,0.036565,-0.500000,19.444444,-179.999980,-1,1.0,50.0,50.0,BRAKING,2,0.545378,11.844444,11.444444,40.381002,40.381002,0.000000
11.450000,scenario-defined,0,2,vehicle,0,1,17.064269,11.835736,16.701477,3.499993,-0.500000,19.444444,-179.999980,1,1.0,50.0,50.0,BRAKING,2,0.545378,11.844444,11.444444,17.064269,17.064269,0.000000
11.500000,scenario-defined,0,1,vehicle,0,1,38.836558,0.053943,38.836541,0.036564,-0.500000,19.444444,-179.999980,-1,1.0,50.0,50.0,BRAKING,2,0.503608,11.444444,11.044444,38.836558,38.836558,0.000000
11.500000,scenario-defined,0,2,vehicle,0,1,15.555886,13.002572,15.157032,3.499993,-0.500000,19.444444,-179.999980,1,1.0,50.0,50.0,BRAKING,2,0.503608,11.444444,11.044444,15.555886,15.555886,0.000000
11.550000,scenario-defined,0,1,vehicle,0,1,37.312114,0.056147,37.312096,0.036564,-0.500000,19.444444,-179.999980,-1,1.0,50.0,50.0,BRAKING,2,0.461634,11.044444,10.644444,37.312114,37.312114,0.000000
11.550000,scenario-defined,0,2,vehicle,0,1,14.074708,14.398973,13.632588,3.499993,-0.500000,19.444444,-179.999980,1,1.0,50.0,50.0,BRAKING,2,0.461634,11.044444,10.644444,14.074708,14.074708,0.000000
11.600000,scenario-defined,0,1,vehicle,0,1,35.807671,0.058505,35.807652,0.036564,-0.500000,19.444444,-179.999980,-1,1.0,50.0,50.0,BRAKING,2,0.419526,10.644444,10.244444,35.807671,35.807671,0.000000
11.600000,scenario-defined,0,2,vehicle,0,1,12.623067,16.097316,12.128144,3.499993,-0.500000,19.444444,-179.999980,1,1.0,50.0,50.0,BRAKING,2,0.419526,10.644444,10.244444,12.623067,12.623067,0.000000
11.650000,scenario-defined,0,1,vehicle,0,1,34.323227,0.061035,34.323208,0.036563,-0.500000,19.444444,-179.999980,-1,1.0,50.0,50.0,BRAKING,2,0.377393,10.244444,9.844444,34.323227,34.323227,0.000000
11.650000,scenario-defined,0,2,vehicle,0,1,11.204387,18.202541,10.643699,3.499993,-0.500000,19.444444,-179.999980,1,1.0,50.0,50.0,BRAKING,2,0.377393,10.244444,9.844444,11.204387,11.204387,0.000000
11.700000,scenario-defined,0,1,vehicle,0,1,32.858783,0.063755,32.858763,0.036563,-0.500000,19.444444,-179.999980,-1,1.0,50.0,50.0,BRAKING,2,0.335413,9.844444,9.444444,32.858783,32.858783,0.000000
11.700000,scenario-defined,0,2,vehicle,0,1,9.823883,20.871541,9.179255,3.499993,-0.500000,19.444444,-179.999980,1,1.0,50.0,50.0,BRAKING,2,0.335413,9.844444,9.444444,9.823883,9.823883,0.000000
11.750000,scenario-defined,0,1,vehicle,0,1,31.414340,0.066685,31.414319,0.036563,-0.500000,19.444444,-179.999980,-1,1.0,50.0,50.0,BRAKING,2,0.293879,9.444444,9.044444,31.414340,31.414340,0.000000
11.750000,scenario-defined,0,2,vehicle,0,1,8.489832,24.346700,7.734810,3.499993,-0.500000,19.444444,-179.999980,1,1.0,50.0,50.0,BRAKING,2,0.293879,9.444444,9.044444,8.489832,8.489832,0.000000
11.800000,scenario-defined,0,1,vehicle,0,1,29.989897,0.069852,29.989874,0.036562,-0.500000,19.444444,-179.999980,-1,1.0,50.0,50.0,BRAKING,1,1.052688,9.044444,8.644444,29.989897,29.989897,0.000000
11.800000,scenario-defined,0,2,vehicle,0,0,7.216001,29.014586,6.310366,3.499993,-0.500000,19.444444,-179.999980,1,1.0,50.0,50.0,BRAKING,1,1.052688,9.044444,8.644444,7.216001,7.216001,0.000000
11.850000,scenario-defined,0,1,vehicle,0,1,28.585453,0.073283,28.585430,0.036562,-0.500000,19.444444,-179.999980,-1,1.0,50.0,50.0,BRAKING,1,1.017678,8.644444,8.244444,28.585453,28.585453,0.000000
11.850000,scenario-defined,0,2,vehicle,0,0,6.026443,35.504903,4.905922,3.499993,-0.500000,19.444444,-179.999980,1,1.0,50.0,50.0,BRAKING,1,1.017678,8.644444,8.244444,6.026443,6.026443,0.000000
11.900000,scenario-defined,0,1,vehicle,0,1,27.201010,0.077013,27.200986,0.036562,-0.500000,19.444444,-179.999980,-1,1.0,50.0,50.0,BRAKING,1,0.982380,8.244444,7.844444,27.201010,27.201010,0.000000
11.900000,scenario-defined,0,2,vehicle,0,0,4.964953,44.824690,3.521477,3.499993,-0.500000,19.444444,-179.999980,1,1.0,50.0,50.0,BRAKING,1,0.982380,8.244444,7.844444,4.964953,4.964953,0.000000
11.950000,scenario-defined,0,1,vehicle,0,1,25.836567,0.081079,25.836541,0.036561,-0.500000,19.444444,-179.999980,-1,1.0,50.0,50.0,BRAKING,1,0.946780,7.844444,7.444444,25.836567,25.836567,0.000000
11.950000,scenario-defined,0,2,vehicle,0,0,4.111295,58.354627,2.157033,3.499993,-0.500000,19.444444,-179.999980,1,1.0,50.0,50.0,BRAKING,1,0.946780,7.844444,7.444444,4.111295,4.111295,0.000000
12.000000,scenario-defined,0,1,vehicle,0,1,24.492124,0.085529,24.492097,0.036561,-0.500000,19.444444,-179.999980,-1,1.0,50.0,50.0,BRAKING,1,0.910864,7.444444,7.044444,24.492124,24.492124,0.000000
12.000000,scenario-defined,0,2,vehicle,0,0,3.593084,76.929285,0.812588,3.499993,-0.500000,19.444444,-179.999980,1,1.0,50.0,50.0,BRAKING,1,0.910864,7.444444,7.044444,3.593084,3.593084,0.000000
12.050000,scenario-defined,0,1,vehicle,0,1,23.167681,0.090417,23.167652,0.036561,-0.500000,19.444444,-179.999980,-1,1.0,50.0,50.0,BRAKING,1,0.874619,7.044444,6.644444,23.167681,23.167681,0.000000
12.050000,scenario-defined,0,2,vehicle,0,0,3.537223,98.320232,-0.511856,3.499993,-0.500000,19.444444,-179.999980,1,1.0,50.0,50.0,BRAKING,1,0.874619,7.044444,6.644444,3.537223,3.537223,0.000000
12.100000,scenario-defined,0,1,vehicle,0,1,21.863238,0.095811,21.863208,0.036560,-0.500000,19.444444,-179.999980,-1,1.0,50.0,50.0,BRAKING,1,0.838029,6.644444,6.244444,21.863238,21.863238,0.000000
12.100000,scenario-defined,0,2,vehicle,0,0,3.943209,117.426784,-1.816300,3.499993,-0.500000,19.444444,-179.999980,1,1.0,50.0,50.0,BRAKING,1,0.838029,6.644444,6.244444,3.943209,3.943209,0.000000
12.150000,scenario-defined,0,1,vehicle,0,1,20.578796,0.101790,20.578764,0.036560,-0.500000,19.444444,-179.999980,-1,1.0,50.0,50.0,BRAKING,1,0.801078,6.244444,5.844444,20.578796,20.578796,0.000000
12.150000,scenario-defined,0,2,vehicle,0,0,4.675957,131.538658,-3.100745,3.499993,-0.500000,19.444444,-179.999980,1,1.0,50.0,50.0,BRAKING,1,0.801078,6.244444,5.844444,4.675957,4.675957,0.000000
12.200000,scenario-defined,0,1,vehicle,0,1,19.314354,0.108453,19.314319,0.036559,-0.500000,19.444444,-179.999980,-1,1.0,50.0,50.0,BRAKING,1,0.763749,5.844444,5.444444,19.314354,19.314354,0.000000
12.200000,scenario-defined,0,2,vehicle,0,0,5.595072,141.277485,-4.365189,3.499993,-0.500000,19.444444,-179.999980,1,1.0,50.0,50.0,BRAKING,1,0.763749,5.844444,5.444444,5.595072,5.595072,0.000000
12.250000,scenario-defined,0,1,vehicle,0,1,18.069912,0.115921,18.069875,0.036559,-0.500000,19.444444,-179.999980,-1,1.0,50.0,50.0,BRAKING,1,0.726023,5.444444,5.044444,18.069912,18.069912,0.000000
12.250000,scenario-defined,0,2,vehicle,0,0,6.611955,148.038911,-5.609634,3.499993,-0.500000,19.444444,-179.999980,1,1.0,50.0,50.0,BRAKING,1,0.726023,5.444444,5.044444,6.611955,6.611955,0.000000
12.300000,scenario-defined,0,1,vehicle,0,1,16.845470,0.124346,16.845430,0.036559,-0.500000,19.444444,-179.999980,-1,1.0,50.0,50.0,BRAKING,1,0.687882,5.044444,4.644444,16.845470,16.845470,0.000000
12.300000,scenario-defined,0,2,vehicle,0,0,7.678188,152.881275,-6.834078,3.499993,-0.500000,19.444444,-179.999980,1,1.0,50.0,50.0,BRAKING,1,0.687882,5.044444,4.644444,7.678188,7.678188,0.000000
12.350000,scenario-defined,0,1,vehicle,0,1,15.641029,0.133920,15.640986,0.036558,-0.500000,19.444444,-179.999980,-1,1.0,50.0,50.0,BRAKING,1,0.649305,4.644444,4.244444,15.641029,15.641029,0.000000
12.350000,scenario-defined,0,2,vehicle,0,0,8.767428,156.471567,-8.038522,3.499993,-0.500000,19.444444,-179.999980,1,1.0,50.0,50.0,BRAKING,1,0.649305,4.644444,4.244444,8.767428,8.767428,0.000000
12.400000,scenario-defined,0,1,vehicle,0,1,14.456588,0.144891,14.456542,0.036558,-0.500000,19.444444,-179.999980,-1,1.0,50.0,50.0,BRAKING,1,0.610269,4.244444,3.844444,14.456588,14.456588,0.000000
12.400000,scenario-defined,0,2,vehicle,0,0,9.864739,159.218912,-9.222967,3.499993,-0.500000,19.444444,-179.999980,1,1.0,50.0,50.0,BRAKING,1,0.610269,4.244444,3.844444,9.864739,9.864739,0.000000
12.450000,scenario-defined,0,1,vehicle,0,1,13.292147,0.157583,13.292097,0.036558,-0.500000,19.444444,-179.999980,-1,1.0,50.0,50.0,BRAKING,1,0.570751,3.844444,3.444444,13.292147,13.292147,0.000000
12.450000,scenario-defined,0,2,vehicle,0,0,10.961216,161.378979,-10.387411,3.499993,-0.500000,19.444444,-179.999980,1,1.0,50.0,50.0,BRAKING,1,0.570751,3.844444,3.444444,10.961216,10.961216,0.000000
12.500000,scenario-defined,0,1,vehicle,0,1,12.147708,0.172427,12.147653,0.036557,-0.500000,19.444444,-179.999980,-1,1.0,50.0,50.0,BRAKING,1,0.530725,3.444444,3.044444,12.147708,12.147708,0.000000
12.500000,scenario-defined,0,2,vehicle,0,0,12.051292,163.116615,-11.531856,3.499993,-0.500000,19.444444,-179.999980,1,1.0,50.0,50.0,BRAKING,1,0.530725,3.444444,3.044444,12.051292,12.051292,0.000000
12.550000,scenario-defined,0,1,vehicle,0,1,11.023269,0.190014,11.023208,0.036557,-0.500000,19.444444,-179.999980,-1,1.0,50.0,50.0,BRAKING,1,0.490165,3.044444,2.644444,11.023269,11.023269,0.000000
12.550000,scenario-defined,0,2,vehicle,0,0,13.131332,164.541665,-12.656300,3.499993,-0.500000,19.444444,-179.999980,1,1.0,50.0,50.0,BRAKING,1,0.490165,3.044444,2.644444,13.131332,13.131332,0.000000
12.600000,scenario-defined,0,1,vehicle,0,1,9.918831,0.211170,9.918764,0.036557,-0.500000,19.444444,-179.999980,-1,1.0,50.0,50.0,BRAKING,1,0.449042,2.644444,2.244444,9.918831,9.918831,0.000000
12.600000,scenario-defined,0,2,vehicle,0,0,14.198875,165.729626,-13.760744,3.499993,-0.500000,19.444444,-179.999980,1,1.0,50.0,50.0,BRAKING,1,0.449042,2.644444,2.244444,14.198875,14.198875,0.000000
12.650000,scenario-defined,0,1,vehicle,0,1,8.834395,0.237089,8.834320,0.036556,-0.500000,19.444444,-179.999980,-1,1.0,50.0,50.0,BRAKING,1,0.407324,2.244444,1.844444,8.834395,8.834395,0.000000
12.650000,scenario-defined,0,2,vehicle,0,0,15.252199,166.733855,-14.845189,3.499993,-0.500000,19.444444,-179.999980,1,1.0,50.0,50.0,BRAKING,1,0.407324,2.244444,1.844444,15.252199,15.252199,0.000000
12.700000,scenario-defined,0,1,vehicle,0,1,7.769961,0.269566,7.769875,0.036556,-0.500000,19.444444,-179.999980,-1,1.0,50.0,50.0,BRAKING,1,0.364977,1.844444,1.444444,7.769961,7.769961,0.000000
12.700000,scenario-defined,0,2,vehicle,0,0,16.290070,167.593014,-15.909633,3.499993,-0.500000,19.444444,-179.999980,1,1.0,50.0,50.0,BRAKING,1,0.364977,1.844444,1.444444,16.290070,16.290070,0.000000
12.750000,scenario-defined,0,1,vehicle,0,1,6.725530,0.311426,6.725431,0.036556,-0.500000,19.444444,-179.999980,-1,1.0,50.0,50.0,BRAKING,1,0.321967,1.444444,1.044444,6.725530,6.725530,0.000000
12.750000,scenario-defined,0,2,vehicle,0,0,17.311577,168.335739,-16.954078,3.499993,-0.500000,19.444444,-179.999980,1,1.0,50.0,50.0,BRAKING,1,0.321967,1.444444,1.044444,17.311577,17.311577,0.000000
12.800000,scenario-defined,0,1,vehicle,0,1,5.701104,0.367383,5.700986,0.036555,-0.500000,19.444444,-179.999980,-1,1.0,50.0,50.0,BRAKING,1,0.278253,1.044444,0.644444,5.701104,5.701104,0.000000
12.800000,scenario-defined,0,2,vehicle,0,0,18.316037,168.983656,-17.978522,3.499993,-0.500000,19.444444,-179.999980,1,1.0,50.0,50.0,BRAKING,1,0.278253,1.044444,0.644444,18.316037,18.316037,0.000000
12.850000,scenario-defined,0,1,vehicle,0,1,4.696684,0.445948,4.696542,0.036555,-0.500000,19.444444,-179.999980,-1,1.0,50.0,50.0,BRAKING,1,0.233795,0.644444,0.244444,4.696684,4.696684,0.000000
12.850000,scenario-defined,0,2,vehicle,0,0,19.302926,169.553385,-18.982966,3.499993,-0.500000,19.444444,-179.999980,1,1.0,50.0,50.0,BRAKING,1,0.233795,0.644444,0.244444,19.302926,19.302926,0.000000
12.900000,scenario-defined,0,1,vehicle,0,1,3.712277,0.564200,3.712098,0.036555,-0.500000,19.444444,-179.999980,-1,1.0,50.0,50.0,BRAKING,1,0.188547,0.244444,0.000000,3.712277,3.712277,0.000000
12.900000,scenario-defined,0,2,vehicle,0,0,20.271839,170.057895,-19.967411,3.499993,-0.500000,19.444444,-179.999980,1,1.0,50.0,50.0,BRAKING,1,0.188547,0.244444,0.000000,20.271839,20.271839,0.000000
12.950000,scenario-defined,0,1,vehicle,0,1,2.740119,0.764375,2.739875,0.036554,-0.500000,19.444444,-179.999980,-1,1.0,50.0,50.0,BRAKING,1,0.140920,0.000000,0.000000,2.740119,2.740119,0.000000
12.950000,scenario-defined,0,2,vehicle,0,0,21.230124,170.510912,-20.939633,3.499993,-0.500000,19.444444,-179.999980,1,1.0,50.0,50.0,BRAKING,1,0.140920,0.000000,0.000000,21.230124,21.230124,0.000000
13.000000,scenario-defined,0,1,vehicle,0,1,1.768031,1.184677,1.767653,0.036554,-0.500000,19.444444,-179.999980,-1,1.0,50.0,50.0,BRAKING,1,0.090927,0.000000,0.000000,1.768031,1.768031,0.000000
13.000000,scenario-defined,0,2,vehicle,0,0,22.189623,170.924775,-21.911855,3.499993,-0.500000,19.444444,-179.999980,1,1.0,50.0,50.0,BRAKING,1,0.090927,0.000000,0.000000,22.189623,22.189623,0.000000
13.050000,scenario-defined,0,1,vehicle,0,0,0.796270,2.631158,0.795431,0.036554,-0.500000,19.444444,-179.999980,-1,1.0,50.0,50.0,MONITORING,,,0.000000,0.000000,0.796270,0.796270,0.000000
13.050000,scenario-defined,0,2,vehicle,0,0,23.150183,171.304312,-22.884077,3.499993,-0.500000,19.444444,-179.999980,1,1.0,50.0,50.0,MONITORING,,,0.000000,0.000000,23.150183,23.150183,0.000000
13.100000,scenario-defined,0,1,vehicle,0,0,0.180531,168.318114,-0.176791,0.036553,-0.500000,19.444444,-179.999980,-1,1.0,50.0,50.0,MONITORING,,,0.000000,0.000000,0.180531,0.180531,0.000000
13.100000,scenario-defined,0,2,vehicle,0,0,24.111677,171.653594,-23.856300,3.499993,-0.500000,19.444444,-179.999980,1,1.0,50.0,50.0,MONITORING,,,0.000000,0.000000,24.111677,24.111677,0.000000
13.150000,scenario-defined,0,1,vehicle,0,0,1.149595,178.177887,-1.149013,0.036553,-0.500000,19.444444,-179.999980,-1,1.0,50.0,50.0,MONITORING,,,0.000000,0.000000,1.149595,1.149595,0.000000
13.150000,scenario-defined,0,2,vehicle,0,0,25.073999,171.976077,-24.828522,3.499993,-0.500000,19.444444,-179.999980,1,1.0,50.0,50.0,MONITORING,,,0.000000,0.000000,25.073999,25.073999,0.000000
13.200000,scenario-defined,0,1,vehicle,0,0,2.121551,179.012787,-2.121236,0.036553,-0.500000,19.444444,-179.999980,-1,1.0,50.0,50.0,MONITORING,,,0.000000,0.000000,2.121551,2.121551,0.000000
13.200000,scenario-defined,0,2,vehicle,0,0,26.037057,172.274713,-25.800744,3.499993,-0.500000,19.444444,-179.999980,1,1.0,50.0,50.0,MONITORING,,,0.000000,0.000000,26.037057,26.037057,0.000000
13.250000,scenario-defined,0,1,vehicle,0,0,3.093674,179.323022,-3.093458,0.036552,-0.500000,19.444444,-179.999980,-1,1.0,50.0,50.0,MONITORING,,,0.000000,0.000000,3.093674,3.093674,0.000000
13.250000,scenario-defined,0,2,vehicle,0,0,27.000772,172.552038,-26.772966,3.499993,-0.500000,19.444444,-179.999980,1,1.0,50.0,50.0,MONITORING,,,0.000000,0.000000,27.000772,27.000772,0.000000
13.300000,scenario-defined,0,1,vehicle,0,0,4.065844,179.484902,-4.065680,0.036552,-0.500000,19.444444,-179.999980,-1,1.0,50.0,50.0,MONITORING,,,0.000000,0.000000,4.065844,4.065844,0.000000
13.300000,scenario-defined,0,2,vehicle,0,0,27.965075,172.810243,-27.745188,3.499993,-0.500000,19.444444,-179.999980,1,1.0,50.0,50.0,MONITORING,,,0.000000,0.000000,27.965075,27.965075,0.000000
13.350000,scenario-defined,0,1,vehicle,0,0,5.038035,179.584306,-5.037902,0.036552,-0.500000,19.444444,-179.999980,-1,1.0,50.0,50.0,MONITORING,,,0.000000,0.000000,5.038035,5.038035,0.000000
13.350000,scenario-defined,0,2,vehicle,0,0,28.929909,173.051230,-28.717411,3.499993,-0.500000,19.444444,-179.999980,1,1.0,50.0,50.0,MONITORING,,,0.000000,0.000000,28.929909,28.929909,0.000000
13.400000,scenario-defined,0,1,vehicle,0,0,6.010236,179.651552,-6.010124,0.036551,-0.500000,19.444444,-179.999980,-1,1.0,50.0,50.0,MONITORING,,,0.000000,0.000000,6.010236,6.010236,0.000000
13.400000,scenario-defined,0,2,vehicle,0,0,29.895221,173.276658,-29.689633,3.499993,-0.500000,19.444444,-179.999980,1,1.0,50.0,50.0,MONITORING,,,0.000000,0.000000,29.895221,29.895221,0.000000
13.450000,scenario-defined,0,1,vehicle,0,0,6.982442,179.700072,-6.982347,0.036551,-0.500000,19.444444,-179.999980,-1,1.0,50.0,50.0,MONITORING,,,0.000000,0.000000,6.982442,6.982442,0.000000
13.450000,scenario-defined,0,2,vehicle,0,0,30.860967,173.487980,-30.661855,3.499993,-0.500000,19.444444,-179.999980,1,1.0,50.0,50.0,MONITORING,,,0.000000,0.000000,30.860967,30.860967,0.000000
13.500000,scenario-defined,0,1,vehicle,0,0,7.954653,179.736731,-7.954569,0.036551,-0.500000,19.444444,-179.999980,-1,1.0,50.0,50.0,MONITORING,,,0.000000,0.000000,7.954653,7.954653,0.000000
13.500000,scenario-defined,0,2,vehicle,0,0,31.827108,173.686475,-31.634077,3.499993,-0.500000,19.444444,-179.999980,1,1.0,50.0,50.0,MONITORING,,,0.000000,0.000000,31.827108,31.827108,0.000000
13.550000,scenario-defined,0,1,vehicle,0,0,8.926866,179.765406,-8.926791,0.036550,-0.500000,19.444444,-179.999980,-1,1.0,50.0,50.0,MONITORING,,,0.000000,0.000000,8.926866,8.926866,0.000000
13.550000,scenario-defined,0,2,vehicle,0,0,32.793608,173.873272,-32.606299,3.499993,-0.500000,19.444444,-179.999980,1,1.0,50.0,50.0,MONITORING,,,0.000000,0.000000,32.793608,32.793608,0.000000
13.600000,scenario-defined,0,1,vehicle,0,0,9.899081,179.788448,-9.899013,0.036550,-0.500000,19.444444,-179.999980,-1,1.0,50.0,50.0,MONITORING,,,0.000000,0.000000,9.899081,9.899081,0.000000
13.600000,scenario-defined,0,2,vehicle,0,0,33.760436,174.049372,-33.578522,3.499993,-0.500000,19.444444,-179.999980,1,1.0,50.0,50.0,MONITORING,,,0.000000,0.000000,33.760436,33.760436,0.000000
13.650000,scenario-defined,0,1,vehicle,0,0,10.871297,179.807369,-10.871235,0.036550,-0.500000,19.444444,-179.999980,-1,1.0,50.0,50.0,MONITORING,,,0.000000,0.000000,10.871297,10.871297,0.000000
13.650000,scenario-defined,0,2,vehicle,0,0,34.727566,174.215665,-34.550744,3.499993,-0.500000,19.444444,-179.999980,1,1.0,50.0,50.0,MONITORING,,,0.000000,0.000000,34.727566,34.727566,0.000000
13.700000,scenario-defined,0,1,vehicle,0,0,11.843514,179.823183,-11.843458,0.036549,-0.500000,19.444444,-179.999980,-1,1.0,50.0,50.0,MONITORING,,,0.000000,0.000000,11.843514,11.843514,0.000000
13.700000,scenario-defined,0,2,vehicle,0,0,35.694973,174.372945,-35.522966,3.499993,-0.500000,19.444444,-179.999980,1,1.0,50.0,50.0,MONITORING,,,0.000000,0.000000,35.694973,35.694973,0.000000
13.750000,scenario-defined,0,1,vehicle,0,0,12.815732,179.836599,-12.815680,0.036549,-0.500000,19.444444,-179.999980,-1,1.0,50.0,50.0,MONITORING,,,0.000000,0.000000,12.815732,12.815732,0.000000
13.750000,scenario-defined,0,2,vehicle,0,0,36.662634,174.521924,-36.495188,3.499993,-0.500000,19.444444,-179.999980,1,1.0,50.0,50.0,MONITORING,,,0.000000,0.000000,36.662634,36.662634,0.000000
13.800000,scenario-defined,0,1,vehicle,0,0,13.787951,179.848122,-13.787902,0.036549,-0.500000,19.444444,-179.999980,-1,1.0,50.0,50.0,MONITORING,,,0.000000,0.000000,13.787951,13.787951,0.000000
13.800000,scenario-defined,0,2,vehicle,0,0,37.630530,174.663240,-37.467410,3.499993,-0.500000,19.444444,-179.999980,1,1.0,50.0,50.0,MONITORING,,,0.000000,0.000000,37.630530,37.630530,0.000000
13.850000,scenario-defined,0,1,vehicle,0,0,14.760170,179.858127,-14.760124,0.036548,-0.500000,19.444444,-179.999980,-1,1.0,50.0,50.0,MONITORING,,,0.000000,0.000000,14.760170,14.760170,0.000000
13.850000,scenario-defined,0,2,vehicle,0,0,38.598644,174.797468,-38.439633,3.499993,-0.500000,19.444444,-179.999980,1,1.0,50.0,50.0,MONITORING,,,0.000000,0.000000,38.598644,38.598644,0.000000
13.900000,scenario-defined,0,1,vehicle,0,0,15.732389,179.866896,-15.732346,0.036548,-0.500000,19.444444,-179.999980,-1,1.0,50.0,50.0,MONITORING,,,0.000000,0.000000,15.732389,15.732389,0.000000
13.900000,scenario-defined,0,2,vehicle,0,0,39.566959,174.925127,-39.411855,3.499993,-0.500000,19.444444,-179.999980,1,1.0,50.0,50.0,MONITORING,,,0.000000,0.000000,39.566959,39.566959,0.000000
13.950000,scenario-defined,0,1,vehicle,0,0,16.704609,179.874644,-16.704569,0.036548,-0.500000,19.444444,-179.999980,-1,1.0,50.0,50.0,MONITORING,,,0.000000,0.000000,16.704609,16.704609,0.000000
13.950000,scenario-defined,0,2,vehicle,0,0,40.535461,175.046686,-40.384077,3.499993,-0.500000,19.444444,-179.999980,1,1.0,50.0,50.0,MONITORING,,,0.000000,0.000000,40.535461,40.535461,0.000000
14.000000,scenario-defined,0,1,vehicle,0,0,17.676829,179.881539,-17.676791,0.036547,-0.500000,19.444444,-179.999980,-1,1.0,50.0,50.0,MONITORING,,,0.000000,0.000000,17.676829,17.676829,0.000000
14.000000,scenario-defined,0,2,vehicle,0,0,41.504138,175.162572,-41.356299,3.499993,-0.500000,19.444444,-179.999980,1,1.0,50.0,50.0,MONITORING,,,0.000000,0.000000,41.504138,41.504138,0.000000
